Course Name,Display Name,City,Zip,Type,Website,Booking Platform,Booking URL,Online Booking,Confidence,Notes
Turkey Creek Golf Course,,Alachua,,Public,https://turkeycreekgolfcourse.com,teeitup,https://tcgc.book.teeitup.com,yes,high,Exact 'Book Now' link target on turkeycreekgolfcourse.com | Region: North Central FL | Phone: (386) 518-6815
The Links at 434,,Altamonte Springs,,Public,,,,unknown,,Not researched - session web-search and web-fetch quotas exhausted; no website on file to fetch directly | Region: Central FL (Orlando) | Phone: (407) 774-4653 | Research 2026-07-29: Both candidate domains are NXDOMAIN and the directory page 404s
River Hall Country Club,,Alva,,Semi-Private,https://www.riverhallcc.com,other:unclaimed-chronogolf,,yes,high,"Live Chronogolf club page confirming River Hall Country Club, 3500 River Hall Parkway, Alva FL, 18 holes par 72. Club's own site has no exposed booking href. | Region: Southwest FL | Verified 2026-07-29 by the real fetch path (probe-results/newly-ready.json): Chronogolf reports this club as an UNCLAIMED directory listing with online_booking disabled, on all three dates probed - the marketplace API returns nothing, so it was erroring on every scrape while sitting at ready. Retagged so the directory sends golfers to the course's own site instead of a dead placeholder. Where it really sells tee times is open work"
Sweetwater Golf & Country Club,,Apopka,,Semi-Private,,,,unknown,,Not researched - session web-search and web-fetch quotas exhausted; no website on file to fetch directly | Region: Central FL (Orlando) | Phone: (407) 880-3888 | Research 2026-07-29: No official domain located
Paradise Golf Course,,Arcadia,,Public,https://paradisegolfcourse.com,foreup,https://foreupsoftware.com/index.php/booking/20845/5851,yes,high,"ForeUp booking ID 20845, schedule 5851, linked from paradisegolfcourse.com (Arcadia FL, formerly Sunnybreeze Palms). | Region: Southwest FL | Phone: (863) 494-2521"
Atlantis Country Club,,Atlantis,,Semi-Private,https://www.atlantiscountryclub.com/,teeitup,https://atlantis-country-club.book.teeitup.com/,yes,high,Link target on club tee-times page; shop (561) 968-1300 | Region: Southeast FL | Phone: (561) 966-7626
The Hamptons Golf & Country Club,,Auburndale,,Semi-Private,https://hamptonsgolfcc.com,other:native,https://hamptonsgolfcc.com,yes,high,Home page has Book Now CTA (GolfNow-style site template) but all subpages return 403; engine URL not captured | Region: Central FL (Orlando) | Phone: (863) 666-8442 | Research 2026-07-29: Own site welcomes public play and carries Book Now; engine URL not exposed
Panther Run Golf Club,,Ave Maria,,Semi-Private,https://www.pantherrungolfclub.com,,,yes,medium,"pantherrungolfclub.com confirmed as Panther Run, Ave Maria FL, but the server times out intermittently and no booking link, nav URLs or phone could be extracted; /golf, /golf-course, /tee-times all unreachable. TeeItUp slugs invalid. Further attempts blocked by WebFetch rate limiting. | Region: Southwest FL | Research 2026-07-29: Manager hampton.golf lists booking at pantherrungolfclub.com/bookteetimes; engine not captured"
The National Golf & Country Club at Ave Maria,,Ave Maria,,Semi-Private,https://www.thenationalgcc.com,ezlinks,https://nationalatavemaria.ezlinksgolf.com/index.html#/search,yes,high,Non-member public link target on thenationalgcc.com/tee-times/; members use nationalatavemariamb.ezlinksgolf.com. Troon-managed. | Region: Southwest FL | Phone: (239) 867-9090
JW Marriott Miami Turnberry Resort & Spa - Miller Course,,Aventura,,Resort,https://www.turnberryislemiami.com/golf,,,unknown,,Resort golf page lists pro shop phone only | Region: Southeast FL | Phone: (305) 933-6929
JW Marriott Miami Turnberry Resort & Spa - Soffer Course,,Aventura,,Resort,https://www.turnberryislemiami.com/golf,,,unknown,,Resort golf page lists pro shop phone only | Region: Southeast FL | Phone: (305) 933-6929
Highlands Ridge Golf Club - North Course,,Avon Park,,Public,https://highlandsridgegolf.com,clubprophet,https://highlandsridgefl.cps.golf/,yes,high,Booking link on highlandsridgegolf.com; single CPS tee sheet covers North Course and The Preserve (South). | Region: Southwest FL | Phone: (863) 453-9991
Highlands Ridge Golf Club - South Course,,Avon Park,,Public,https://highlandsridgegolf.com,clubprophet,https://highlandsridgefl.cps.golf/,yes,high,Booking link on highlandsridgegolf.com; South course is branded 'The Preserve at Highlands Ridge'. Same CPS tee sheet. | Region: Southwest FL | Phone: (863) 453-9991
Pinecrest Golf Club,,Avon Park,,Semi-Private,https://www.golfpinecrest.com,,,no,,"golfpinecrest.com (Avon Park FL, confirmed via Citrus Golf Trail) directs golfers to the 'tee time hotline' at 863-453-7555; no booking link on home, rates or contact pages, and TeeItUp/Chronogolf slugs invalid. | Region: Southwest FL | Phone: (863) 453-7555"
River Greens Golf Course,,Avon Park,,Public,https://www.rgreens.com,,,no,high,"Citrus Golf Trail member; site has Book A Tee Time; TeeItUp slug resolves to live booking SPA | Region: Southwest FL | Phone: (863) 453-5210 | 2026-08-19 dark-course audit: phone / walk-on only, no online booking. rgreens.com: 'Online tee times are not available, please call the pro shop 863-453-5210.'"
Barefoot Bay Golf Course,,Barefoot Bay,,Semi-Private,https://barefootbaygolf.com,teeitup,https://barefoot-bay-golf-course.book.teeitup.com/,yes,high,Course site barefootbaygolf.com confirms Micco/Barefoot Bay FL and links to this TeeItUp subdomain; subdomain returns a live booking SPA (not the 'subdomain does not exist' page). | Region: Space Coast & Treasure Coast | Phone: (772) 664-3174
Bartow Golf Course,,Bartow,,Municipal,https://bartowgolfclub.com,,,no,,Home page loaded with no booking link; tee-time subpages blocked | Region: Central FL (Orlando) | Phone: (863) 533-9183 | Research 2026-07-29: Municipal; own site exposes a phone number and no booking link
Belle Glade Municipal Golf Club,,Belle Glade,,Municipal,https://www.bellegladegov.com/golf,golfnow,https://www.golfnow.com/tee-times/facility/4314-belle-glade-municipal/search,yes,high,City site Schedule a Tee Time button; facility page confirms city | Region: Southeast FL | Phone: (561) 914-6435
Little Pine Golf Course (Pine Ridge Golf Club),,Beverly Hills,,Closed,https://www.pineridgegolfcc.com,,,no,,Official domain pineridgegolfcc.com fails DNS (Cloudflare error 1016); no booking portal could be tied to this 9-hole course | Region: North Central FL | Phone: (352) 746-6177 | Research 2026-07-29: Pine Ridge CC closed for business in 2022; the Little Pine 9 was part of the same facility
Pine Ridge Golf Club,,Beverly Hills,,Closed,https://www.pineridgegolfcc.com,,,no,,"Official domain pineridgegolfcc.com fails DNS (Cloudflare error 1016); generic 'pine-ridge' TeeItUp subdomains exist but could not be tied to the Beverly Hills FL course, so no URL recorded | Region: North Central FL | Phone: (352) 746-6177 | Research 2026-07-29: Course closed for business in 2022; old domains no longer resolve"
Twisted Oaks Golf Club,,Beverly Hills,,Semi-Private,https://twistedoaksgc.com,foreup,https://foreupsoftware.com/index.php/booking/21267/7545#teetimes,yes,high,Exact 'Book Tee Time' link target on twistedoaksgc.com; foreupsoftware.com is robots-blocked to direct fetch | Region: North Central FL | Phone: (352) 746-6257
The Gasparilla Inn & Club Golf Course,,Boca Grande,,Resort,https://www.the-gasparilla-inn.com,,,no,,Golf exclusive to Inn guests and members; site states course offers play without tee times | Region: Southwest FL | Phone: (941) 964-4565
Alan C. Alford Red Reef Family Golf Course,,Boca Raton,,Municipal,https://www.myboca.us/538/Alan-C-Alford-Red-Reef-Family-Golf-Cours,clubcaddie,https://apimanager-cc22.clubcaddie.com/webapi/view/cjedabab,yes,high,Exact link target on City of Boca Raton golf page | Region: Southeast FL | Phone: (561) 391-5014
Boca Dunes Golf & Country Club,,Boca Raton,,Semi-Private,https://www.bocadunes.com,teeitup,https://boca-dunes-golf-and-country-club.book-v2.teeitup.golf/,yes,high,Site returns 403; no TeeItUp subdomain | Region: Southeast FL | Phone: (561) 451-1600 | Research 2026-07-29: bocadunes.com/teetimes/ links this tee sheet directly
Boca Greens Country Club,,Boca Raton,,Semi-Private,,,,unknown,,No official domain resolved; no TeeItUp subdomain | Region: Southeast FL | Phone: (561) 852-8800 | Research 2026-07-29: No official site or booking page reachable
Boca Raton Golf & Racquet Club,,Boca Raton,,Municipal,https://www.myboca.us/2043/Boca-Raton-Golf-Racquet-Club,clubcaddie,https://apimanager-cc22.clubcaddie.com/webapi/view/ajedabab,yes,high,Exact link target on City of Boca Raton reserve page | Region: Southeast FL | Phone: (561) 367-7000
Osprey Point Golf Course,,Boca Raton,,Municipal,https://pbcospreypointgolf.com/,foreup,https://foreupsoftware.com/index.php/booking/21262/7481#/teetimes,yes,high,Linked from course site and PBC golf page | Region: Southeast FL | Phone: (561) 482-2868
Southwinds Golf Course,,Boca Raton,,Municipal,https://discover.pbc.gov/parks/golf/,foreup,https://foreupsoftware.com/index.php/booking/21261/7476#/teetimes,yes,high,Exact link target on PBC parks golf page | Region: Southeast FL | Phone: (561) 483-1305
The Boca Raton Golf Club,,Boca Raton,,Resort,https://www.thebocaraton.com/experiences/golf-course-reimagined/,,,no,,Closed since Apr 7 2026 for redesign; reopens Fall 2026 | Region: Southeast FL | Phone: (855) 874-6551
Dogwood Lakes Golf Club,,Bonifay,,Public,https://dogwoodlakesgolfcourse.com,teesnap,https://dogwoodlakesgc.teesnap.net/,yes,high,"Teesnap portal branded 'Dogwood Lakes Golf Club, FL'; tee sheet showed a temporary maintenance banner at fetch time | Region: Northwest FL (Panhandle) | Phone: (850) 547-4653"
Bonita Fairways Golf Club,,Bonita Springs,,Public,https://bonitafairways.com,other:native,https://bonitafairways.com/book-now/,yes,high,Book Now target on own domain; no separable engine URL exposed | Region: Southwest FL | Phone: (239) 947-9100
Bonita National Golf & Country Club,,Bonita Springs,,Resort,https://bonitanationalgolfcc.com,,,no,medium,"TeeItUp slug resolves to live booking SPA, but club site presents as private/bundled membership and does not link it | Region: Southwest FL | Phone: (239) 692-8832 | 2026-08-19 dark-course audit: no public online tee times. Gated community, full club membership with every home; Troon lists course type Private."
Saltleaf Golf Preserve - The Leaf,,Bonita Springs,,Public,https://saltleafgolf.com,teeitup,https://the-leaf-9-hole-par-3-short-course.book.teeitup.com/?course=18297&holes=9,yes,high,Exact link target on saltleafgolf.com; stale date param stripped | Region: Southwest FL | Phone: (239) 390-4600
Saltleaf Golf Preserve - The Preserve Course,,Bonita Springs,,Public,https://saltleafgolf.com,teeitup,https://the-preserve-18-hole-championship-golf-course.book.teeitup.com/?course=3664,yes,high,Exact link target on saltleafgolf.com; stale date param stripped | Region: Southwest FL | Phone: (239) 390-4600
Spanish Wells Golf & Country Club,,Bonita Springs,,Semi-Private,https://www.spanishwellscountryclub.com,teeitup,https://spanish-wells-country-club.book.teeitup.com/?course=6509,yes,high,Public tee times link on spanishwellscountryclub.com | Region: Southwest FL | Phone: (239) 992-5100
Streamsong Black,,Bowling Green,,Resort,https://streamsongresort.com,rguest,https://book.rguest.com/onecart/golf/courses-v2/974/StreamsongResort,yes,high,One resort portal covers all Streamsong courses | Region: Central FL (Orlando) | Phone: (863) 428-1000
Streamsong Blue,,Bowling Green,,Resort,https://streamsongresort.com,rguest,https://book.rguest.com/onecart/golf/courses-v2/974/StreamsongResort,yes,high,One resort portal covers all Streamsong courses | Region: Central FL (Orlando) | Phone: (863) 428-1000
Streamsong Red,,Bowling Green,,Resort,https://streamsongresort.com,rguest,https://book.rguest.com/onecart/golf/courses-v2/974/StreamsongResort,yes,high,One resort portal covers all Streamsong courses | Region: Central FL (Orlando) | Phone: (863) 428-1000
The Chain at Streamsong,,Bowling Green,,Resort,https://streamsongresort.com/golf/the-chain,rguest,https://book.rguest.com/onecart/golf/courses-v2/974/StreamsongResort,yes,high,One resort portal covers all Streamsong courses | Region: Central FL (Orlando) | Phone: (863) 428-1000
Torrey Oaks RV & Golf Resort,,Bowling Green,,Resort,https://torreyoaksrv.com,,,no,,Resort site has no golf booking page or tee-time system; phone only | Region: Southwest FL | Phone: (863) 773-3157
Cypress Creek Country Club,,Boynton Beach,,Semi-Private,,,,unknown,,Site returned no readable content; identity unconfirmed | Region: Southeast FL | Research 2026-07-29: No official site located
The Links at Boynton Beach - Championship Course,,Boynton Beach,,Municipal,https://www.boynton-beach.org/278/Golf,foreup,https://foreupsoftware.com/index.php/booking/21083,yes,medium,"TeeItUp subdomain resolves to live booking SPA; name exact | Region: Southeast FL | Phone: (561) 742-6501 | 2026-08-19 dark-course audit: left TeeItUp for foreup. foreUP portal titled 'The Links at Boynton Beach - Online Booking'. City page lists phone only, no TeeItUp."
The Links at Boynton Beach - The Family Course,,Boynton Beach,,Municipal,https://www.boynton-beach.org/278/Golf,foreup,https://foreupsoftware.com/index.php/booking/21083,yes,medium,"Same TeeItUp tee sheet; select Family Course | Region: Southeast FL | Phone: (561) 742-6501 | 2026-08-19 dark-course audit: left TeeItUp for foreup. Same foreUP portal as the Championship course, separate schedule."
Westchester Golf & Country Club,,Boynton Beach,,Semi-Private,https://westchestercc.com,,,no,,Booking policy: call pro shop; Noteefy is waitlist only | Region: Southeast FL | Phone: (561) 734-6300
Greens of Manatee Golf Course,,Bradenton,,Public,,,,yes,medium,"greensofmanatee.com is an expired/parked domain; GolfNow course page (101 Cortez Rd W, Bradenton) lists no phone, website or bookable tee times; ran out of WebFetch quota (429) before testing further candidates | Region: Southwest FL | Research 2026-07-29: Open public executive course; former domain expired, engine not captured"
IMG Academy Golf Club,,Bradenton,,Semi-Private,https://www.imgacademygolfclub.com,other:clubhouseonline,https://www.imgacademygolfclub.com/PublicTeeTimes/TeeSheet,yes,high,"ClubHouse Online E3 is NOT the NetCaddy engine our clubessential adapter reads. Measured 2026-07-30: the adapter's endpoint /a_master/net/netcaddy/api/teetimes/Available 404s on this host, and the public tee sheet is /CMSModules/CHO/TeeTimes/PublicTeeTimes.aspx - a Kentico-hosted ASP.NET WebForms page with no JSON API, one form, no times in the initial HTML and a cookie-consent wall in front of it. Retagged off clubessential, which was claiming ""right platform, missing ids"" for a platform we cannot read. Belongs with the ASP.NET postback family alongside the CPS webstore and proshopteetimes | Public tee sheet on own domain, Powered by Jonas Club Software | Region: Southwest FL | Phone: (941) 758-1466"
Legacy Golf Club,,Bradenton,,Public,https://www.lakewoodranchgolf.com,,,no,,legacygolfclub.com now redirects to lakewoodranchgolf.com; The Legacy is a private 4th course of Lakewood Ranch G&CC | Region: Southwest FL | Phone: (941) 907-7067
Manatee County Golf Course,,Bradenton,,Municipal,https://www.golfmanatee.com,other:unclaimed-chronogolf,,yes,high,"Site built on Lightspeed Golf website app; Chronogolf club page confirms Bradenton, FL | Region: Southwest FL | Phone: (941) 792-6773 | Verified 2026-07-29 by the real fetch path (probe-results/newly-ready.json): Chronogolf reports this club as an UNCLAIMED directory listing with online_booking disabled, on all three dates probed - the marketplace API returns nothing, so it was erroring on every scrape while sitting at ready. Retagged so the directory sends golfers to the course's own site instead of a dead placeholder. Where it really sells tee times is open work"
Peridia Golf & Country Club,,Bradenton,,Semi-Private,https://www.peridiagcc.net,teeitup,https://peridia-golf-and-country-club.book.teeitup.com/,yes,high,Link target from peridiagcc.net Book Online page | Region: Southwest FL | Phone: (941) 758-2582
Pinebrook Ironwood Golf Course,,Bradenton,,Public,https://www.pinebrookironwood.com,teeitup,https://pinebrookironwood-golf-club.book.teeitup.com/,yes,high,Link target on course site | Region: Southwest FL | Phone: (941) 792-3288
River Run Golf Links,,Bradenton,,Municipal,https://www.riverrungolflinks.com,teeitup,https://river-run-golf-links.book.teeitup.com/,yes,high,Site has Book Now; TeeItUp slug resolves to live booking SPA | Region: Southwest FL
River Strand Golf & Country Club,,Bradenton,,Semi-Private,https://www.riverstrandgolf.com,,,no,,Club site is member-login only; no public booking engine; TeeItUp slugs not found | Region: Southwest FL | Phone: (941) 708-3837
Stoneybrook at Heritage Harbour Golf Club,,Bradenton,,Public,https://www.heritageharbourgolfclub.com,teeitup,https://heritage-harbour-golf-club.book.teeitup.com/,yes,high,"Now branded Heritage Harbour Golf Club, 8000 Stone Harbour Loop Bradenton; site has Book A Tee Time | Region: Southwest FL | Phone: (941) 746-2696"
The Links at Greenfield Plantation,,Bradenton,,Public,https://www.greenfieldplantationgolf.com,teeitup,https://the-links-at-greenfield-plantation.book.teeitup.com/,yes,high,Link target on course site | Region: Southwest FL | Phone: (941) 747-9432
The Preserve Golf Club,,Bradenton,,Semi-Private,,teeitup,https://the-preserve-golf-club-at-tara.book.teeitup.com/,yes,high,TeeItUp slug matches The Preserve Golf Club at Tara and resolves to live booking SPA | Region: Southwest FL
The River Club,,Bradenton,,Semi-Private,https://riverclub.golf,teeitup,https://the-river-club.book.teeitup.com/,yes,high,Link target on riverclub.golf | Region: Southwest FL | Phone: (941) 751-4211
Timber Creek Golf Course,,Bradenton,,Public,,,,no,medium,"TeeItUp slug resolves to live SPA but course identity not confirmed; no working Bradenton website found | Region: Southwest FL | 2026-08-19 dark-course audit: phone / walk-on only, no online booking. Par-3 inside the Timber Creek condo community; site has no booking link, phone only."
Waterlefe Golf & River Club,,Bradenton,,Semi-Private,https://waterlefegolfandriverclub.com,teeitup,https://waterlefe-golf-and-river-club.book.teeitup.com/,yes,high,"waterlefegolfclub.com and waterlefegolf.com resolve but block crawlers (robots/timeout), so identity and booking engine unconfirmed; TeeItUp slugs waterlefe and waterlefe-golf-club do not exist; WebFetch quota exhausted (429) | Region: Southwest FL | Research 2026-07-29: Booking link published on the club's own site"
Brooksville Country Club,,Brooksville,,Semi-Private,https://brooksvillecc.com,,,no,,All 'Book a Tee Time' buttons on brooksvillecc.com are tel: links to (352) 796-8879. No booking engine referenced anywhere on the site. | Region: Tampa Bay | Phone: (352) 796-8879
Cabot Citrus Farms - Karoo,,Brooksville,,Resort,https://cabot.com/citrusfarms,other:native,https://cabot.com/citrusfarms/book-now/,yes,high,"cabotcitrusfarms.com 302-redirects to cabot.com/citrusfarms; every 'Book Now' CTA including on the Karoo course page targets this URL. JS-rendered engine, no separable third-party booking domain exposed. | Region: Tampa Bay"
Cabot Citrus Farms - Roost,,Brooksville,,Resort,https://cabot.com/citrusfarms,other:native,https://cabot.com/citrusfarms/book-now/,yes,high,Single resort-wide booking page serves all Cabot Citrus Farms courses; JS-rendered engine with no separable third-party booking domain. | Region: Tampa Bay
Cabot Citrus Farms - The Squeeze,,Brooksville,,Resort,https://cabot.com/citrusfarms,other:native,https://cabot.com/citrusfarms/book-now/,yes,high,10-hole course per the site (not a par-3 course). Same resort-wide booking page; JS-rendered engine. | Region: Tampa Bay
Cabot Citrus Farms - The Wedge,,Brooksville,,Resort,https://cabot.com/citrusfarms,other:native,https://cabot.com/citrusfarms/book-now/,yes,high,11-hole par-3 course per the site. Same resort-wide booking page; JS-rendered engine. | Region: Tampa Bay
Hernando Oaks Golf & Country Club,,Brooksville,,Semi-Private,https://www.hernandooaksgc.com,clubcaddie,https://apimanager-cc31.clubcaddie.com/webapi/view/djedabab,yes,high,Exact link target of the 'Book Tee Time' button on hernandooaksgc.com. | Region: Tampa Bay | Phone: (352) 799-9908
Sherman Hills Golf Club,,Brooksville,,Semi-Private,https://shermanhillsgolf.com,teeitup,https://sherman-hills-golf-club.book.teeitup.com/,yes,high,"Site's /teetimes/ page 403s to bots, but the exact-name TeeItUp subdomain loads a live booking SPA. | Region: Tampa Bay | Phone: (352) 544-0990"
Southern Hills Plantation Club,,Brooksville,,Semi-Private,https://southernhillsplantationclub.com,,,no,,Site describes it as a private membership club with a private Pete Dye course; members and accompanied guests only. No public tee sheet anywhere on the site. Villas are separately bookable but no golf availability engine. | Region: Tampa Bay | Phone: (352) 277-5000
Grand Reserve Golf Club,,Bunnell,,Public,https://capstonegolf.net/grand-reserve-course-information/,foreup,https://foreupsoftware.com/index.php/booking/21473/7866#teetimes,yes,high,"grandreservegolfclub.com redirects to the same-named Puerto Rico resort, not the Bunnell FL course; no FL site confirmed | Region: Northeast FL (Jacksonville) | Phone: (386) 313-2966 | Research 2026-07-29: Operator capstonegolf.net lists this ForeUp sheet; full-service public course"
Cape Royal Golf Club,,Cape Coral,,Semi-Private,https://www.caperoyalgolf.com,other:troon,https://troon.com/course/cape-royal-golf-club/reserve-tee-time,yes,high,TeeItUp subdomain active; unique course name | Region: Southwest FL | 2026-08-19 dark-course audit: left TeeItUp for a platform with no adapter. Public players go to Troon's own engine; members use EZLinks.
Coral Oaks Golf Course,,Cape Coral,,Municipal,https://www.coraloaksgolf.com,teeitup,https://coral-oaks-golf-course.book.teeitup.com/,yes,high,Link target on coraloaksgolf.com book-a-tee-time page | Region: Southwest FL | Phone: (239) 573-3100
Hunters Run Golf Course,,Cape Coral,,Semi-Private,https://www.huntersrungolf.com,,,no,,"No website found; candidate domains and slugs failed | Region: Southwest FL | Research 2026-07-29: Own site: no tee times required, walk-on executive course"
Palmetto-Pine Country Club,,Cape Coral,,Semi-Private,https://www.palmettopinecc.com,teeitup,https://palmetto-pine-country-club.play.teeitup.golf,yes,high,Public booking link on club tee times page | Region: Southwest FL | Phone: (239) 574-2141
St. James Bay Golf Club,,Carrabelle,,Resort,https://www.stjamesbay.com,clubprophet,https://stjamesbay.cps.golf/,yes,high,Exact 'Book Tee Time' target on course site; cps.golf blocks crawlers via robots.txt | Region: Northwest FL (Panhandle) | Phone: (850) 697-9606
Casselberry Golf Club,,Casselberry,,Public,https://www.casselberrygolf.com,foreup,https://foreupsoftware.com/index.php/booking/19650/2084#teetimes,yes,high,Exact link target from course site book-tee-times page | Region: Central FL (Orlando) | Phone: (407) 699-9310
Celebration Golf Club,,Celebration,,Public,https://www.celebrationgolf.com,teeitup,https://celebration-golf-club.book.teeitup.golf/,yes,high,Robert Trent Jones Sr./Jr. design; 701 Golf Park Drive. Public tee times. | Region: Central FL (Orlando) | Phone: (407) 566-4653
Mystic Dunes Golf Club,,Celebration,,Resort,https://www.mysticdunesgolf.com,golfwithaccess,https://golfwithaccess.com/course/mystic-dunes-golf-club/reserve-tee-time?filterFacilities=mystic-dunes-golf-club,yes,high,"Gary Koch design at Mystic Dunes, a Hilton Vacation Club; open to public play. | Region: Central FL (Orlando) | Phone: (407) 787-5678"
ChampionsGate Golf Club - International Course,,ChampionsGate,,Resort,https://www.omnihotels.com/hotels/orlando-championsgate/golf,ezlinks,https://championsgate.ezlinksgolf.com/index.html#/preSearch,yes,high,Public/non-member portal covers National and International courses | Region: Central FL (Orlando) | Phone: (407) 787-4653
ChampionsGate Golf Club - National Course,,ChampionsGate,,Resort,https://www.omnihotels.com/hotels/orlando-championsgate/golf,ezlinks,https://championsgate.ezlinksgolf.com/index.html#/preSearch,yes,high,Exact non-guest portal link on Omni's own golf page; portal 403s to bots. Separate member/Champs Club portals exist. | Region: Central FL (Orlando) | Phone: (407) 787-4653
Champs Par 3 Course at ChampionsGate,,ChampionsGate,,Resort,https://www.omnihotels.com/hotels/orlando-championsgate/golf,ezlinks,https://championsgate.ezlinksgolf.com/index.html#/preSearch,yes,medium,Omni site does not confirm the par-3 is bookable in the online portal; it directs par-3 reservations to the pro shop (888) 558-9301. Portal is bot-blocked. | Region: Central FL (Orlando) | Phone: (407) 787-4653
Chiefland Golf & Country Club,,Chiefland,,Semi-Private,https://www.chieflandgcc.com,teeitup,https://chiefland-golf-country-club.book.teeitup.golf/,yes,high,Booking engine embedded on chieflandgcc.com/book-a-tee-time/ | Region: North Central FL | Phone: (352) 493-2375
Grand Lake Golf Course at Sun Retreats Ocala Orange Lake,,Citra,,Resort,https://www.sunoutdoors.com/florida/sun-retreats-ocala-orange-lake,,,no,,Resort FAQ confirms course is open to the public via day passes but offers no online tee sheet; reservations by phone | Region: North Central FL | Phone: (352) 591-1251
Citrus Springs Golf & Country Club,,Citrus Springs,,Semi-Private,,golfnow,https://www.golfnow.com/tee-times/facility/6647-citrus-springs-country-club/search,yes,high,No official site found; citrusspringsgolf.com is an unrelated non-golf domain; TeeItUp subdomains absent | Region: North Central FL | Phone: (352) 489-5045 | Research 2026-07-29: GolfNow facility 6647 is live and bookable; the club's old domain now hosts an unrelated site
Chi Chi Rodriguez Golf Club,,Clearwater,,Municipal,https://www.chichi.org,ezlinks,https://chichi.ezlinksgolf.com/index.html#/search,yes,high,Exact target of 'Book A Tee Time' CTA on chichi.org. | Region: Tampa Bay | Phone: (727) 726-4673
Clearwater Country Club,,Clearwater,,Semi-Private,https://www.clearwatercountryclub.com,teeitup,https://clearwater-country-club.book.teeitup.com/,yes,high,Subdomain returns a live TeeItUp booking SPA (control slug returns 'Booking Engine Not Found'); club site returned 403 on /tee-times so link target not cross-checked. Phone not published on site. | Region: Tampa Bay
Cove Cay Golf Club,,Clearwater,,Semi-Private,https://covecaygolf.com,teeitup,https://cove-cay-country-club.book.teeitup.com/,yes,high,"Website found at covecaygolf.com; page confirms 2612 Cove Cay Dr, Clearwater FL and links to this booking engine. | Region: Tampa Bay | Phone: (727) 535-1406"
The Landings Golf Club,,Clearwater,,Public,https://thelandingsgc.com,teeitup,https://the-landings-golf-club-of-clearwater.book.teeitup.golf/,yes,high,No website found for the Clearwater FL course; thelandingsgolfclub.com/thelandingsgolf.com do not resolve. landingsgolfclub.com and chronogolf.com/club/the-landings-golf-club are a same-named course in Warner Robins GA. A the-landings-golf-club.book.teeitup.com subdomain exists but identity could not be tied to Clearwater. | Region: Tampa Bay | Research 2026-07-29: Own site lists this reservation link for the public par-63 course
Clerbrook Golf & RV Resort,,Clermont,,Resort,https://www.clerbrook.com,teeitup,https://clerbrook-golf-and-rv-resort.book.teeitup.golf/,yes,high,Exact link target on clerbrook.com. | Region: Central FL (Orlando) | Phone: (352) 394-6165
Clermont National Golf Club,,Clermont,,Semi-Private,https://www.clermontnational.com,teeitup,https://the-grove-at-clermont-national.book.teeitup.com/,yes,high,Public booking portal; separate EZLinks portals serve member tiers only. | Region: Central FL (Orlando) | Phone: (352) 995-9095
Green Valley Country Club,,Clermont,,Semi-Private,https://gvcountryclub.net,teeitup,https://green-valley-country-club.book.teeitup.com/?course=2091,yes,high,Exact link target on gvcountryclub.net; stale date param stripped. | Region: Central FL (Orlando) | Phone: (352) 394-2133
Kings Ridge Golf Club - Kings Course,,Clermont,,Semi-Private,https://www.kingsridgegc.com,teeitup,https://kings-ridge-v2.book.teeitup.com/?course=2035%2C2036,yes,high,One portal covers both courses; site's /book-tee-times/ 302-redirects here. | Region: Central FL (Orlando) | Phone: (352) 242-4653
Kings Ridge Golf Club - Ridge Course,,Clermont,,Semi-Private,https://www.kingsridgegc.com,teeitup,https://kings-ridge-v2.book.teeitup.com/?course=2035%2C2036,yes,high,One portal covers both courses; per-course IDs 2035/2036 not individually labeled. | Region: Central FL (Orlando) | Phone: (352) 242-4653
Legends Golf & Country Club,,Clermont,,Semi-Private,https://www.legendsclermontgolf.com,teeitup,https://legends-golf-and-country-club.book.teeitup.com/,yes,high,Exact link target on legendsclermontgolf.com. | Region: Central FL (Orlando) | Phone: (352) 717-1684
Swiss Fairways Golf Club,,Clermont,,Public,https://swiss-fairways.com,teeitup,https://swiss-fairways-golf-club.book.teeitup.com/?course=2162,yes,high,Exact link target on swiss-fairways.com; stale date param stripped. | Region: Central FL (Orlando) | Phone: (352) 429-9065
Clewiston Golf Course,,Clewiston,,Municipal,https://www.clewiston-fl.gov/184/Golf-Course,,,no,,"No course site found; city site has no golf page | Region: Southwest FL | Research 2026-07-29: City policy page: tee times open to the public, no booking engine"
Cocoa Beach Golf Course,,Cocoa Beach,,Municipal,https://www.cocoabeachgolf.com,golfnow,https://www.golfnow.com/tee-times/facility/6479-cocoa-beach-country-club/search,yes,medium,"cocoabeachgolf.com is robots.txt-blocked so link target could not be read; TeeItUp slug for the 'Cocoa Beach Country Club' alias returns a live booking SPA while 'cocoa-beach-golf-course' returns subdomain-not-found. Phone not obtainable without search. | Region: Space Coast & Treasure Coast | 2026-08-19 dark-course audit: left TeeItUp for golfnow. GolfPass shows live GolfNow deals for the 27-hole city facility, reviews dated late Jul and early Aug 2026."
Coconut Creek Golf Course,,Coconut Creek,,Municipal,https://www.coconutcreek.gov/,,,unknown,,"No golf page on city site; no domain or TeeItUp match | Region: Southeast FL | Phone: (954) 973-8760 | Research 2026-07-29: No source shows a public course by this name in Coconut Creek; the city's only golf is two private clubs, so this row may be a mislabel"
Granada Golf Course,,Coral Gables,,Municipal,https://www.coralgables.com/department/community-recreation/granada-golf-course,other:teewire,https://teewire.net/granada/,yes,high,Exact link target on City of Coral Gables page | Region: Southeast FL | Phone: (305) 460-5367
The Biltmore Golf Course,,Coral Gables,,Municipal,https://www.coralgables.com/department/community-recreation/biltmore-golf-course,rguest,https://book.onagilysys.com/onecart/golf/courses/553/biltmorehotel,yes,high,Link target on biltmorehotel.com golf tee times page | Region: Southeast FL | Phone: (305) 460-5364
Eagle Trace Golf Club,,Coral Springs,,Semi-Private,,,,unknown,,eagle-trace TeeItUp slug exists but identity unconfirmed | Region: Southeast FL | Phone: (954) 753-7222 | Research 2026-07-29: Domain now redirects to a for-sale page; operating status unverified
The Country Club of Coral Springs,,Coral Springs,,Public,,teeitup,https://country-club-of-coral-springs.book.teeitup.com/,yes,high,TeeItUp subdomain resolves to live booking SPA; name exact | Region: Southeast FL | Phone: (954) 752-4500
Wakulla Sands Golf Course,,Crawfordville,,Public,https://golfwakulla.com,clubprophet,https://wakullasandsfl.cps.golf/,yes,high,Course's real site is golfwakulla.com (not the RV resort site); booking link taken from its 'Book a Tee Time' button. cps.golf robots-blocked | Region: Northwest FL (Panhandle) | Phone: (850) 926-4653
The Oaks Golf Club,,Crescent City,,Public,https://www.the-oaks-golf.com,teeitup,https://live-oak-golf-and-country-club.play.teeitup.golf/,yes,high,No website in source data; web search and fetch budgets exhausted before lookup | Region: Northeast FL (Jacksonville) | Phone: (386) 467-2512 | Research 2026-07-29: the-oaks-golf.com/teetimes/ links this portal (alias differs from course name)
Blackwater Golf Club,,Crestview,,Public,https://golfatblackwater.com,golfback,https://golfback.com/#/course/1c05615c-f127-4d81-8aec-fe339abd31f8,yes,high,Exact 'Book Online' target on golfatblackwater.com/tee-times; ClubCaddie handles member tee times separately | Region: Northwest FL (Panhandle) | Phone: (850) 806-2350
Plantation on Crystal River - Championship Course,,Crystal River,,Resort,https://www.golfcrystalriver.com,teeitup,https://plantation-on-crystal-river.book.teeitup.com/,yes,high,Golf shop number on site is (352) 795-7211 | Region: North Central FL | Phone: (352) 795-4211
Lake Jovita Golf & Country Club - North Course,,Dade City,,Semi-Private,https://www.lakejovita.com,clubcaddie,https://apimanager-cc37.clubcaddie.com/webapi/view/jjedabab,yes,high,Exact North Course booking link target on lakejovita.com. | Region: Tampa Bay | Phone: (352) 588-9200
Lake Jovita Golf & Country Club - South Course,,Dade City,,Semi-Private,https://www.lakejovita.com,clubcaddie,https://apimanager-cc37.clubcaddie.com/webapi/view/aafdabab,yes,high,Exact South Course booking link target on lakejovita.com. | Region: Tampa Bay | Phone: (352) 588-9200
Scotland Yards Golf Club,,Dade City,,Public,https://scotlandyardsgolf.com,teesnap,https://scotlandyardsgolf.teesnap.net/,yes,high,"Site scotlandyardsgolf.com found and confirms 9424 US Hwy 301, Dade City FL; Teesnap page loads and names the course. Tee-time grid showed a temporary 'unavailable due to maintenance' banner at fetch time. | Region: Tampa Bay | Phone: (352) 567-7600"
Deer Creek Golf & Country Club,,Davenport,,Public,https://deercreekrvgolf.com,other:native,https://deercreekrvgolf.com/reservation-portal-entry/,yes,medium,"Booking widget is JS-injected; vendor domain not exposed in static HTML, so engine could not be identified. | Region: Central FL (Orlando) | Phone: (863) 424-3153"
Highlands Reserve Golf Club,,Davenport,,Public,https://www.highlandsreservegolfclub.com,chronogolf,https://www.chronogolf.com/club/walden-highlands-reserve-golf-club,yes,high,"Own site is behind a JS bot challenge. TeeItUp subdomain resolves to a live booking shell but course identity could not be confirmed from the page. | Region: Central FL (Orlando) | Phone: (863) 420-1724 | 2026-08-19 dark-course audit: left TeeItUp for chronogolf. Live Chronogolf sheet for 500 Highlands Reserve Blvd, Davenport, with operating notes. Peak 2,147 slots."
Polo Park East Golf Club,,Davenport,,Semi-Private,https://www.poloparkeastgolf.com,teeitup,https://polo-park-east.book.teeitup.com/,yes,high,Exact link target on poloparkeastgolf.com. | Region: Central FL (Orlando) | Phone: (863) 424-0093
Polo Park Golf Course,,Davenport,,Public,https://poloparkgolfcourse.com,teeitup,https://polo-park-golf-course.book.teeitup.com/,yes,high,Exact link target on poloparkgolfcourse.com; 14-day booking window. | Region: Central FL (Orlando) | Phone: (863) 424-3341
Providence Golf Club,,Davenport,,Public,https://providence-golf.com,teeitup,https://providence-golf-club.book.teeitup.com/,yes,high,"Site's /request_tt/ page links straight to the TeeItUp tee sheet, not a request form. | Region: Central FL (Orlando) | Phone: (863) 424-7916"
Ridgewood Lakes Golf Club,,Davenport,,Semi-Private,https://www.ridgewoodlakesgolf.com,foreup,,yes,medium,"Site is foreUP-built (footer credit) and its Book Online buttons are JS-driven, so the numeric ForeUp booking ID could not be recovered; no /tee-times or sitemap. Legacy white-heron TeeItUp subdomain still resolves but conflicts with current vendor. Phone booking confirmed. | Region: Central FL (Orlando) | Phone: (863) 424-8688"
Davie Golf Club,,Davie,,Public,https://www.daviegc.com,foreup,https://foreupsoftware.com/index.php/booking/21959/9451,yes,high,Site offers Book Online but link URL not extractable | Region: Southeast FL | Phone: (954) 797-4653 | Research 2026-07-29: daviegc.com Book Online; ForeUp page titled Davie Golf Club - Online Booking
Daytona Beach Golf Club - North Course,,Daytona Beach,,Municipal,https://daytonabeachgc.com,,,no,,daytonabeachgolf.com resolves but every fetch fails on TLS (TLSV1_ALERT_INTERNAL_ERROR) and robots.txt cannot be read; codb.us times out. TeeItUp slugs daytona-beach-golf-club / daytona-beach-golf-course both return subdomain-not-found. No booking engine identified. | Region: Space Coast & Treasure Coast | Phone: (386) 671-3501 | Research 2026-07-29: Own tee-times page: please call the golf shop (our file had a dead domain)
Daytona Beach Golf Club - South Course,,Daytona Beach,,Municipal,https://daytonabeachgc.com,,,no,,"Same facility as id 335: daytonabeachgolf.com unreachable (TLS handshake failure), city site codb.us times out, TeeItUp slugs ruled out. No booking engine identified. | Region: Space Coast & Treasure Coast | Phone: (386) 671-3501 | Research 2026-07-29: Same 36-hole municipal; no online sheet for either course"
LPGA International - Arthur Hills Course,,Daytona Beach,,Semi-Private,https://www.lpgainternational.com/,ezlinks,https://lpgainternational.ezlinksgolf.com/,yes,high,Exact link target from lpgainternational.com tee-times page; engine itself returns 403 to bots. Single booking portal covers both Hills and Jones courses. | Region: Space Coast & Treasure Coast | Phone: (386) 274-5742
LPGA International - Rees Jones Course,,Daytona Beach,,Semi-Private,https://www.lpgainternational.com/,ezlinks,https://lpgainternational.ezlinksgolf.com/,yes,high,Exact link target from lpgainternational.com tee-times page; engine returns 403 to bots. Shared portal with Arthur Hills course. | Region: Space Coast & Treasure Coast | Phone: (386) 274-5742
The Club at Pelican Bay - North Course,,Daytona Beach,,Semi-Private,,teeitup,https://pelican-bay-golf-club.book.teeitup.com/,yes,medium,"Slug returns a live TeeItUp booking SPA, but identity NOT confirmed - other 'Pelican Bay' golf clubs exist and pelicanbaygolfclub.com serves an empty JS shell with no city/phone to cross-check. clubatpelicanbay.com and theclubatpelicanbay.com do not resolve. | Region: Space Coast & Treasure Coast | Phone: (386) 788-6496"
Oceans Golf Club,,Daytona Beach Shores,,Public,https://www.oceansgolfclub.com,,,no,,"Course site states play is first-come, first-served with no tee time system; open to public 7:45am-6:00pm. | Region: Space Coast & Treasure Coast | Phone: (386) 788-2998"
DeBary Golf & Country Club,,DeBary,,Semi-Private,,teeitup,https://debary-golf-and-country-club.book.teeitup.com/,yes,high,"Returns a live TeeItUp booking SPA; 'debary-golf-country-club' variant returns subdomain-not-found. Name is unique to DeBary FL. No working course domain found (debarygolf.com, debarygolfcc.com, debarygolfandcountryclub.com all dead or contentless). | Region: Space Coast & Treasure Coast | Phone: (407) 668-2061"
Glen Abbey Golf Club,,DeBary,,Semi-Private,https://www.glenabbeygolfclub.com,teeitup,https://glen-abbey-golf-club.book-v2.teeitup.golf,yes,high,"Exact link target on glenabbeygolfclub.com/tee-times/ ('open in a new window' link). Site confirms 391 N. Pine Meadow Dr, DeBary FL. Site lists phone (386) 668-4336, differs from registry value. | Region: Space Coast & Treasure Coast | Phone: (386) 668-4336"
Blackstone Golf Course,,DeFuniak Springs,,Public,https://www.blackstonegolfcourse.com,teeitup,https://blackstone-golf-course.book.teeitup.com,yes,high,Exact link target on blackstonegolfcourse.com/tee-times and subdomain confirmed live; homepage still says closed for renovation until Fall 2026 re-opening | Region: Northwest FL (Panhandle) | Phone: (850) 520-4670
Eagle Springs Golf Course,,DeFuniak Springs,,Municipal,https://www.eaglespringsgolf.com,foreup,https://foreupsoftware.com/index.php/booking/20063/3362,yes,high,Course site is JS-rendered and exposes no hrefs; this TeeItUp subdomain is live but not confirmed to be the DeFuniak Springs course | Region: Northwest FL (Panhandle) | Phone: (850) 892-3812 | 2026-08-19 dark-course audit: left TeeItUp for foreup. eaglespringsgolf.com Book A Tee Time goes to foreUP 20063/3362 with current Walton County rates.
Victoria Hills Golf Club,,DeLand,,Public,https://www.victoriahillsgolf.com,teeitup,https://victoria-hills-golf-club.book.teeitup.golf/,yes,high,"Exact public-booking link target on victoriahillsgolf.com/tee-times/; site confirms 300 Spalding Way, DeLand FL. Separate members portal at victoriahillsmb.ezlinksgolf.com (not public). | Region: Space Coast & Treasure Coast | Phone: (386) 738-6000"
Deer Creek Golf Club,,Deerfield Beach,,Semi-Private,https://deercreekflorida.com,teesnap,https://deercreek.teesnap.net/,yes,high,"Book button JS-injected; target URL not exposed | Region: Southeast FL | Phone: (954) 421-5550 | Research 2026-07-29: Own-site tee-times page embeds this Teesnap sheet; public play, no membership"
Boca Delray Golf & Country Club,,Delray Beach,,Semi-Private,https://www.bocadelray.golf,chronogolf,https://www.chronogolf.com/club/boca-delray-golf-country-club,yes,high,Confirmed Delray Beach FL club page | Region: Southeast FL | Phone: (561) 495-1616
Delray Beach Golf Club,,Delray Beach,,Closed,https://www.delraybeachgolfclub.com,teeitup,https://delray-beach-golf-club.book-v2.teeitup.golf/,no,medium,"Closed for renovation; reopens November 2026 | Region: Southeast FL | Phone: (561) 243-7385 | Verified dark 2026-07-29: shut for renovation and serving no tee times, so it is carried as Closed rather than advertising a booking link a golfer cannot use (reopens November 2026); flip back on reopening"
Kings Point Executive Golf Course,,Delray Beach,,Semi-Private,https://kingspointdelraybeachgolf.com,chronogolf,,yes,medium,Lightspeed site; booking link JS-injected | Region: Southeast FL | Phone: (561) 499-0140
Kings Point Par 3 Golf Course,,Delray Beach,,Semi-Private,https://kingspointdelraybeachgolf.com,chronogolf,,yes,medium,Lightspeed site; booking link JS-injected | Region: Southeast FL | Phone: (561) 499-0140
Lakeview Golf Club,,Delray Beach,,Municipal,https://www.lakeviewgcdelray.com,golfnow,,yes,medium,Golf Channel Solutions site; facility ID not exposed | Region: Southeast FL | Phone: (561) 498-3229
The Seagate Golf Club,,Delray Beach,,Resort,https://www.seagatedelray.com,,,no,,Members/hotel guests; reserve via concierge | Region: Southeast FL | Phone: (561) 498-7600
The Deltona Club,,Deltona,,Semi-Private,https://www.thedeltonaclub.com,teeitup,https://deltona-club.book.teeitup.com/,yes,high,"thedeltonaclub.com homepage loads (Bobby Weed design, public access) but all subpages return 403 to bots. TeeItUp slug 'deltona-club' returns a live booking SPA; 'the-deltona-club' returns subdomain-not-found. | Region: Space Coast & Treasure Coast | Phone: (386) 789-4911"
Emerald Bay Golf Club,,Destin,,Semi-Private,https://www.emeraldbaygolfclub.com,teeitup,https://emerald-bay-golf-club.book.teeitup.com/?course=54f14d150c8ad60378b03444,yes,high,Exact 'Book Tee Times Online' target on emeraldbaygolfclub.com/teetimes (stale date param stripped) | Region: Northwest FL (Panhandle) | Phone: (850) 837-5197
Indian Bayou Golf Club,,Destin,,Semi-Private,https://www.indianbayougolf.com,teeitup,https://indian-bayou-golf-club.book.teeitup.com,yes,high,Exact 'Click Here To Book Tee Times' target on course homepage | Region: Northwest FL (Panhandle) | Phone: (850) 837-6191
Kelly Plantation Golf Club,,Destin,,Public,https://www.kellyplantationgolf.com,golfnow,https://www.golfnow.com/tee-times/facility/6168-kelly-plantation-golf-club/search,yes,high,Course's own /book-a-tee-time page links straight to GolfNow facility 6168; page loaded and confirmed | Region: Northwest FL (Panhandle) | Phone: (850) 650-7600
Regatta Bay Golf & Yacht Club,,Destin,,Public,https://www.regattabay.com,teeitup,https://regatta-bay-golf-and-country-club.book.teeitup.golf/teetimes,yes,high,Exact link target on regattabay.com/tee-times | Region: Northwest FL (Panhandle) | Phone: (850) 337-8080
Costa del Sol Golf Club,,Doral,,Public,https://cdsgolfclub.com/,teeitup,https://costa-del-sol-golf-club.book-v2.teeitup.com/,yes,medium,TeeItUp slug valid; identity not confirmed | Region: Southeast FL | Phone: (305) 592-3300
Trump National Doral Miami - Blue Monster,,Doral,,Resort,https://www.trumphotels.com/miami/golf-courses-miami,other:booktrump,https://miami.booktrump.com/tee-times?propertyid=98,yes,high,Resort portal covers all four courses | Region: Southeast FL | Phone: (855) 878-6700
Trump National Doral Miami - Golden Palm,,Doral,,Resort,https://www.trumphotels.com/miami/golf-courses-miami,other:booktrump,https://miami.booktrump.com/tee-times?propertyid=98,yes,high,Resort portal covers all four courses | Region: Southeast FL | Phone: (855) 878-6700
Trump National Doral Miami - Red Tiger,,Doral,,Resort,https://www.trumphotels.com/miami/golf-courses-miami,other:booktrump,https://miami.booktrump.com/tee-times?propertyid=98,yes,high,Resort portal covers all four courses | Region: Southeast FL | Phone: (855) 878-6700
Trump National Doral Miami - Silver Fox,,Doral,,Resort,https://www.trumphotels.com/miami/golf-courses-miami,other:booktrump,https://miami.booktrump.com/tee-times?propertyid=98,yes,high,Resort portal covers all four courses | Region: Southeast FL | Phone: (855) 878-6700
Diamond Hill Golf Club,,Dover,,Public,https://diamondhillclub.com,,,no,,"diamondhillclub.com 'Book A Tee Time' button has an empty href; /tee-times/ page has a booking CTA but no link or iframe. No TeeItUp, Chronogolf or Teesnap subdomain matched. Could not determine an engine URL without search. | Region: Tampa Bay | Phone: (813) 689-7219 | Research 2026-07-29: Own site offers public tee times but pushes booking to a mobile app"
Dunedin Golf Club,,Dunedin,,Municipal,https://www.dunedingolfclub.com,foreup,https://foreupsoftware.com/index.php/booking/22648#/teetimes,yes,high,Exact booking link target on dunedingolfclub.com; schedule ID 22648. | Region: Tampa Bay | Phone: (727) 250-1050
Juliette Falls Golf Club,,Dunnellon,,Public,https://juliettefalls.com,chronogolf,https://www.chronogolf.com/club/juliette-falls-golf-club,yes,high,"Own site embeds the widget; separable TeeItUp portal confirmed to exist | Region: North Central FL | Phone: (352) 522-0309 | 2026-08-19 dark-course audit: left TeeItUp for chronogolf. Live Chronogolf widget, course_id 4679, 6933 SW 179th Ave Rd Dunnellon. Peak 335."
The Preserve Golf Club at Spruce Creek Preserve,,Dunnellon,,Semi-Private,https://preservegolfclub.com,teeitup,https://spruce-creek-preserve-golf-club.book-v2.teeitup.golf,yes,high,No official site located; TeeItUp subdomain absent; web tools exhausted before confirming | Region: North Central FL | Phone: (352) 861-3131 | Research 2026-07-29: Own tee-times page links public play here; member sheet is separate
ZenSprings Golf Club,,Dunnellon,,Public,https://zenspringsgolfclub.com,,,no,,"GoDaddy-builder site renders body via JS; only metadata retrievable, booking engine not discoverable | Region: North Central FL | Research 2026-07-29: Listed public with pro-shop number; single-page site, no booking link"
St. Johns Golf Club,,Elkton,,Municipal,https://sjgc.com,foreup,https://foreupsoftware.com/index.php/booking/21895/9250#teetimes,yes,high,"stjohnsgolf.com is the separate St. Augustine club, not the county-owned Elkton course; correct site not confirmed | Region: Northeast FL (Jacksonville) | Phone: (904) 209-0350 | Research 2026-07-29: St. Johns County's own site links this ForeUp sheet"
Boca Royale Golf & Country Club,,Englewood,,Semi-Private,https://www.bocaroyale.com,,,no,,Jonas member-only site; no public online booking | Region: Southwest FL | Phone: (941) 475-6464
Myakka Pines Golf Club,,Englewood,,Semi-Private,https://www.myakkapinesgolfclub.com,other:native,https://www.myakkapinesgolfclub.com/teetimes/,yes,high,"Subpages return 403; no booking link on homepage | Region: Southwest FL | Phone: (941) 474-1753 | Research 2026-07-29: Own-site tee-times page; engine JS-injected, platform unidentified"
Oyster Creek Golf Club,,Englewood,,Semi-Private,https://www.oystercreekgolfclub.com,teeitup,https://oyster-creek-golf-club.book.teeitup.com/,yes,high,Link target on course site; Englewood FL confirmed | Region: Southwest FL | Phone: (941) 460-8329
Stoneybrook Golf Club,,Estero,,Public,https://www.stoneybrookgolfestero.com,foreup,https://foreupsoftware.com/index.php/booking/22945/12387#teetimes,yes,high,Link target on course site; Estero FL confirmed | Region: Southwest FL | Phone: (239) 948-3933
The Villages at Country Creek,,Estero,,Semi-Private,https://villagesatcountrycreek.org,,,no,,"No site found; candidate domains resolved elsewhere | Region: Southwest FL | Research 2026-07-29: Own site: open to the public May 1 - October 31, pro shop only"
Black Bear Golf Club,,Eustis,,Semi-Private,https://blackbeargolfclub.com,foreup,https://foreupsoftware.com/index.php/booking/20181#/teetimes,yes,high,Exact link target on blackbeargolfclub.com; foreupsoftware.com blocks bot fetches via robots.txt. | Region: Central FL (Orlando) | Phone: (352) 357-4732
Amelia National Golf & Country Club,,Fernandina Beach,,Private,https://amelianationalgolf.com,,,private,,"Homepage exposes no booking engine; lists 904.274.6731 general and 855.214.9967 sales | Region: Northeast FL (Jacksonville) | Phone: (904) 652-0660 | Research 2026-07-29: Guard-gated community club, listed Private"
Fernandina Beach Golf Club,,Fernandina Beach,,Municipal,https://fernandinabeachgolfclub.com,,,yes,medium,"Own site returns 403 to crawlers; web budget exhausted before GolfNow fallback | Region: Northeast FL (Jacksonville) | Phone: (904) 310-3175 | Research 2026-07-29: Municipal 27-hole; own site blocks crawlers, engine not captured"
Little Sandy at Omni Amelia Island Resort,,Fernandina Beach,,Resort,https://www.omnihotels.com/hotels/amelia-island-plantation/golf,teeitup,https://little-sandy-short-course-at-omni-amelia-island-resort-spa.book.teeitup.com/,yes,high,"Omni golf URL resolves to a generic destinations directory; no course-level booking link retrieved | Region: Northeast FL (Jacksonville) | Phone: (904) 277-5907 | Research 2026-07-29: Omni's golf page: open to guests and the public, links this portal"
Oak Marsh at Omni Amelia Island Resort,,Fernandina Beach,,Resort,https://www.omnihotels.com/hotels/amelia-island-plantation/golf,,,no,,"Omni golf URL resolves to a generic destinations directory; no course-level booking link retrieved | Region: Northeast FL (Jacksonville) | Phone: (904) 277-5907 | Research 2026-07-29: Omni: exclusively for resort guests, reserved by calling the golf shop"
The Amelia River Club,,Fernandina Beach,,Semi-Private,https://www.ameliarivergolf.com,other:native,https://www.ameliarivergolf.com,yes,high,"ameliariverclub.com and theameliariverclub.com both return 403 to crawlers; site not confirmed | Region: Northeast FL (Jacksonville) | Phone: (904) 491-8500 | Research 2026-07-29: Own site: Book Online, tee times two weeks ahead; href JS-injected"
The Golf Club at North Hampton,,Fernandina Beach,,Semi-Private,https://gcnorthhampton.com,foreup,https://foreupsoftware.com/index.php/booking/20253/4114#teetimes,yes,high,Exact link target on course site; foreupsoftware.com blocks crawlers | Region: Northeast FL (Jacksonville) | Phone: (904) 548-0000
The Golf Club of Amelia Island,,Fernandina Beach,,Resort,https://www.golfclubofamelia.com,,,no,,Homepage exposes no online booking link; access policy (members/Ritz guests) unconfirmed | Region: Northeast FL (Jacksonville) | Phone: (904) 277-8015 | Research 2026-07-29: Own site: for tee times please call; non-member play allowed
Ocean Palm Golf Course,,Flagler Beach,,Public,https://www.chronogolf.com/club/ocean-palm-golf-course,other:unclaimed-chronogolf,,yes,high,"Chronogolf club page confirmed as the Flagler Beach FL course; serves as its public site too | Region: Northeast FL (Jacksonville) | Phone: (386) 439-2477 | Verified 2026-07-29 by the real fetch path (probe-results/newly-ready.json): Chronogolf reports this club as an UNCLAIMED directory listing with online_booking disabled, on all three dates probed - the marketplace API returns nothing, so it was erroring on every scrape while sitting at ready. Retagged so the directory sends golfers to the course's own site instead of a dead placeholder. Where it really sells tee times is open work"
Eagle Harbor Golf Club,,Fleming Island,,Public,https://www.eagleharborgc.com,,,yes,medium,"Homepage has a Book a Tee Time button but href not exposed; subpages bot-blocked (robots.txt timeout) | Region: Northeast FL (Jacksonville) | Phone: (904) 269-9300 | Research 2026-07-29: Semi-private, public welcome; own booking page crawler-blocked"
The Golf Club at Fleming Island,,Fleming Island,,Public,https://flemingislandgolfclub.com,other:cps-shared,https://sc.cps.golf/FlemingV3/Home/nIndex,yes,high,"Homepage fetched but link hrefs stripped; /golf and /tee-times subpages robots-blocked. No booking engine identified. | Region: Northeast FL (Jacksonville) | Phone: (904) 269-1440 | Research 2026-07-29: Own site links this Club Prophet sheet, but on the SHARED sc.cps.golf host with a path tenant — our clubprophet regex expects <tenant>.cps.golf and would mis-extract tenant=sc, so this is held out of the registry until the adapter handles the shared-host shape"
American Golfers Club,,Fort Lauderdale,,Public,https://www.americangolfersclub.com/,,,unknown,,Site renders JS-only; no booking link retrievable | Region: Southeast FL | Phone: (954) 564-8760 | Research 2026-07-29: Site renders entirely via JavaScript; nothing extractable
Osswald Park Golf Course,,Fort Lauderdale,,Municipal,https://parks.fortlauderdale.gov/parks/parks/osswald-park,,,no,,Park FAQ: does not reserve tee times | Region: Southeast FL | Phone: (954) 828-7275
Oakview Lakes Golf Course,,Fort Meade,,Public,https://oakviewlakes.com/golf/,,,no,,No online booking anywhere on oakviewlakes.com; tee times by phone only. | Region: Central FL (Orlando) | Phone: (863) 285-8151
Alico Family Golf,,Fort Myers,,Closed,https://www.alicofamilygolf.com,,,no,,Site is JS-only; no booking link extractable | Region: Southwest FL | Research 2026-07-29: Local news: closing its doors after 7 years; listed permanently closed
Cross Creek Country Club,,Fort Myers,,Semi-Private,https://crosscreekfl.com,teeitup,https://cross-creek-golf-country-club.book.teeitup.com,yes,high,Candidate domains wrong entities; identity unconfirmed | Region: Southwest FL | Research 2026-07-29: crosscreekfl.com/visit-cross-creek publishes this Public Tee Times link
Eagle Ridge Golf Club,,Fort Myers,,Public,https://www.playeagleridge.com,,,yes,medium,Candidate domains were CA/MN/NJ courses; identity unconfirmed | Region: Southwest FL | Research 2026-07-29: Own site robots-blocked; engine not captured
Eastwood Golf Course,,Fort Myers,,Municipal,https://www.fortmyers.gov,teeitup,https://eastwood-golf-course.book.teeitup.com/,yes,medium,TeeItUp slug active but course identity unconfirmed | Region: Southwest FL
Fort Myers Country Club,,Fort Myers,,Municipal,https://www.fortmyers.gov/1421/Fort-Myers-Country-Club,other:webtrac,https://flfortmyersweb.myvscloud.com/webtrac/web/search.html?module=gr&secondarycode=1,yes,high,City site blocked by robots; TeeItUp slugs invalid | Region: Southwest FL | Research 2026-07-29: City of Fort Myers runs golf tee-time search on its WebTrac portal
Golfview Golf & Recreation Club,,Fort Myers,,Semi-Private,https://www.golfview.club,,,no,,No site found; candidate domains and slugs failed | Region: Southwest FL | Research 2026-07-29: Pro shop page lists hours and phone only
Myerlee Country Club,,Fort Myers,,Semi-Private,,teeitup,https://myerlee-country-club.book.teeitup.com/,yes,high,TeeItUp subdomain active; unique course name | Region: Southwest FL
Pelican Preserve Golf Club,,Fort Myers,,Semi-Private,https://www.pelicanpreservegolfclub.com,,,no,high,"TeeItUp subdomain active; club site is ClubHouse Online | Region: Southwest FL | Phone: (239) 985-1647 | 2026-08-19 dark-course audit: no public online tee times. Heritage Golf Group describes it as private, serving the community's residents."
Riverbend Golf Course,,Fort Myers,,Closed,,,,no,,Candidate domain was a California course; identity unconfirmed | Region: Southwest FL | Research 2026-07-29: Course closed for business; Fort Myers site listed CLOSED
San Carlos Golf Club,,Fort Myers,,Semi-Private,https://www.sancarlosgolfclub.com,teeitup,https://san-carlos-golf-club.book.teeitup.com/,yes,high,Link target on course site; Fort Myers FL confirmed | Region: Southwest FL | Phone: (239) 267-3131
Shell Point Golf Club,,Fort Myers,,Public,https://www.shellpointgolf.com,clubcaddie,https://apimanager-cc37.clubcaddie.com/webapi/view/djedabab,yes,high,TeeItUp subdomain active; unique course name | Region: Southwest FL | 2026-08-19 dark-course audit: left TeeItUp for clubcaddie. shellpointgolf.com says Open to the Public 7 days; booking button goes to a Club Caddie widget with a live sheet. Peak 104.
Terraverde Country Club,,Fort Myers,,Semi-Private,http://terraverdecountryclub.net,,,no,,No site found; candidate domains and slugs failed | Region: Southwest FL | Research 2026-07-29: 9-hole par-3 open to the public; no online sheet
Whiskey Creek Country Club,,Fort Myers,,Semi-Private,https://whiskeycreekcc.com,chronogolf,https://www.chronogolf.com/club/whiskey-creek-country-club,yes,high,Lightspeed site; Chronogolf page matches Fort Myers address | Region: Southwest FL | Phone: (239) 481-3021
Fort Myers Beach Golf Club,,Fort Myers Beach,,Closed,https://www.fmbgolfclub.com,,,no,,Course permanently closed per own site | Region: Southwest FL
Fairwinds Golf Course,,Fort Pierce,,Municipal,https://www.fairwindsgolf.com,clubprophet,https://fairwinds.cps.golf/,yes,medium,"fairwindsgolf.com homepage confirms Treasure Coast / Jim Fazio course and shows a 'Book Tee Times' nav item, but all subpages return 403 so the href could not be read; TeeItUp slug returns a live booking SPA. | Region: Space Coast & Treasure Coast | Phone: (772) 462-4653 | 2026-08-19 dark-course audit: left TeeItUp for clubprophet. St Lucie County course on Club Prophet at fairwinds.cps.golf - subdomain form, which the adapter does build."
Gator Trace Golf & Country Club,,Fort Pierce,,Semi-Private,https://gatortracecountryclub.com,chronogolf,https://www.chronogolf.com/club/gator-trace-golf-country-club,yes,high,"No course domain found - gatortracegolf.com, gatortracegolfclub.com, gatortracecc.com, gatortrace.com, golfgatortrace.com all fail to resolve or serve no content; TeeItUp slugs gator-trace-golf-club and gator-trace-golf-country-club both return subdomain-not-found; Facebook blocked by robots.txt. | Region: Space Coast & Treasure Coast | Phone: (772) 464-0407 | Research 2026-07-29: Own site links its Chronogolf sheet; public play year-round"
Indian Hills Golf Course,,Fort Pierce,,Municipal,,other:webtrac,https://flftpierceweb.myvscloud.com/webtrac/web/search.html?display=detail&module=GR,yes,medium,Slug returns a live TeeItUp booking SPA but identity NOT confirmed - several Indian Hills courses exist nationally (the Riverside CA one uses indian-hills-golf-club). cityoffortpierce.com times out and no Fort Pierce-specific domain resolves. | Region: Space Coast & Treasure Coast | Phone: (772) 465-8110 | 2026-08-19 dark-course audit: left TeeItUp for a platform with no adapter. City of Fort Pierce moved to Vermont Systems WebTrac; 53 tee times listed for 19 Aug. Peak 362. Same platform as the 5 NY WebTrac courses.
Island Pines Golf Club,,Fort Pierce,,Semi-Private,https://www.islandpinesgolf.com,foreup,https://foreupsoftware.com/index.php/booking/index/19479#teetimes,yes,high,"Exact 'BOOK A TEE TIME!' target on islandpinesgolf.com; site confirms 5700 Indian Pines Blvd, Ft. Pierce FL. ForeUp schedule id 19479. | Region: Space Coast & Treasure Coast | Phone: (772) 464-7018"
Meadowood Golf & Tennis Club,,Fort Pierce,,Semi-Private,https://meadowoodgolfandtennis.com,other:buz,https://meadowoodgolfandtennis.com/index.cfm?ID=211,yes,high,"Site confirms 9425 Meadowood Drive, Fort Pierce FL. Tee time page offers member login plus 'public player' login/registration, so public booking exists but is behind an account. Platform footer: 'Powered by Buz Club Software'. Pro shop 772-464-4466. | Region: Space Coast & Treasure Coast | Phone: (772) 466-4000"
Ocean Village Golf Course,,Fort Pierce,,Resort,https://oceanvillage.com,chronogolf,https://www.chronogolf.com/club/ocean-village,yes,high,"No reachable site: oceanvillageclub.com redirects to an unrelated St. Augustine rental property, oceanvillagefl.com does not resolve, TeeItUp slug ocean-village-golf-course returns subdomain-not-found. Resort-community 9-hole with limited public access; likely phone-only but not confirmed. | Region: Space Coast & Treasure Coast | Phone: (772) 467-0102 | Research 2026-07-29: Own site's Click to Book button; sheet is seasonal, reopens December 1"
Spanish Lakes Country Club,,Fort Pierce,,Public,https://www.spanishlakes.com/communities/spanish-lakes-country-club-village/,,,no,,"No domain resolves (spanishlakescc.com, spanishlakesfairways.com) and TeeItUp slug spanish-lakes-country-club returns subdomain-not-found. 55+ community executive course; no phone or website recoverable without search. | Region: Space Coast & Treasure Coast | Research 2026-07-29: 9-hole par-27 listed public; clubhouse phone only"
Fort Walton Beach Golf Club - Oaks Course,,Fort Walton Beach,,Municipal,https://fwbgolf.com,teesnap,https://fwbgc.teesnap.net/,yes,high,"One portal covers both Oaks and Pines; fwb.org/golf lists phone only, booking link is on fwbgolf.com | Region: Northwest FL (Panhandle) | Phone: (850) 833-9528"
Fort Walton Beach Golf Club - Pines Course,,Fort Walton Beach,,Municipal,https://fwbgolf.com,teesnap,https://fwbgc.teesnap.net/,yes,high,One portal covers both Oaks and Pines | Region: Northwest FL (Panhandle) | Phone: (850) 833-9528
Windswept Dunes Golf Club,,Freeport,,Public,https://www.windsweptdunes.com,,,,high,"Card said ""Book online"" and sent the golfer to a WEB STORE: e.cps.golf/WindsweptdunesWebstore/ is the pro-shop store, the identical mistake Musket Ridge (MD) had. Lead for the next pass: on the Geneva Farm pattern the tee sheet is usually the sibling path without ""Webstore"" - try e.cps.golf/WindsweptdunesV3/ and check the page TITLE, not just the status code, because that host serves a 503 error page that reads like a 200 | Only booking target on the course site; cps.golf robots-blocked so the tee sheet itself could not be rendered | Region: Northwest FL (Panhandle) | Phone: (850) 835-1847"
Lily Lake Golf & RV Resort,,Frostproof,,Public,https://www.lilylake.com,,,no,,Site states 'For Tee Times Call: 863-635-2676'; no online booking system. | Region: Central FL (Orlando) | Phone: (863) 635-2676
Ironwood Golf Course,,Gainesville,,Municipal,https://www.ironwoodgolfcourse.org,teeitup,https://ironwood-golf-course.book.teeitup.com/,yes,high,City of Gainesville municipal 18-hole course. | Region: North Central FL | Phone: (352) 393-8500
Magnolia Point Golf & Country Club,,Green Cove Springs,,Semi-Private,https://www.magnoliapointgolfclub.com,,,yes,medium,Homepage fetched but no booking link exposed; /golf subpage robots-blocked. | Region: Northeast FL (Jacksonville) | Phone: (904) 269-9276 | Research 2026-07-29: Own site calls it open to the public; engine not captured
River Bend Golf Links,,Green Cove Springs,,Public,https://www.riverbendgolflinks.com,other:native,https://www.riverbendgolflinks.com,yes,high,"Official site found and confirmed (was missing); has Book Now widget but /tee-times robots-blocked so engine URL unconfirmed. | Region: Northeast FL (Jacksonville) | Phone: (904) 284-8777 | Research 2026-07-29: Own site advertises online booking; subpages crawler-blocked, engine unknown"
Tiger Point Golf Club,,Gulf Breeze,,Public,https://tigerpointgolf.com,foreup,https://foreupsoftware.com/index.php/booking/21031/6537#/teetimes,yes,high,"Owned by City of Gulf Breeze, operated as a public daily-fee 18-hole course | Region: Northwest FL (Panhandle) | Phone: (850) 930-4653"
Southern Dunes Golf & Country Club,,Haines City,,Semi-Private,https://southerndunes.com,clubprophet,https://southerndunes.cps.golf/,yes,high,Exact link target on southerndunes.com; cps.golf blocks bot fetches via robots.txt. | Region: Central FL (Orlando) | Phone: (863) 421-4653
Harmony Golf Preserve,,Harmony,,Public,https://harmonygolfpreserve.com,teeitup,https://harmony-golf-preserve.book.teeitup.com/,yes,high,"Site links to harmony-golf-preserve.play.teeitup.golf, which 302-redirects to this canonical book.teeitup.com host. | Region: Central FL (Orlando) | Phone: (407) 891-8525"
Citrus Hills Golf & Country Club - Meadows Course,,Hernando,,Semi-Private,https://www.citrushillsgolfandcountryclub.com,,,no,high,"Card said ""Book online"" and sent the golfer to a LOGIN WALL, not a tee sheet: members.chronogolf.com/login is Chronogolf's member portal, not a public booking page. Found 2026-07-30 by a URL-shape audit across all five states after Musket Ridge (MD) turned out to be pointing at a pro-shop store. Held as call-to-book until a public booking channel is confirmed; the row was also at needs_ids, because /login yields no club slug to scrape | One portal covers all three Citrus Hills courses; club's only booking link, requires login | Region: North Central FL | Phone: (352) 746-4425"
Citrus Hills Golf & Country Club - Oaks Course,,Hernando,,Semi-Private,https://www.citrushillsgolfandcountryclub.com,,,no,high,"Card said ""Book online"" and sent the golfer to a LOGIN WALL, not a tee sheet: members.chronogolf.com/login is Chronogolf's member portal, not a public booking page. Found 2026-07-30 by a URL-shape audit across all five states after Musket Ridge (MD) turned out to be pointing at a pro-shop store. Held as call-to-book until a public booking channel is confirmed; the row was also at needs_ids, because /login yields no club slug to scrape | One portal covers all three Citrus Hills courses; club's only booking link, requires login | Region: North Central FL | Phone: (352) 746-4425"
Skyview at Terra Vista,,Hernando,,Semi-Private,https://www.citrushillsgolfandcountryclub.com,,,no,high,"Card said ""Book online"" and sent the golfer to a LOGIN WALL, not a tee sheet: members.chronogolf.com/login is Chronogolf's member portal, not a public booking page. Found 2026-07-30 by a URL-shape audit across all five states after Musket Ridge (MD) turned out to be pointing at a pro-shop store. Held as call-to-book until a public booking channel is confirmed; the row was also at needs_ids, because /login yields no club slug to scrape | One portal covers all three Citrus Hills courses; club's only booking link, requires login | Region: North Central FL | Phone: (352) 746-4425"
Country Club of Miami - East Course,,Hialeah,,Closed,https://www.golfccmiami.com/,ezlinks,https://ccofmiami.ezlinksgolf.com/index.html#/search,no,medium,"Closed for renovation from April 6, 2026 | Region: Southeast FL | Phone: (305) 829-8456 | Verified dark 2026-07-29: shut for renovation and serving no tee times, so it is carried as Closed rather than advertising a booking link a golfer cannot use (no reopening date announced; county says an update is expected toward the end of 2026); flip back on reopening"
Country Club of Miami - West Course,,Hialeah,,Closed,https://www.golfccmiami.com/,ezlinks,https://ccofmiami.ezlinksgolf.com/index.html#/search,no,medium,"Closed for renovation from April 6, 2026 | Region: Southeast FL | Phone: (305) 829-8456 | Verified dark 2026-07-29: shut for renovation and serving no tee times, so it is carried as Closed rather than advertising a booking link a golfer cannot use (no reopening date announced; county says an update is expected toward the end of 2026); flip back on reopening"
Eaglewood Golf Course,,Hobe Sound,,Semi-Private,,,,no,medium,"Slug returns a live TeeItUp booking SPA, but identity NOT confirmed. eaglewoodgolf.com is the Eaglewood in North Salt Lake UT (uses MemberSports, so it is not this TeeItUp site), which makes Hobe Sound likely - but no Hobe Sound domain resolves to corroborate. | Region: Space Coast & Treasure Coast | Phone: (772) 546-8100 | 2026-08-19 dark-course audit: no public online tee times. Part of the private Eaglewood 55+ community; outside green fees not applicable."
Heritage Ridge Golf Club,,Hobe Sound,,Semi-Private,https://www.heritageridgegolf.com/,foreup,https://foreupsoftware.com/index.php/booking/22965#/teetimes,yes,high,Exact 'Book Tee Time' link target on course site; ForeUp blocks bots so URL confirmed via link target. | Region: Space Coast & Treasure Coast | Phone: (772) 546-2800
Lost Lake Golf Club,,Hobe Sound,,Private,https://theclubatlostlake.com,,,private,,"Official site is lostlakegolfclub.com (apex only; www does not resolve). Home page confirms Hobe Sound FL and shows a 'Book a tee time now' CTA, but the page is JS-rendered so no href is exposed and all subpaths returned robots.txt fetch errors. No TeeItUp subdomain exists for any tried slug. | Region: Space Coast & Treasure Coast | Phone: (772) 220-6666 | Research 2026-07-29: Now trades as The Club at Lost Lake: Now a Private Club, member-only"
Eco Golf Club,,Hollywood,,Public,https://ecogolfclub.com/,teeitup,https://eco-golf-club.book-v2.teeitup.com/,yes,medium,TeeItUp slug valid; identity not confirmed | Region: Southeast FL | Phone: (954) 922-8755
Hollywood Beach Golf Club,,Hollywood,,Resort,https://www.hollywoodbeachgolf.com/,foreup,https://foreupsoftware.com/index.php/booking/20166/3824,yes,medium,TeeItUp slug valid; course site JS-blocked | Region: Southeast FL | Phone: (954) 927-1751 | 2026-08-19 dark-course audit: left TeeItUp for foreup. foreUP portal 'Hollywood Beach Golf Club - Online Booking'. Own site tee-times page is a JS redirect stub.
Orangebrook Golf & Country Club - East Course,,Hollywood,,Municipal,https://www.orangebrook.com/,teeitup,https://orangebrook-golf-country-club.book-v2.teeitup.com/,yes,high,Public portal; stale date/course params stripped | Region: Southeast FL | Phone: (954) 967-4653
Orangebrook Golf & Country Club - West Course,,Hollywood,,Municipal,https://www.orangebrook.com/,teeitup,https://orangebrook-golf-country-club.book-v2.teeitup.com/,yes,high,Public portal; stale date/course params stripped | Region: Southeast FL | Phone: (954) 967-4653
The Club at Emerald Hills,,Hollywood,,Semi-Private,https://theclubatemeraldhills.com/,teeitup,https://the-club-at-emerald-hills.play.teeitup.com/,yes,high,Exact link target on course site | Region: Southeast FL | Phone: (954) 961-4000
Redland Golf & Country Club,,Homestead,,Semi-Private,https://redlandgolf.com/,,,no,low,Book link empty on site; tel link for booking | Region: Southeast FL | Phone: (305) 247-8503
Citrus National Golf Club,,Homosassa,,Semi-Private,https://citrusnational.com,foreup,https://foreupsoftware.com/index.php/booking/22735#/teetimes,yes,high,Exact link target on citrusnational.com; ForeUp blocks direct fetch via robots.txt | Region: North Central FL | Phone: (352) 382-5996
Mission Resort + Club - El Campeon Course,,Howey-in-the-Hills,,Resort,https://www.missionresortandclubgolf.com,golfback,https://golfback.com/#/course/5379e760-2a4b-4d0a-8b35-c619b8f3f32c,yes,high,Per-course Golfback ID; exact link target on missionresortandclubgolf.com. | Region: Central FL (Orlando) | Phone: (352) 324-3885
Mission Resort + Club - Las Colinas Course,,Howey-in-the-Hills,,Resort,https://www.missionresortandclubgolf.com,golfback,https://golfback.com/#/course/b35f41c7-d63d-4017-b477-83600ee73314,yes,high,Per-course Golfback ID; exact link target on missionresortandclubgolf.com. | Region: Central FL (Orlando) | Phone: (352) 324-3885
Beacon Woods Golf Club,,Hudson,,Public,http://beaconwoodsgolf.com,teeitup,https://beacon-woods-golf-club.book.teeitup.com/,yes,high,Course site beaconwoodsgolf.com is unfetchable (self-signed TLS cert). TeeItUp subdomain returns a live booking SPA; slug matches the club name exactly and Beacon Woods GC is unique to Hudson FL. | Region: Tampa Bay | Phone: (727) 868-9528
Heritage Pines Country Club,,Hudson,,Private,https://heritagepines.net,,,private,,"heritagepines.net Golf page states reservations can be made online, but the reservation link sits behind a resident/member portal and no engine URL is exposed. No TeeItUp or Chronogolf match. Phone filled from site. | Region: Tampa Bay | Phone: (727) 861-7784 | Research 2026-07-29: Own site: the course is not open to the public"
Meadow Oaks Golf & Country Club,,Hudson,,Semi-Private,https://www.meadowoakscountryclub.com,chronogolf,https://www.chronogolf.com/club/meadow-oaks-golf-country-club,yes,high,"Club site is a JS-only redirect wall so link target unreadable; TeeItUp subdomain returns a live booking SPA and the slug matches the club's own domain name. | Region: Tampa Bay | Phone: (727) 856-2878 | 2026-08-19 dark-course audit: left TeeItUp for chronogolf. Live Chronogolf sheet, 13125 Fairwinds Rd Hudson, with current course notes. Peak 584."
Gator Lakes Golf Course,,Hurlburt Field,,Public,https://myhurlburt.com/gator-lakes-golf-course/,,,no,medium,"myhurlburt.com page lists phone only; this TeeItUp subdomain is live but not linked from the base site, so course match is inferred | Region: Northwest FL (Panhandle) | Phone: (850) 881-2251 | 2026-08-19 dark-course audit: no public online tee times. Hurlburt Field. Books on gatorlakes.cps.golf but an account must be created in person; base access required."
Indian Lake Estates Golf & Country Club,,Indian Lake Estates,,Semi-Private,https://www.indianlakeestatesinc.com,teeitup,https://indian-lake-estates-golf-club.book.teeitup.com/,yes,high,Verified operating (events calendar through late 2026). 18-hole championship course plus a 9-hole par 3; open to residents and visitors. | Region: Central FL (Orlando) | Phone: (863) 692-1514
Indianwood Golf & Country Club,,Indiantown,,Public,https://indianwoodgolfclub.com,teeitup,https://indianwood-golf-and-country-club.book.teeitup.com,yes,high,"No official domain found. Tried indianwoodgolf.com, indianwoodgolfcc.com, indianwoodcc.com, indianwoodcountryclub.com - none resolve. WebSearch unavailable. | Region: Space Coast & Treasure Coast | Research 2026-07-29: indianwoodgolfclub.com/book-tee-time/ links its own portal"
Inverness Golf & Country Club,,Inverness,,Semi-Private,https://golfinverness.com,other:eagleclubsystems,https://player.eagleclubsystems.online/#/tee-slot?dbname=Icc20230415,yes,high,Exact tee-sheet link target on golfinverness.com | Region: North Central FL | Phone: (352) 637-2526
LakeSide Country Club,,Inverness,,Closed,https://www.lakesideccgolf.com,,,no,,"lakesideccgolf.com serves unrelated filler content, likely expired/parked; no booking link found | Region: North Central FL | Phone: (352) 726-1461 | Research 2026-07-29: Course closed for business in 2025 (4555 E Windmill Dr, Inverness)"
ZenWoods Golf Club,,Inverness,,Public,https://www.zenwoodsgolfclub.com,golfnow,https://www.golfnow.com/tee-times/facility/11112-zenwoods-golf-club/search,yes,high,"GoDaddy-builder site renders body via JS; only metadata retrievable, booking engine not discoverable | Region: North Central FL | Research 2026-07-29: GolfNow facility 11112 live with priced inventory; own site exposes no booking URL"
Cheeca Lodge & Spa Golf Course,,Islamorada,,Resort,https://www.cheeca.com/experience/golf-tennis,,,no,,"Resort guests only; first-come, no tee times | Region: Southeast FL | Phone: (305) 664-4651"
Bent Creek Golf Course,,Jacksonville,,Municipal,https://www.golfbentcreek.com,golfwithaccess,https://troon.com/course/bent-creek-golf-course-fl/reserve-tee-time,yes,high,Exact link target on course's own book-a-tee-time page; troon.com robots-blocked for direct fetch. | Troon-managed; the troon.com reserve page fronts the Golf With Access widget (course uuid needs probe) | Region: Northeast FL (Jacksonville) | Phone: (904) 779-0800
Blue Cypress Golf Course,,Jacksonville,,Municipal,https://www.golfbluecypress.com,teeitup,https://blue-cypress-gc-jacksonvilles-premier-9-hole-facility.book.teeitup.com/,yes,high,City park short course in Arlington; expanded to 12 holes in 2025 | Region: Northeast FL (Jacksonville) | Phone: (904) 204-3965
Blue Sky Golf Club,,Jacksonville,,Public,https://golfbluesky.com,tenfore,https://fox.tenfore.golf/bluesky,yes,high,"Homepage fetched but hrefs stripped; /tee-times, /book-a-tee-time and /rates all robots-blocked. | Region: Northeast FL (Jacksonville) | Phone: (904) 446-2899 | Research 2026-07-29: Own site's tee-time link points to this TenFore portal"
Brentwood Golf Course,,Jacksonville,,Municipal,https://www.brentwoodgolfcourse.com,golfwithaccess,https://troon.com/course/brentwood-golf-course/reserve-tee-time,yes,high,Exact link target on course's own book-a-tee-time page; troon.com robots-blocked for direct fetch. | Troon-managed; the troon.com reserve page fronts the Golf With Access widget (course uuid needs probe) | Region: Northeast FL (Jacksonville) | Phone: (904) 924-0401
Hidden Hills Golf Club,,Jacksonville,,Public,https://www.hiddenhillsgc.com,other:native,https://www.hiddenhillsgc.com/teetimes/,yes,high,Homepage has Book Now button but href not exposed; /tee-times returns 403. | Region: Northeast FL (Jacksonville) | Phone: (904) 641-8121 | Research 2026-07-29: Membership no longer required; own-site tee-times page hosts the engine
Hyde Park Golf Club,,Jacksonville,,Public,https://hydeparkgolfclub.com,,,no,,"No website on record; WebSearch quota exhausted before task start so official site could not be located. | Region: Northeast FL (Jacksonville) | Phone: (904) 786-5410 | Research 2026-07-29: Active per PGA listing; own site stale, no booking engine"
Queen's Harbour Yacht & Country Club,,Jacksonville,,Private,https://qhycc.com,,,private,,"Gated private-community club; own site shows no public booking engine. Pro shop (904) 221-8865. GolfNow facility page could not be located to confirm. | Region: Northeast FL (Jacksonville) | Phone: (904) 221-1012 | Research 2026-07-29: Gated community; homeowners may join the club, no public sheet"
Windsor Parke Golf Club,,Jacksonville,,Semi-Private,https://windsorparke.com,golfback,https://golfback.com/#/course/5a90fb0c-b928-43f0-9486-d5d43c03d25d,yes,high,Site footer confirms Powered by GOLFBACK. | Region: Northeast FL (Jacksonville) | Phone: (904) 223-4653
Jacksonville Beach Golf Club,,Jacksonville Beach,,Municipal,https://jaxbchgolf.com,other:eagleclubsystems,https://player.eagleclubsystems.online/#/tee-slot?dbname=jaxbeach20260601,yes,high,Link target on course's tee-time page; dbname param appears season-dated and may rotate. | Region: Northeast FL (Jacksonville) | Phone: (904) 247-6184
Jensen Beach Golf Club,,Jensen Beach,,Semi-Private,https://jensenbeachgc.com,golfback,https://golfback.com/#/course/5853a72e-5a10-4791-97d0-84f1ae85c6de,yes,high,No official domain found. jensenbeachgolf.com does not resolve; jensenbeachgolfclub.com is a parked/unrelated site. jensen-beach.book.teeitup.com does not exist. WebSearch unavailable. | Region: Space Coast & Treasure Coast | Research 2026-07-29: Own tee-times page sends public golfers to GolfBack; ClubCaddie/ForeUp links there are member-only
Abacoa Golf Club,,Jupiter,,Public,https://www.abacoagolfclub.com/,foreup,https://foreupsoftware.com/index.php/booking/20120/3710#/teetimes,yes,high,ForeUp link from course site | Region: Southeast FL | Phone: (561) 622-0036
Jupiter Dunes Golf Club,,Jupiter,,Public,,,,unknown,,"Domain lapsed (parked at HugeDomains); confirm by phone | Region: Southeast FL | Phone: (561) 746-6654 | Research 2026-07-29: Domain redirects to a for-sale page, consistent with closure but not independently confirmed"
The Golf Club of Jupiter,,Jupiter,,Semi-Private,https://www.golfclubofjupiter.com/,other:native,https://members.golfclubofjupiter.com,yes,high,Book Tee Time target on own site; portal blocks fetch | Region: Southeast FL | Phone: (561) 747-6262
Crandon Golf at Key Biscayne,,Key Biscayne,,Municipal,https://www.golfcrandon.com/,ezlinks,https://crandon.ezlinksgolf.com/index.html#/search,yes,high,EZLinks link on course tee-times page | Region: Southeast FL | Phone: (305) 361-9129
Key Colony Beach Par-3 Golf Course,,Key Colony Beach,,Municipal,https://keycolonybeach.net/recreation/,,,no,,City walk-on par-3; no online tee times found | Region: Southeast FL | Phone: (305) 289-9859
Key West Golf Club,,Key West,,Public,https://keywestgolf.com/,teeitup,https://key-west-golf-club.book.teeitup.com/,yes,high,TeeItUp link on course site | Region: Southeast FL | Phone: (305) 294-5232
Crane's Bend at Orange Lake Resort,,Kissimmee,,Resort,https://orangelakegolf.com,golfback,https://golfback.com/#/course/64eb6614-b434-43c0-9812-c44d96b32629,yes,high,One Golfback portal covers all four Orange Lake courses; per-course URL | Region: Central FL (Orlando) | Phone: (407) 239-1050
Falcon's Fire Golf Club,,Kissimmee,,Public,https://www.falconsfire.com,other:ibsvision,https://www.goibsvision.com/WebRes/Club/FalconsFireGolfClub/Browse,yes,medium,Own site bot-blocked; TeeItUp subdomain resolves to a live tee sheet | Region: Central FL (Orlando) | Phone: (407) 239-5445 | 2026-08-19 dark-course audit: left TeeItUp for a platform with no adapter. Resident and non-resident booking both feed IBS Vision portals.
Kissimmee Bay Country Club,,Kissimmee,,Semi-Private,https://www.golfkissimmeebay.com,teeitup,https://kissimmee-bay-country-club.book.teeitup.com/?course=9093,yes,high,"Despite the name, welcomes public online tee times; memberships also offered. | Region: Central FL (Orlando) | Phone: (407) 348-4653"
Legends Walk at Orange Lake Resort,,Kissimmee,,Resort,https://orangelakegolf.com,golfback,https://golfback.com/#/course/91d3959f-6ada-4c60-8ab1-994f571ad649,yes,high,One Golfback portal covers all four Orange Lake courses; per-course URL | Region: Central FL (Orlando) | Phone: (407) 239-1050
Oaks National Golf Club,,Kissimmee,,Public,https://oaksnationalgolfclub.com,teeitup,https://oaks-national-golf-club.book.teeitup.com/?course=1690,yes,high,Current official name; formerly Kissimmee Oaks Golf Club. 1500 The Oaks Blvd. Distinct from the closed Kissimmee Golf Club. | Region: Central FL (Orlando) | Phone: (407) 483-3700
Remington Golf Club,,Kissimmee,,Public,https://www.golfremington.com,teeitup,https://remington-golf-club.book.teeitup.com/?course=1996,yes,high,Same operator as Kissimmee Bay; separate TeeItUp portal | Region: Central FL (Orlando) | Phone: (407) 344-4004
The Legends at Orange Lake Resort,,Kissimmee,,Resort,https://orangelakegolf.com,golfback,https://golfback.com/#/course/80ba7e9c-daeb-4289-9107-4d965dce3f74,yes,high,One Golfback portal covers all four Orange Lake courses; per-course URL | Region: Central FL (Orlando) | Phone: (407) 239-1050
The Reserve at Orange Lake Resort,,Kissimmee,,Resort,https://orangelakegolf.com,golfback,https://golfback.com/#/course/a1fdad6d-4034-40ba-81f4-cfc9c2239a87,yes,high,One Golfback portal covers all four Orange Lake courses; per-course URL | Region: Central FL (Orlando) | Phone: (407) 239-1050
Oxbow Golf Club at Port LaBelle Inn,,LaBelle,,Public,http://www.oxbowgolf.com,,,unknown,,"oxbowgolf.com now parked/for sale; no live site | Region: Southwest FL | Research 2026-07-29: Domain now parked/for-sale and one directory says closed, but another still lists an active phone — status genuinely conflicting"
Harbor Hills Country Club,,Lady Lake,,Semi-Private,https://www.harborhills.com,other:clubhouseonline,https://harborhillsclub.clubhouseonline-e3.club/PublicTeeTimes/TeeSheet.aspx,yes,high,"ClubHouse Online E3 is NOT the NetCaddy engine our clubessential adapter reads. Measured 2026-07-30: the adapter's endpoint /a_master/net/netcaddy/api/teetimes/Available 404s on this host, and the public tee sheet is /CMSModules/CHO/TeeTimes/PublicTeeTimes.aspx - a Kentico-hosted ASP.NET WebForms page with no JSON API, one form, no times in the initial HTML and a cookie-consent wall in front of it. Retagged off clubessential, which was claiming ""right platform, missing ids"" for a platform we cannot read. Belongs with the ASP.NET postback family alongside the CPS webstore and proshopteetimes | Public tee sheet page; 9-hole and 5+ player bookings by phone | Region: Central FL (Orlando) | Phone: (352) 753-7711"
Orange Blossom Hills Golf & Country Club,,Lady Lake,,Semi-Private,https://www.thevillages.com/golf/championship/orange-blossom-hills/,,,no,,Villages tee-time system is the thevillages.net resident portal (login required); non-residents book by phone | Region: Central FL (Orlando) | Phone: (352) 753-5200
The Lakes Golf Club,,Lady Lake,,Public,https://www.lakesgc.com,teeitup,https://the-lakes-gc.book.teeitup.com/,yes,high,"9 holes, par 30; no membership required. Currently walking-only (no cart fleet). County confirmed Lake. | Region: Central FL (Orlando) | Phone: (352) 750-4474"
Water Oak Golf Club,,Lady Lake,,Public,https://www.wateroakgolf.net,teeitup,https://water-oak-golf-club.book.teeitup.com/,yes,high,"18 holes, par 70; explicitly open to the public with a published 2026 public rate card. Sun Communities property. | Region: Central FL (Orlando) | Phone: (352) 561-3337"
Cypress Greens Golf Course,,Lake Alfred,,Public,https://cypressgreensgolf.com,teeitup,https://cypress-greens.book.teeitup.com/,yes,high,"9-hole regulation course, par 35, in a Sun Communities 55+ community; takes public tee times. | Region: Central FL (Orlando) | Phone: (863) 259-1053"
Disney's Lake Buena Vista Golf Course,,Lake Buena Vista,,Resort,https://www.golfwdw.com,other:native,https://www.golfwdw.com/day-guest-tee-times,yes,high,golfwdw.com bot-blocked (robots); booking engine not identified before fetch budget exhausted | Region: Central FL (Orlando) | Phone: (407) 939-4653 | Research 2026-07-29: Same golfwdw.com day-guest wizard
Disney's Magnolia Golf Course,,Lake Buena Vista,,Resort,https://www.golfwdw.com,other:native,https://www.golfwdw.com/day-guest-tee-times,yes,high,"golfwdw.com bot-blocked (robots); booking engine not identified before fetch budget exhausted | Region: Central FL (Orlando) | Phone: (407) 939-4653 | Research 2026-07-29: golfwdw.com sells day-guest tee times through its own booking wizard, 90 days out"
Disney's Oak Trail Golf Course,,Lake Buena Vista,,Resort,https://www.golfwdw.com,other:native,https://www.golfwdw.com/day-guest-tee-times,yes,high,golfwdw.com bot-blocked (robots); booking engine not identified before fetch budget exhausted | Region: Central FL (Orlando) | Phone: (407) 939-4653 | Research 2026-07-29: Same golfwdw.com day-guest wizard
Disney's Palm Golf Course,,Lake Buena Vista,,Resort,https://www.golfwdw.com,other:native,https://www.golfwdw.com/day-guest-tee-times,yes,high,golfwdw.com bot-blocked (robots); booking engine not identified before fetch budget exhausted | Region: Central FL (Orlando) | Phone: (407) 939-4653 | Research 2026-07-29: Same golfwdw.com day-guest wizard
Tranquilo Golf Club at Four Seasons Resort Orlando,,Lake Buena Vista,,Resort,https://www.fourseasons.com/orlando/golf,,,no,,"Four Seasons golf page shows no public online tee sheet; play limited to resort guests/members, booked via resort | Region: Central FL (Orlando) | Phone: (407) 313-6880"
Quail Heights Country Club,,Lake City,,Semi-Private,https://www.quailheightscc.com,teesnap,https://quailheightscc.teesnap.net,yes,high,Open to members and the public | Region: Northeast FL (Jacksonville) | Phone: (386) 752-3339
The Country Club at Lake City,,Lake City,,Semi-Private,https://www.thecountryclubatlakecity.com,teeitup,https://the-country-club-at-lake-city.book.teeitup.com/,yes,high,Homepage advertises Book Your Tee Time Online but href not exposed; /tee-times returns 403. | Region: Northeast FL (Jacksonville) | Phone: (386) 752-2266 | Research 2026-07-29: Own site embeds this engine with an open-in-new-window fallback link
Links of Lake Mary,,Lake Mary,,Semi-Private,https://linkslakemary.com,foreup,https://foreupsoftware.com/index.php/booking/21092#/teetimes,yes,high,Formerly Timacuan Golf & Country Club; 550 Timacuan Blvd. Club welcomes public play; nines reversed in a recent renovation. | Region: Central FL (Orlando) | Phone: (407) 321-0010
Lake June West Golf Course,,Lake Placid,,Closed,,,,no,,No website found; candidate domains do not resolve | Region: Southwest FL | Research 2026-07-29: Course closed for business
Placid Lakes Country Club,,Lake Placid,,Public,https://placidlakescountryclub.com,teesnap,https://placidlakescc.teesnap.net/,yes,high,Link target on club site; open to public | Region: Southwest FL | Phone: (863) 465-1626
Aileron Golf Club,,Lake Suzy,,Resort,https://www.sunseekerresort.com/play/golf,foreup,https://foreupsoftware.com/index.php/booking/22320/10435,yes,high,Sunseeker Resort hotel guests only | Region: Southwest FL | Phone: (833) 909-5700
Lake Wales Country Club,,Lake Wales,,Semi-Private,https://lakewalescountryclub.com,golfback,https://golfback.com/#/course/6a10ada0-173b-4b28-9dee-7f2331d61caa,yes,high,18-hole Donald Ross design (1926); advertises public tee times alongside memberships. | Region: Central FL (Orlando) | Phone: (863) 676-2422
Oakwood Golf Club,,Lake Wales,,Closed,https://www.oakwoodgolfcourse.net,teeitup,https://oakwood-golf-club.book.teeitup.com/,yes,medium,"Own site tee-times page bot-blocked; TeeItUp subdomain resolves to a live tee sheet | Region: Central FL (Orlando) | Phone: (863) 676-8558 | 2026-08-19 dark-course audit: CLOSED. GolfPass says closed 2020 and the domain is for sale, but other directories still list it. Worth a phone call to 863-676-8558."
Atlantic National Golf Club,,Lake Worth,,Public,https://www.atlanticnationalgolfclub.com/,teeitup,https://atlantic-national-golf-club.book.teeitup.com/,yes,high,BOOK NOW target on course booking page | Region: Southeast FL | Phone: (561) 969-6600
Forest Oaks Golf Club,,Lake Worth,,Public,,,,unknown,,No official site found; TeeItUp slug exists but identity unconfirmed | Region: Southeast FL | Phone: (561) 967-6810 | Research 2026-07-29: No official site found
John Prince Golf Learning Center,,Lake Worth,,Municipal,https://www.pbcjohnprincegolf.com/,,,no,,Range/practice facility; no online tee times | Region: Southeast FL | Phone: (561) 966-6666
Palm Beach National Golf Course,,Lake Worth,,Public,https://www.palmbeachnational.com/,teeitup,https://palm-beach-national.book.teeitup.com/,yes,high,TeeItUp link on course site | Region: Southeast FL | Phone: (561) 965-3381
Park Ridge Golf Course,,Lake Worth,,Municipal,https://discover.pbc.gov/parks/golf/,foreup,https://foreupsoftware.com/index.php/booking/21265/7483#/teetimes,yes,high,ForeUp link from PBC parks golf page | Region: Southeast FL | Phone: (561) 966-7044
Poinciana Golf Club,,Lake Worth,,Public,https://poincianagc.com/,foreup,https://foreupsoftware.com/index.php/booking/22899#/teetimes,yes,high,ForeUp link on course site | Region: Southeast FL | Phone: (561) 439-4721
Winston Trails Golf Club,,Lake Worth,,Semi-Private,https://www.winston.golf/,chronogolf,https://www.chronogolf.com/club/winston-trails-golf-club,yes,high,Lightspeed site; Chronogolf club page confirms Lake Worth FL | Region: Southeast FL | Phone: (561) 439-3700
Lake Worth Beach Golf Club,,Lake Worth Beach,,Municipal,https://www.lakeworthbeachgolfclub.com/,,,unknown,,"Official site returns 403 to fetcher; booking engine unknown | Region: Southeast FL | Phone: (561) 582-9713 | Research 2026-07-29: Municipal course; own site returns 403 to every fetch, booking method unverified"
Big Cypress Golf Club,,Lakeland,,Semi-Private,https://covecommunities.com/55-mh-communities/florida/cypress-lakes-village/golf-at-cypress-lakes-village/,teeitup,"https://big-cypress-v2.book.teeitup.com/?course=2477,6969",yes,high,Exact 'Book a Tee Time' target on the Cove Communities golf page; course param covers both the Championship and Executive courses. | Region: Central FL (Orlando) | Phone: (863) 859-6871
Cleveland Heights Golf Course,,Lakeland,,Municipal,https://www.clevelandheightsgolf.com,teeitup,https://cleveland-heights-golf-course.book.teeitup.com/,yes,high,Exact link target on the course's /tee-times/ page; TeeItUp SPA renders client-side. | Region: Central FL (Orlando) | Phone: (863) 834-2377
Huntington Hills Golf & Country Club,,Lakeland,,Semi-Private,https://www.huntingtonhillsgolfclub.com,ezlinks,https://huntingtonhills.ezlinksgolf.com/,yes,high,Exact 'Public Tee Times' link target on the club's own /tee-times/ page; EZLinks host returns 403 to bots. | Region: Central FL (Orlando) | Phone: (863) 859-3689
Sanlan Golf Course,,Lakeland,,Public,https://sanlangolf.com,other:native,https://sanlangolf.com,yes,high,Homepage has a 'Book Your Tee Time' section but exposes no engine URL; all subpages blocked by robots.txt. Needs recheck. | Region: Central FL (Orlando) | Phone: (863) 667-1988 | Research 2026-07-29: Own site has a Book Your Tee Time section; engine URL not exposed
Schalamar Creek Golf & Country Club,,Lakeland,,Semi-Private,https://www.schalamar.com,golfnow,https://www.golfnow.com/tee-times/facility/1688-schalamar-creek-golf-club/search,yes,high,Club's own /golf/book-a-tee-time/ 302-redirects to this GolfNow facility page. | Region: Central FL (Orlando) | Phone: (863) 665-0185
The Club at Eaglebrooke,,Lakeland,,Semi-Private,https://www.eaglebrooke.com,ezlinks,https://eaglebrooke.ezlinksgolf.com/index.html#/search,yes,high,Public tee-time link on club's /book-a-tee-time/ page; separate member and silver-member portals exist. EZLinks host returns 403 to bots. | Region: Central FL (Orlando) | Phone: (863) 701-0101
The Links of Sandpiper,,Lakeland,,Public,https://linksofsandpiper.com,teeitup,https://sandpiper-golf-and-country-club-lakeland.book.teeitup.golf/,yes,high,Exact 'Book Tee Times' target on the course's /tee-times/ page. | Region: Central FL (Orlando) | Phone: (863) 859-5461
YMCA Par 3 - Home of First Tee Lakeland,,Lakeland,,Public,https://www.firstteelakeland.org,,,no,,First Tee Lakeland site has no tee sheet; drop-in play arranged at the facility or by phone. | Region: Central FL (Orlando) | Phone: (863) 577-0236
Esplanade at Azario Golf Club,,Lakewood Ranch,,Semi-Private,https://www.esplanadeazariolifestyle.com,teeitup,https://esplanade-at-azario-lakewood-ranch.book.teeitup.com,yes,high,Domain redirects to Taylor Morrison; no golf site found | Region: Southwest FL | Research 2026-07-29: Booking link published on esplanadeazariolifestyle.com/golf
Lakewood National Golf Club - Commander Course,,Lakewood Ranch,,Semi-Private,https://www.lakewoodnationalgc.com,,,,low,"Member login portal only, no public tee sheet - so there is no public booking channel to point at, and Online Booking: yes was contradicting this row's own note. Also retagged off clubessential: ClubHouse Online E3 is not the NetCaddy engine that adapter reads (measured 2026-07-30, netcaddy path 404s on sibling CHO hosts) | Member login portal only; no public tee sheet | Region: Southwest FL | Phone: (941) 900-2424"
Lakewood National Golf Club - Piper Course,,Lakewood Ranch,,Semi-Private,https://www.lakewoodnationalgc.com,,,,low,"Member login portal only, no public tee sheet - so there is no public booking channel to point at, and Online Booking: yes was contradicting this row's own note. Also retagged off clubessential: ClubHouse Online E3 is not the NetCaddy engine that adapter reads (measured 2026-07-30, netcaddy path 404s on sibling CHO hosts) | Member login portal only; no public tee sheet | Region: Southwest FL | Phone: (941) 900-2424"
Plantation Palms Golf Club,,Land O' Lakes,,Public,https://www.plantationpalmsgolf.com,teeitup,https://plantation-palms-golf-club.book.teeitup.com/,yes,high,"Listed website plantationpalmsgolf.com no longer resolves (DNS failure), so website set to null. TeeItUp subdomain returns a live booking SPA; name is unique to Land O' Lakes FL. | Region: Tampa Bay | Phone: (813) 996-4653"
The Groves Golf & Country Club,,Land O' Lakes,,Public,,teeitup,https://the-groves-golf-and-country-club.book.teeitup.com/,yes,high,No working course website found (candidate domains do not resolve). TeeItUp subdomain returns a live booking SPA and the slug matches the full club name. | Region: Tampa Bay
Bardmoor Golf & Tennis Club,,Largo,,Public,https://www.bardmoorgolf.com,ezlinks,https://bardmoorres.ezlinksgolf.com/index.html#/search,yes,high,Public tee-time link target on bardmoorgolf.com/book-tee-time; a separate bardmoorpdp.ezlinksgolf.com is for PDP members only. | Region: Tampa Bay | Phone: (727) 392-1234
East Bay Golf Club,,Largo,,Public,https://www.eastbaygolfclub.com,other:unclaimed-chronogolf,,yes,high,"Chronogolf club page loads and identifies East Bay Golf Club, Largo, Florida. Course website eastbaygolfclub.com found and added (subpages TLS-error on fetch). | Region: Tampa Bay | Phone: (727) 581-3333 | Verified 2026-07-29 by the real fetch path (probe-results/newly-ready.json): Chronogolf reports this club as an UNCLAIMED directory listing with online_booking disabled, on all three dates probed - the marketplace API returns nothing, so it was erroring on every scrape while sitting at ready. Retagged so the directory sends golfers to the course's own site instead of a dead placeholder. Where it really sells tee times is open work"
Largo Golf Course,,Largo,,Municipal,https://www.playlargo.com,other:webtrac,https://fllargoweb.myvscloud.com/webtrac/web/search.html?display=detail&module=GR,yes,high,Exact booking link target on playlargo.com tee times page; City of Largo WebTrac golf reservation module. | Region: Tampa Bay | Phone: (727) 518-3024
Pinecrest Golf Club,,Largo,,Closed,,,,no,,"Course confirmed to exist (1200 8th Ave SW, Largo FL) via GolfNow directory, but no course website found (pinecrestgolfclub.com is a Keene, Ontario course; pinecrestgolfcourse.com is parked). A pinecrest-golf-club.book.teeitup.com subdomain exists but could not be tied to the Largo FL course, so left null rather than risk a wrong-state match. | Region: Tampa Bay | Research 2026-07-29: Closed; the land is being turned into a regional stormwater facility. NB: a DIFFERENT open course of the same name trades in Avon Park, which is why this verdict is city-qualified"
Inverrary Country Club - East Course,,Lauderhill,,Closed,,,,no,,No reachable official site; status unconfirmed | Region: Southeast FL | Phone: (954) 733-7550 | Research 2026-07-29: Ownership announced shutdown Sept 2019 with a June 1 2020 close date for East and West
Lauderhill Golf Course,,Lauderhill,,Municipal,https://lauderhill-fl.gov/parks-and-leisure-services/adult-sports/golf-course,,,no,,City page shows no online tee times; phone only | Region: Southeast FL | Phone: (954) 730-2990
Brentwood Farms Golf Club,,Lecanto,,Public,,,,no,,No official site located; TeeItUp subdomain absent; web tools exhausted before confirming | Region: North Central FL | Phone: (352) 527-2600 | Research 2026-07-29: Listed public with no course website
Arlington Ridge Golf Club,,Leesburg,,Public,https://www.arlingtonridgegolfclub.com,chronogolf,https://www.chronogolf.com/club/arlington-ridge-golf-club,yes,high,"General-public link on club's /tee-times/ page; full/social members use separate EZLinks portals. | Region: Central FL (Orlando) | Phone: (352) 765-8001 | 2026-08-19 dark-course audit: left TeeItUp for chronogolf. Live Chronogolf public sheet, 4467 Arlington Ridge Blvd Leesburg. Landscapes Golf Management. Peak 383."
The Club at Pennbrooke Fairways,,Leesburg,,Semi-Private,https://pennbrookefairways.org,,,no,,"Community site lists the three nines as an amenity but shows no booking link; golf subpages blocked by robots.txt. Needs recheck. | Region: Central FL (Orlando) | Phone: (352) 728-3200 | Research 2026-07-29: Chronogolf page is a directory listing flagged no-online-booking; community amenity, pro shop only"
The Monarch at Royal Highlands,,Leesburg,,Semi-Private,https://www.monarchgolfclub.com,teeitup,https://monarch-at-royal-highlands.book.teeitup.com/teetimes,yes,high,'Public Tee Times' / 'Book a Tee Time' target on the club's own site. | Region: Central FL (Orlando) | Phone: (352) 314-9000
The Plantation at Leesburg Golf Club - Cranes Roost Course,,Leesburg,,Public,https://golfatplantation.com,chronogolf,,yes,medium,Platform confirmed as Chronogolf from the official site's 'Plantation Golf' app (com.chronogolf.booking.theplantation); web booking URL not exposed on site. One portal covers both courses. | Region: Central FL (Orlando) | Phone: (352) 365-0526
The Plantation at Leesburg Golf Club - Otter Creek Course,,Leesburg,,Public,https://golfatplantation.com,chronogolf,,yes,medium,Same Chronogolf portal as Cranes Roost (id 210); web booking URL not exposed on site. | Region: Central FL (Orlando) | Phone: (352) 365-0526
Ibis Landing Golf & Country Club,,Lehigh Acres,,Semi-Private,https://ibislandinggolf.com,golfwithaccess,https://golfwithaccess.com/course/ibis-landing-golf-club/reserve-tee-time,yes,high,Site is JS-only; booking link not extractable | Region: Southwest FL | Research 2026-07-29: Troon-managed; live public booking on golfwithaccess.com
Lehigh Resort Club,,Lehigh Acres,,Resort,,,,yes,medium,"lehighresortclub.com parked for sale; no live site | Region: Southwest FL | Research 2026-07-29: 9-hole resort course open to public; domain parked, engine not captured"
The Club at Westminster,,Lehigh Acres,,Semi-Private,https://westminster-golf.com,teeitup,https://westminster-golf-club.book.teeitup.golf/,yes,high,Public booking link on club site | Region: Southwest FL | Phone: (239) 368-1110
Wildcat Crossing Golf Club,,Lehigh Acres,,Public,https://wildcat-crossing.com,teeitup,https://wildcat-crossing-golf-club.book.teeitup.com/,yes,high,Booking link on club site; Lehigh Acres confirmed | Region: Southwest FL
Suwannee Country Club,,Live Oak,,Semi-Private,,,,unknown,,"No website on record; WebSearch quota exhausted before task start so official site could not be located. | Region: Northeast FL (Jacksonville) | Phone: (386) 362-1147 | Research 2026-07-29: No official website; only an alias probe supports online booking, which is not evidence"
Longboat Key Club - Harbourside Course,,Longboat Key,,Resort,https://longboatkeyclub.com,,,no,,"Site blocks automated fetch (robots) | Region: Southwest FL | Research 2026-07-29: Resort/member access, booked through the club"
Longboat Key Club - Islandside Course,,Longboat Key,,Resort,https://longboatkeyclub.com,,,no,,"Site blocks automated fetch (robots) | Region: Southwest FL | Research 2026-07-29: Now Links on Longboat; resort-guest access, booked through the club"
Wekiva Golf Club,,Longwood,,Semi-Private,https://www.wekivagc.com,teeitup,https://wekiva-golf-club.book.teeitup.golf/,yes,high,'Book Online Now!' target on the club's own site. | Region: Central FL (Orlando) | Phone: (407) 862-5113
TPC Tampa Bay,,Lutz,,Public,https://www.tpctampabay.com,teeitup,https://tpc-tampa-bay.book.teeitup.com/,yes,high,Exact booking link target on tpctampabay.com/book-tee-times/. tpc.com/tampabay 302-redirects to tpctampabay.com. | Region: Tampa Bay | Phone: (813) 949-0090
Nature Walk Golf Club,,Lynn Haven,,Public,https://www.naturewalkgolfcourse.com,teeitup,https://nature-walk-golf-club.book.teeitup.com,yes,medium,Course site exposes no hrefs and sub-pages return 403; this TeeItUp subdomain is live but course match is inferred | Region: Northwest FL (Panhandle) | Phone: (850) 265-2582
Madison Golf & Country Club,,Madison,,Semi-Private,https://madisonrvresort.com/madison-golf-country-club/,,,no,,"Course closed for renovations since April with no reopening date; resort site says call to book, no online tee sheet | Region: Northwest FL (Panhandle) | Phone: (850) 973-6701"
The Habitat Golf Course,,Malabar,,Municipal,https://brevard.golf/,other:acuity,https://app.acuityscheduling.com/schedule.php?owner=18890230,yes,high,Golf Brevard books both its courses through one Acuity account (owner 18890230); loaded as 'Schedule Appointment with golf brevard'. Course-specific link on brevard.golf/teetimes uses a seasonal category param (appointmentType=category:Habitat | Summer 2026) which was stripped as stale. | Region: Space Coast & Treasure Coast | Phone: (321) 952-6312
Florida Keys Country Club,,Marathon,,Public,https://floridakeyscc.com/,foreup,https://foreupsoftware.com/index.php/booking/22860#/teetimes,yes,high,ForeUp link on course site; open to public | Region: Southeast FL | Phone: (305) 743-2551
Carolina Club,,Margate,,Public,,,,unknown,,Same-name NC club occupies obvious domains; FL identity unconfirmed | Region: Southeast FL | Phone: (954) 753-3500 | Research 2026-07-29: The obvious domain belongs to a North Carolina club; the Margate course's own site was not located
Oriole Golf Club,,Margate,,Semi-Private,https://oriolegolfclub.com/,clubprophet,https://oriolegc.cps.golf/,yes,high,CPS Golf link on course tee-times page | Region: Southeast FL | Phone: (954) 972-8140
Indian Springs Golf Club,,Marianna,,Public,,,,unknown,,"No official website found (indianspringsgolfclub.com is a parked domain); search budget exhausted so no booking portal could be located | Region: Northwest FL (Panhandle) | Phone: (850) 482-5313 | Research 2026-07-29: Listed semi-private and open with third-party tee times, but the facility URL could not be confirmed"
Baytree National Golf Links,,Melbourne,,Semi-Private,https://www.baytreenational.com/,ezlinks,https://baytreenatl.ezlinksgolf.com/index.html#/search,yes,high,Exact link target on baytreenational.com/book-tee-times/; EZLinks returns 403 to bots. | Region: Space Coast & Treasure Coast | Phone: (321) 259-9060
Crane Creek Reserve Golf Course,,Melbourne,,Municipal,https://www.melbourneflorida.org/Government/Departments/Parks-Recreation-Golf/Golf,foreup,https://foreupsoftware.com/index.php/booking/22427/10758#teetimes,yes,high,Only booking link on the City of Melbourne golf page; attributed there to Crane Creek Reserve. 475 W New Haven Ave. | Region: Space Coast & Treasure Coast | Phone: (321) 608-7430
Harbor City Golf Course,,Melbourne,,Public,https://www.melbourneflorida.org/Government/Departments/Parks-Recreation-Golf/Golf,foreup,https://foreupsoftware.com/index.php/booking/22427/10758#teetimes,yes,high,City of Melbourne golf page lists a single shared ForeUp portal for both municipal courses; select course inside the engine. 2750 Lake Washington Rd. | Region: Space Coast & Treasure Coast | Phone: (321) 608-7480
Mallards Landing Golf Course,,Melbourne,,Municipal,https://www.melbourneflorida.org/Government/Departments/Parks-Recreation-Golf/Golf,foreup,https://foreupsoftware.com/index.php/booking/22427/10758#teetimes,yes,high,"Duplicate of id 360 - City of Melbourne page states Harbor City Golf Course is 'formerly Mallards Landing Golf Course' (same facility, 2750 Lake Washington Rd). Same shared ForeUp portal. | Region: Space Coast & Treasure Coast | Phone: (321) 608-7480"
Aquarina Country Club,,Melbourne Beach,,Semi-Private,https://www.aquarinacc.com/,,,no,,"Identity confirmed: Aquarina Beach & Country Club, gated community in Melbourne Beach FL. Home page is membership-oriented ('Become a Golf Member Today!') with no online booking engine; /golf and /tee-times subpaths repeatedly failed robots.txt fetch, so phone-only status could not be confirmed outright. | Region: Space Coast & Treasure Coast | Phone: (321) 327-3409 | Research 2026-07-29: Some outside play sold; own tee-times page blocks fetching"
Spessard Holland Golf Course,,Melbourne Beach,,Municipal,https://brevard.golf/,other:acuity,https://app.acuityscheduling.com/schedule.php?owner=18890230,yes,high,Shared Golf Brevard Acuity account (owner 18890230); course-specific category link on brevard.golf/teetimes carries a seasonal 'Spessard | Summer 2026' param that was stripped. | Region: Space Coast & Treasure Coast | Phone: (321) 952-4529
Space Coast Golf Club,,Merritt Island,,Public,https://www.savannahsgolf.com/,,,no,,"Facility identified as Savannahs Golf Club, 3915 Savannahs Trail, Merritt Island FL 32953 (site still brands itself 'Savannahs Golf Club', not Space Coast). Site is image/JS based - no hrefs exposed, no sitemap, not WordPress; /tee-times, /book-a-tee-time, /contact all 404. No TeeItUp or Teesnap subdomain exists for tried slugs. | Region: Space Coast & Treasure Coast | Research 2026-07-29: Renamed former Savannahs, 3915 Savannahs Trl Merritt Island; no live sheet found"
Briar Bay Golf Course,,Miami,,Municipal,https://www.briarbaygolf.com/,ezlinks,https://briarbay.ezlinksgolf.com/index.html#/search,yes,high,EZLinks link on course tee-times page | Region: Southeast FL | Phone: (305) 235-6667
Killian Greens Golf Club,,Miami,,Public,https://killiangreens.com/,teeitup,https://killian-greens-golf-club.book.teeitup.com/,yes,high,TeeItUp link on course site; stale date params stripped | Region: Southeast FL | Phone: (786) 531-4443
Miccosukee Golf & Country Club,,Miami,,Semi-Private,https://www.miccosukeegolf.com,other:native,https://miccosukeegolf.com/,yes,high,Book Tee Time button target not exposed in HTML | Region: Southeast FL | Phone: (305) 382-3930 | Research 2026-07-29: Own-site Book a Tee Time button; target JS-injected
Palmetto Golf Course,,Miami,,Municipal,https://www.golfpalmetto.com/,ezlinks,https://palmettogc.ezlinksgolf.com/,yes,high,Miami-Dade County EZLinks portal | Region: Southeast FL | Phone: (305) 238-2922
Miami Beach Golf Club,,Miami Beach,,Municipal,https://www.miamibeachgolfclub.com/,chronogolf,https://www.chronogolf.com/en/club/4135/widget?medium=widget&source=club,yes,high,Chronogolf widget embedded on /book-a-tee-time | Region: Southeast FL | Phone: (305) 532-3350
Normandy Shores Golf Club,,Miami Beach,,Municipal,https://www.normandyshoresgolfclub.com/,chronogolf,https://www.chronogolf.com/en/club/4163/widget?medium=widget&source=club,yes,high,Chronogolf widget embedded on /book-a-tee-time | Region: Southeast FL | Phone: (305) 868-6502
Miami Lakes Golf Club at Shula's,,Miami Lakes,,Resort,https://www.shulasgolfclub.com,other:native,https://www.shulasgolfclub.com/,yes,high,Open; site says book online but no link exposed | Region: Southeast FL | Phone: (305) 820-8088 | Research 2026-07-29: Site: reserve your starting time online or by calling the pro shop
Miami Shores Country Club,,Miami Shores,,Semi-Private,https://miamishorescountryclub.com/,chronogolf,,yes,medium,Lightspeed Golf site; booking link is placeholder anchor | Region: Southeast FL | Phone: (305) 795-2360
Miami Springs Golf & Country Club,,Miami Springs,,Municipal,http://miamispringsgolfcourse.com,teeitup,https://miami-springs-golf-and-country-club.book.teeitup.com/,yes,high,"Booking link not exposed; site TLS/robots issues | Region: Southeast FL | Phone: (305) 805-5180 | Research 2026-07-29: Own site promotes online booking; course-branded sheet, facility 7277"
Tanglewood Golf Club,,Milton,,Public,https://www.tanglewood-golf.com,clubprophet,https://tanglewoodfl.cps.golf/,yes,high,Exact link target on tanglewood-golf.com/tee-times; cps.golf robots-blocked | Region: Northwest FL (Panhandle) | Phone: (850) 623-6176
Indian River Preserve Golf Club,,Mims,,Public,https://www.indianriverpreservegolfclub.com/,teeitup,https://indian-river-preserve.book.teeitup.com,yes,high,Exact link target on the course's /book-a-tee-time/ page. | Region: Space Coast & Treasure Coast | Phone: (321) 385-2099
Sandestin Golf and Beach Resort - Baytowne Golf Club,,Miramar Beach,,Resort,https://www.baytownegolf.com,teeitup,https://the-baytowne-golf-club-at-sandestin.book.teeitup.golf/,yes,high,Exact link target on baytownegolf.com/teetimes; separate member tee time page exists | Region: Northwest FL (Panhandle) | Phone: (850) 267-8155
Sandestin Golf and Beach Resort - Burnt Pine Golf Club,,Miramar Beach,,Resort,https://www.sandestin.com/golf/burnt-pine,,,no,,Members and resort guests only; Sandestin page says 'Call for a Tee Time 850-267-6500' and offers no online tee sheet | Region: Northwest FL (Panhandle) | Phone: (850) 267-6500
Sandestin Golf and Beach Resort - Raven Golf Club,,Miramar Beach,,Resort,https://www.sandestinraven.com,teeitup,https://the-raven-golf-club-at-sandestin.book.teeitup.golf/,yes,high,Own site sandestinraven.com/teetimes/ returns 403; TeeItUp subdomain confirmed live and matches sibling Baytowne naming | Region: Northwest FL (Panhandle) | Phone: (850) 267-8155
Sandestin Golf and Beach Resort - The Links Golf Club,,Miramar Beach,,Resort,https://www.sandestinlinks.com,other:native,https://www.sandestinlinks.com/teetimes/,yes,medium,"Booking page linked from both sandestin.com and course site, but returns 403 to fetcher; sister course Baytowne uses TeeItUp (teeitup.golf) so Links likely does too | Region: Northwest FL (Panhandle) | Phone: (850) 267-8144"
"Seascape Golf, Beach & Tennis Resort",,Miramar Beach,,Resort,https://www.seascape-resort.com/resort/golf,teeitup,https://seascape-golf-beach-and-tennis-resort.book.teeitup.com/,yes,high,9-hole course; 18-hole play directed to sister course Emerald Bay | Region: Northwest FL (Panhandle) | Phone: (800) 874-9106
The Golf Garden of Destin,,Miramar Beach,,Public,,,,no,low,"No official website located; WebSearch quota exhausted so could not confirm. Walk-up par-3/range facility, no online booking found | Region: Northwest FL (Panhandle)"
Jefferson Country Club,,Monticello,,Semi-Private,https://jeffersoncountryclubflorida.com,,,no,,Official site has no booking link; tee times by phone or contact form only | Region: Northwest FL (Panhandle) | Phone: (850) 997-5484
Country Club of Mount Dora,,Mount Dora,,Semi-Private,https://ccofmtdora.com,golfback,https://golfback.com/#/course/23cb5c65-23f0-4449-8ce7-7f311fc97912,yes,high,'Book a Tee Time' target on the club's own site. | Region: Central FL (Orlando) | Phone: (352) 735-4059
Mount Dora Golf Club,,Mount Dora,,Semi-Private,https://www.mountdoragolf.com,,,no,,"Homepage renders without links; all subpages return 403 to bots. Needs recheck. | Region: Central FL (Orlando) | Phone: (352) 383-3954 | Research 2026-07-29: Chronogolf page is directory-only, flagged no-online-booking; no own sheet"
Imperial Lakes Golf & Country Club,,Mulberry,,Semi-Private,,,,unknown,,No website on record; session search quota exhausted before it could be located. Not researched. | Region: Central FL (Orlando) | Phone: (863) 425-1153 | Research 2026-07-29: Domain is NXDOMAIN and the directory listing 404s
Arrowhead Golf Course,,Naples,,Public,,,,yes,medium,"Candidate site blocks robots; same-name CA course rejected | Region: Southwest FL | Phone: (239) 596-1000 | Research 2026-07-29: Semi-private open to public at Heritage Greens, Naples; engine not captured"
Cypress Woods Golf & Country Club,,Naples,,Semi-Private,https://www.cypresswoodsgolf.com,other:chelsea,https://cypresswoods.chelseareservations.com/,yes,high,Booking link on club site; Naples address confirmed | Region: Southwest FL | Phone: (239) 592-7860
Eagle Lakes Golf Club,,Naples,,Public,https://www.eaglelakesgolfclub.net,other:native,https://www.eaglelakesgolfclub.net/tee-times,yes,high,Book button is JS-only; platform unconfirmed | Region: Southwest FL | Phone: (239) 732-0034 | Research 2026-07-29: Daily-fee club with own-site Book a Tee Time page; engine JS-injected
Hibiscus Golf Club,,Naples,,Semi-Private,https://www.hibiscusgolf.com,teeitup,https://hibiscus-golf-club.book.teeitup.com/,yes,high,Booking portal linked from club tee-times page | Region: Southwest FL | Phone: (239) 774-0088
High Point Country Club,,Naples,,Semi-Private,,,,no,,"highpointcountryclub.com parked for sale; no live site | Region: Southwest FL | Research 2026-07-29: 9-hole par-3, semi-private open to the public; no online booking"
Lely Resort Golf & Country Club - Flamingo Island Course,,Naples,,Resort,https://www.lelyresortgolf.com,other:native,https://www.lelyresortgolf.com/naples-golf-tee-times,yes,medium,"Tee-times page from sitemap; JS-rendered, widget unconfirmed | Region: Southwest FL | Phone: (239) 793-2223"
Lely Resort Golf & Country Club - Mustang Course,,Naples,,Resort,https://www.lelyresortgolf.com,other:native,https://www.lelyresortgolf.com/naples-golf-tee-times,yes,medium,"Tee-times page from sitemap; JS-rendered, widget unconfirmed | Region: Southwest FL | Phone: (239) 793-2223"
Naples Grande Golf Club,,Naples,,Resort,https://www.cavugolfclub.com,,,no,,"Now CAVU Golf Club; private, members only | Region: Southwest FL | Phone: (239) 659-3700"
Riviera Golf Club,,Naples,,Closed,http://www.rivieragolf.com,teeitup,https://riviera-golf-club.book.teeitup.com/,yes,medium,"TeeItUp slug live; site JS-only, link unconfirmed | Region: Southwest FL | 2026-08-19 dark-course audit: CLOSED. GolfPass: closed for business 03/2023; 94-acre Naples site tied up in redevelopment litigation."
Silver Lakes RV Resort & Golf Club,,Naples,,Resort,https://www.silverlakesrvresort.com,,,no,low,Resort site shows no online golf booking | Region: Southwest FL | Phone: (239) 775-2575
The Links of Naples,,Naples,,Public,https://www.linksofnaples.com,teeitup,https://the-links-of-naples.book.teeitup.com/,yes,high,Linked from linksofnaples.com/request_tt/ | Region: Southwest FL | Phone: (239) 417-1313
The Rookery at Marco,,Naples,,Resort,,rguest,https://book.rguest.com/onecart/golf/courses/2261/jw-marriott-marco-island-golf-resort,yes,medium,"TeeItUp slug live; course site SSL cert broken | Region: Southwest FL | 2026-08-19 dark-course audit: left TeeItUp for rguest. Bookings now go to the resort-wide JW Marriott Marco Island Golf Resort rGuest account. Peak 1,608. Yelp flags the old listing closed - worth one check."
Tiburon Golf Club - Black Course,,Naples,,Resort,https://tiburonnaples.com,ezlinks,https://tiburon.ezlinks.com,yes,high,Exact booking link on tiburonnaples.com; both courses | Region: Southwest FL | Phone: (239) 593-2200
Tiburon Golf Club - Gold Course,,Naples,,Resort,https://tiburonnaples.com,ezlinks,https://tiburon.ezlinks.com,yes,high,Exact booking link on tiburonnaples.com; both courses | Region: Southwest FL | Phone: (239) 593-2200
Valencia Golf & Country Club,,Naples,,Public,https://www.valenciagolfandcountryclub.com,clubcaddie,https://apimanager-cc20.clubcaddie.com/webapi/view/dafdabab,yes,high,Club Caddie link on club site; 1725 Double Eagle Trail | Region: Southwest FL | Phone: (239) 352-0777
The Club at Hidden Creek,,Navarre,,Semi-Private,https://www.theclubathiddencreek.com,teequest,https://teetimes.teequest.com/92,yes,high,Own /TeeTimes page 302-redirects here; tee sheet loaded | Region: Northwest FL (Panhandle) | Phone: (850) 939-4604
Seven Springs Golf & Country Club - Champion Course,,New Port Richey,,Semi-Private,https://sevenspringsclub.com,golfback,https://golfback.com/#/course/3fe2faf0-9cef-419c-857e-d874176f77b1,yes,high,"Exact booking link target on sevenspringsclub.com; course=5782 selects the Champion course (kept, not a stale session param). | Region: Tampa Bay | Phone: (727) 376-0039 | 2026-08-19 dark-course audit: left TeeItUp for golfback. GreatLIFE Golf Management moved to GOLFBACK portfolio-wide. Live sheet for both courses on 19 Aug. Peak 165."
Seven Springs Golf & Country Club - Executive Course,,New Port Richey,,Semi-Private,https://sevenspringsclub.com,golfback,https://golfback.com/#/course/3fe2faf0-9cef-419c-857e-d874176f77b1,yes,high,"Same TeeItUp engine as the Champion course; base URL given because the executive (Little Course) course ID was not exposed on the club site - user selects the course in the engine. | Region: Tampa Bay | Phone: (727) 376-0039 | 2026-08-19 dark-course audit: left TeeItUp for golfback. Same GOLFBACK portal, listed as 'The Little Course'. Aerified 10 Aug, reduced pricing, not closed. Peak 225."
Summertree Golf Club,,New Port Richey,,Public,http://www.golfsummertree.com,,,no,,golfsummertree.com states 'Call our Pro Shop for available tee times'; no online booking offered. | Region: Tampa Bay | Phone: (727) 856-0771
Timber Greens Golf & Country Club,,New Port Richey,,Semi-Private,,,,no,medium,"TeeItUp slug timber-greens-country-club loads a live 'Tee Times' booking SPA (timber-greens-golf-club and timber-greens-golf-country-club both return 'subdomain does not exist'). No official website found - every domain guess (timbergreensgolf.com, timbergreenscc.com, timbergreensgolfclub.com, playtimbergreens.com, timbergreensgolfandcountryclub.com) failed DNS, so city/state identity could not be independently confirmed. | Region: Tampa Bay | Phone: (727) 372-8633 | 2026-08-19 dark-course audit: phone / walk-on only, no online booking. timbergreens.net/golf: open to the public, 'Please call: 727-372-0789 for tee times'."
Hidden Lakes Golf Course,,New Smyrna Beach,,Public,https://www.hiddenlakesgolfclub.com/,teesnap,https://hiddenlakesgc.teesnap.net/,yes,high,"Loaded Teesnap booking app branded 'Hidden Lakes Golf Club, 35 Fairgreen Ave, New Smyrna Beach FL' (tee times showed a temporary maintenance message). | Region: Space Coast & Treasure Coast | Phone: (386) 427-4138"
New Smyrna Golf Club,,New Smyrna Beach,,Municipal,https://www.newsmyrnagolfclub.com/,teeitup,https://new-smyrna-golf-club.book.teeitup.com/,yes,high,Course site embeds enroll.teeitup.golf scripts; this subdomain returns the real TeeItUp booking SPA (title 'Tee Times') rather than the 'Booking Engine Not Found' error other slugs give. Course at 1000 Wayne Ave. Phone updated from (386) 424-2190 to the number on the club's contact page. | Region: Space Coast & Treasure Coast | Phone: (386) 410-2693
The Club at Venetian Bay,,New Smyrna Beach,,Semi-Private,https://venetianbaygolf.com/,foreup,https://foreupsoftware.com/index.php/booking/22932#/teetimes,yes,high,"Exact booking link target on venetianbaygolf.com. 63 Airport Rd, New Smyrna Beach. | Region: Space Coast & Treasure Coast | Phone: (386) 424-5775"
The Preserve at Turnbull Bay,,New Smyrna Beach,,Semi-Private,https://www.thepreserveatturnbull.com/,teesnap,https://turnbullbay.teesnap.net/,yes,high,"Loaded Teesnap booking app branded 'The Preserve at Turnbull Bay', New Smyrna Beach. | Region: Space Coast & Treasure Coast | Phone: (386) 427-8727"
Bluewater Bay Resort - Bay Course,,Niceville,,Semi-Private,https://www.bwbresorts.com,teeitup,https://bluewater-bay-golf-resort.book.teeitup.com/,yes,high,One portal covers both Bay and Marsh courses | Region: Northwest FL (Panhandle) | Phone: (850) 897-3241
Bluewater Bay Resort - Marsh Course,,Niceville,,Semi-Private,https://www.bwbresorts.com,teeitup,https://bluewater-bay-golf-resort.book.teeitup.com/,yes,high,One portal covers both Bay and Marsh courses | Region: Northwest FL (Panhandle) | Phone: (850) 897-3241
Eglin Golf Course,,Niceville,,Military,,,,no,low,No reachable official site (eglinlifeready.com / eglingolfcourse.com do not resolve); WebSearch quota exhausted | Region: Northwest FL (Panhandle) | Phone: (850) 882-2948
Rocky Bayou Country Club,,Niceville,,Semi-Private,https://www.rockybayoucc.com,foreup,https://foreupsoftware.com/index.php/booking/22056#/teetimes,yes,medium,Site lists both a ForeUp 'Book a Tee Time' link and Club Caddie portals (clubid 103412); foreupsoftware.com blocks fetchers so engine not directly confirmed | Region: Northwest FL (Panhandle) | Phone: (850) 678-3270
Calusa Lakes Golf Club,,Nokomis,,Semi-Private,http://www.golfinvenice.com,,,yes,medium,No website resolved; TeeItUp slug invalid | Region: Southwest FL | Research 2026-07-29: Own multi-course site says call the pro shop or book online; engine not captured
Sorrento Par 3 Golf Course,,Nokomis,,Public,,,,no,,No website resolved | Region: Southwest FL | Research 2026-07-29: Public and open; no online booking presence
Del Tura Golf & Country Club,,North Fort Myers,,Semi-Private,,,,no,,"No website resolved; TeeItUp slug invalid | Region: Southwest FL | Research 2026-07-29: 27-hole semi-private, open; no online booking found"
El Rio Golf Club,,North Fort Myers,,Semi-Private,,,,yes,medium,"elriogolfclub.com is a parked domain for sale | Region: Southwest FL | Research 2026-07-29: Semi-private open to the public, North Fort Myers; engine not captured"
Herons Glen Golf & Country Club,,North Fort Myers,,Semi-Private,https://www.heronsglen.com,,,no,,"Site renders JS-only; no booking link extractable | Region: Southwest FL | Research 2026-07-29: Open to the public; site JS-only, no online sheet found"
Magnolia Landing Golf & Country Club,,North Fort Myers,,Semi-Private,,teeitup,https://magnolia-landing.book.teeitup.com/,yes,medium,TeeItUp slug live; identity unconfirmed | Region: Southwest FL
Sabal Springs Golf & Racquet Club,,North Fort Myers,,Semi-Private,,,,no,,"No website resolved; TeeItUp slug invalid | Region: Southwest FL | Research 2026-07-29: Semi-private executive, open year-round; no online booking"
Greynolds Golf Course,,North Miami Beach,,Municipal,https://www.greynoldsgolf.com/,ezlinks,https://greynoldsgc.ezlinksgolf.com/,yes,high,Miami-Dade County EZLinks portal | Region: Southeast FL | Phone: (305) 949-1741
North Palm Beach Country Club,,North Palm Beach,,Municipal,https://www.village-npb.org/666/Golf-Course,chronogolf,https://www.chronogolf.com/club/north-palm-beach-country-club,yes,high,Village page says book online; link not exposed | Region: Southeast FL | Phone: (561) 691-3433 | Research 2026-07-29: village-npb.org says book online; chronogolf club page live with the Nicklaus tee set
Charlotte Harbor National Golf Club,,North Port,,Closed,,,,no,,No website resolved; TeeItUp slug invalid | Region: Southwest FL | Research 2026-07-29: Closed for business in 2021; land planned for residential
Heron Creek Golf & Country Club,,North Port,,Semi-Private,https://www.heroncreekgcc.com,other:bailey,http://hercreek.baileyreservations.com/,yes,high,Exact link on heroncreekgcc.com; host SSL cert mismatch | Region: Southwest FL | Phone: (941) 240-5100
Baseline Golf Course,,Ocala,,Public,https://baselinegolfcourse.com,,,no,,"Official site states no tee times required, walk-in play; call for inquiries | Region: North Central FL | Phone: (352) 245-4414"
Candler Hills Golf Club,,Ocala,,Semi-Private,https://candlerhillsgolfclub.com,,,no,,"No official site confirmed; candlerhillsgolf.com returned no usable content, TeeItUp subdomain absent | Region: North Central FL | Phone: (352) 861-9712 | Research 2026-07-29: Own site: book by calling the pro shop; the only On Top of the World course open to daily public play"
Country Club at Silver Springs Shores,,Ocala,,Semi-Private,https://www.countryclubatsilverspringsshores.com,teeitup,https://country-club-at-silver-springs-shores.book.teeitup.com/,yes,high,18-hole course in Silver Springs Shores; open to public play. | Region: North Central FL | Phone: (352) 687-2828
Lake Diamond Golf & Country Club,,Ocala,,Semi-Private,https://www.lakediamondgolfcountryclub.com,teeitup,https://lake-diamond-golf-and-cc.book-v2.teeitup.golf,yes,high,Own site bot-blocked (403) on every path; GolfNow facility ID not discoverable without search | Region: North Central FL | Phone: (352) 687-1000 | Research 2026-07-29: Own site's Book A Tee Time page embeds this widget; open for public play
Ocala Golf Club,,Ocala,,Municipal,https://www.ocalagolfclub.com,teeitup,https://ocala-golf-club.book.teeitup.com/,yes,high,City of Ocala municipal 18-hole course ('Muni'). | Region: North Central FL | Phone: (352) 401-6917
Ocala National Golf Club at Golden Hills,,Ocala,,Semi-Private,https://www.ocalanational.com,quick18,https://ghgcc.quick18.com/,yes,high,Exact link target on ocalanational.com; Quick18 blocks direct fetch via robots.txt | Region: North Central FL | Phone: (352) 629-7980
Ocala Palms Golf Club,,Ocala,,Semi-Private,https://www.ocalapalmsgolf.com,,,no,,"Official site lists phone booking only, no online engine | Region: North Central FL | Phone: (352) 732-4653"
Rolling Greens Executive Golf Course,,Ocala,,Semi-Private,https://covecommunities.com/55-mh-communities/florida/rolling-greens-village,,,no,,No official site confirmed; TeeItUp subdomain absent; web tools exhausted before confirming | Region: North Central FL | Phone: (352) 624-0511 | Research 2026-07-29: Semi-private open to the public; pro shop phone only
Royal Oaks Golf Club,,Ocala,,Semi-Private,https://royaloaksgolfclub.com,,,no,,Not researched - session web-search and web-fetch quotas exhausted; no website on file to fetch directly | Region: North Central FL | Phone: (352) 861-1818 | Research 2026-07-29: Own site shows pro-shop details and no booking link
Stone Creek Golf Club,,Ocala,,Semi-Private,,,,no,,"Not researched - session web-search and web-fetch quotas exhausted; no website on file to fetch directly | Region: North Central FL | Phone: (352) 854-1272 | Research 2026-07-29: Listed public; no official site located, online status unconfirmed"
SummerGlen Golf Club,,Ocala,,Semi-Private,https://www.summerglengc.com,teeitup,https://summerglen-country-club.book.teeitup.com/teetimes,yes,high,Exact link target from course site /tee-times page | Region: North Central FL | Phone: (352) 307-1766
Trilogy Golf Club at Ocala Preserve,,Ocala,,Semi-Private,https://www.mytrilogylife.com/ocala/golf/,,,no,,Site says call the golf shop to reserve; no online engine | Region: North Central FL | Phone: (352) 402-3176
Forest Lake Golf Club of Ocoee,,Ocoee,,Public,https://www.forestlakegolf.com,teesnap,https://forestlakegolf.teesnap.net/,yes,high,'Book a Tee Time' target on the club's own site. | Region: Central FL (Orlando) | Phone: (407) 654-4653
Silver Dollar Golf & Trap Club,,Odessa,,Public,https://www.silverdollargolf.com,other:native,https://www.silverdollargolf.com/book-now/,yes,high,"Exact 'book tee times online' link target found on silverdollargolf.com/rates; the /book-now/ page itself returns 403 to bots. A live TeeItUp engine also exists at silver-dollar-golf-club.book.teeitup.com but could not be tied to this Odessa FL course, so the on-site booking page is listed instead. Rates page confirms Odessa, FL 33556. | Region: Tampa Bay | Phone: (813) 920-3884"
The Eagles Golf Club - Forest Course,,Odessa,,Public,https://eaglesgolf.com,other:courserev,https://theeaglesgolfclub.bookings.courserev.ai/,yes,high,Exact public-player booking link target on eaglesgolf.com; loads a real CourseRev.AI booking SPA. Passholders use a separate Chronogolf portal (chronogolf.com/club/the-eagles-golf-club). Forest and Lakes share one booking engine. | Region: Tampa Bay | Phone: (813) 920-6681
The Eagles Golf Club - Lakes Course,,Odessa,,Public,https://eaglesgolf.com,other:courserev,https://theeaglesgolfclub.bookings.courserev.ai/,yes,high,Exact public-player booking link target on eaglesgolf.com; loads a real CourseRev.AI booking SPA. Passholders use a separate Chronogolf portal. Forest and Lakes share one booking engine. | Region: Tampa Bay | Phone: (813) 920-6681
Blue Cypress Golf & RV Resort,,Okeechobee,,Resort,,,,no,,"bluecypressgolf.com is a different course (Blue Cypress Golf Club, Jacksonville FL) - rejected on identity. No Okeechobee-specific domain found; WebSearch unavailable. | Region: Space Coast & Treasure Coast | Research 2026-07-29: 9-hole resort course, public play, phone reservations"
Blue Heron Golf Club,,Okeechobee,,Semi-Private,,,,no,,"blueherongolfclub.com resolves but serves no readable content and cannot be tied to Okeechobee FL (same name exists in other states). blueherongolfclub.net does not resolve. Identity unconfirmed, so no URL recorded. | Region: Space Coast & Treasure Coast | Research 2026-07-29: 18-hole public, Okeechobee; no online booking"
KOA Fairways Golf Course,,Okeechobee,,Resort,https://koa.com/campgrounds/okeechobee/,,,no,,Okeechobee KOA resort page confirms a 9-hole course with driving range; states 'tee times are required' and directs golfers to call the resort. No online booking system offered. | Region: Space Coast & Treasure Coast | Phone: (863) 763-0231
Oak Leaf Golf Course,,Okeechobee,,Semi-Private,,,,no,,No official domain found (oakleafgolfcourse.com does not resolve). WebSearch unavailable and OSM/Nominatim/Overpass lookups are robots-blocked. | Region: Space Coast & Treasure Coast | Research 2026-07-29: Open public course; pro-shop booking only
Eagle Landing Golf Club,,Orange Park,,Semi-Private,https://www.eaglelandingonline.com,golfwithaccess,https://troon.com/course/eagle-landing-golf-club/reserve-tee-time,yes,high,Exact link target on course's own site; troon.com robots-blocked for direct fetch. | Troon-managed; the troon.com reserve page fronts the Golf With Access widget (course uuid needs probe) | Region: Northeast FL (Jacksonville) | Phone: (904) 291-5600
Arnold Palmer's Bay Hill Club & Lodge,,Orlando,,Resort,https://www.bayhill.com,,,no,,Site self-describes as a private golf club; no public tee sheet. Only online booking is Lodge rooms (windsurfercrs.com). Golf arranged via membership or a Lodge stay by phone. | Region: Central FL (Orlando) | Phone: (407) 876-2429
Dubsdread Golf Course,,Orlando,,Municipal,https://www.historicaldubsdread.com,teeitup,https://dubsdread.book.teeitup.com/,yes,high,Link target on the course's /book-a-tee-time/ page (GA query params stripped). | Region: Central FL (Orlando) | Phone: (407) 434-0919
Eagle Creek Golf Club,,Orlando,,Semi-Private,https://www.eaglecreekorlando.com,teeitup,https://eagle-creek-golf-club-fl.book.teeitup.com/,yes,high,'Book a Tee Time' target on the club's own site. | Region: Central FL (Orlando) | Phone: (407) 273-4653
Eastwood Golf Club,,Orlando,,Public,,,,unknown,,No website on record; session search quota exhausted before it could be located. Not researched. | Region: Central FL (Orlando) | Phone: (407) 281-4653 | Research 2026-07-29: Domain now redirects to a for-sale page; a same-named directory entry resolves to Rochester MN
Grand Cypress Golf Club - The Cypress Course,,Orlando,,Resort,https://evermoreresort.com/golf,rguest,https://book.rguest.com/onecart/golf/courses/2135/evermoreresort,yes,high,Exact link target of both 'Book Tee Times' buttons on evermoreresort.com/golf/book-tee-times; single rGuest cart serves both Cypress and Links - course is chosen inside the engine. | Region: Central FL (Orlando) | Phone: (407) 239-1904
Grand Cypress Golf Club - The Links Course,,Orlando,,Resort,https://evermoreresort.com/golf,rguest,https://book.rguest.com/onecart/golf/courses/2135/evermoreresort,yes,high,Same rGuest booking cart as the Cypress Course; exact link target on evermoreresort.com/golf/book-tee-times. Course selected within the engine. | Region: Central FL (Orlando) | Phone: (407) 239-1904
Hawk's Landing Golf Club,,Orlando,,Resort,https://www.golfhawkslanding.com,rguest,https://book.rguest.com/onecart/golf/courses/2260/hawks-landing-golf-club?id=367,yes,high,"Exact 'Book A Tee Time' link target on golfhawkslanding.com; stale date param stripped, facility id=367 retained. | Region: Central FL (Orlando) | Phone: (407) 238-8660"
Marriott's Grande Vista Golf Club,,Orlando,,Resort,,,,unknown,,"No standalone site found - grandevistagolf.com returns 403 and marriottgolf.com fails TLS. Ruled out TeeItUp (marriotts-grande-vista slug returns 'Booking Engine Not Found'). Likely Marriott Golf rGuest like sister property Hawk's Landing, but course ID could not be confirmed without search. | Region: Central FL (Orlando) | Phone: (407) 238-7677 | Research 2026-07-29: Site 403s to bots and the operator site serves a mismatched certificate"
MetroWest Golf Club,,Orlando,,Public,https://www.metrowestgolf.com,teeitup,https://metrowest-golf-club.play.teeitup.com/,yes,high,Exact link target on metrowestgolf.com/tee-times/. Parallel host metrowest-golf-club.book.teeitup.com also serves a live booking SPA. | Region: Central FL (Orlando) | Phone: (407) 299-1099
North Shore Golf Club,,Orlando,,Semi-Private,,,,unknown,,"No live website: golfnorthshore.com is parked. A north-shore-golf-club.book.teeitup.com tenant does exist, but 'North Shore Golf Club' is a very common name (WI, OR, NC, OH) and the SPA renders no city text, so identity could not be tied to Orlando - deliberately left null rather than risk an out-of-state course. Operating status also unconfirmed. | Region: Central FL (Orlando) | Phone: (407) 277-9277 | Research 2026-07-29: The obvious domains belong to other North Shore clubs; nothing ties a candidate portal to Orlando"
Rio Pinar Golf,,Orlando,,Semi-Private,https://www.riopinargolf.com,,,unknown,,"riopinargolf.com resolves to a JavaScript-only shell (no server-rendered content, links, or phone), so no booking link could be extracted. Ruled out TeeItUp (rio-pinar-golf slug invalid), Chronogolf (404) and Teesnap (riopinar.teesnap.net does not exist). | Region: Central FL (Orlando) | Phone: (407) 286-6920 | Research 2026-07-29: Site is a JavaScript-only shell with no server-rendered content"
Shingle Creek Golf Club,,Orlando,,Resort,https://www.shinglecreekgolf.com,teeitup,https://shingle-creek-golf-club.book.teeitup.com/,yes,high,Exact 'Book a Tee Time' link target on shinglecreekgolf.com; URL fetched and returns a live TeeItUp booking SPA. | Region: Central FL (Orlando) | Phone: (407) 996-1559
Stoneybrook East Golf Club,,Orlando,,Semi-Private,https://golfatstoneybrook.com,teeitup,https://stoneybrook-east.play.teeitup.golf/,yes,high,Exact booking link target on golfatstoneybrook.com/teetimes. Credit card required to guarantee the reservation. | Region: Central FL (Orlando) | Phone: (407) 384-6888
"The Ritz-Carlton Golf Club, Orlando, Grande Lakes",,Orlando,,Resort,https://www.grandelakes.com/things-to-do/golf,rguest,https://book.rguest.com/onecart/golf/courses/2282/the-ritz-carlton-golf-club-grande-lakes-orlando,yes,high,"Exact 'Reserve Tee Time' link target on the Grande Lakes golf page. Website corrected: grandelakes.com/golf now 404s, live path is /things-to-do/golf. | Region: Central FL (Orlando) | Phone: (407) 393-4900"
Ventura Country Club,,Orlando,,Semi-Private,,,,unknown,,"venturacountryclub.com 302-redirects to a GoDaddy 'for sale' page and venturacc.com serves a mismatched TLS certificate, so no official site exists to confirm a booking engine. Not resolvable without search. | Region: Central FL (Orlando) | Phone: (407) 277-2640 | Research 2026-07-29: One domain redirects to a for-sale page, the other serves a mismatched certificate"
Waldorf Astoria Golf Club,,Orlando,,Resort,https://www.waldorfastoriagolfclub.com,teeitup,https://waldorf-astoria-golf-club.book.teeitup.com/,yes,high,"Fetched URL returns a live TeeItUp booking SPA (invalid slugs return 'Booking Engine Not Found'). The club's own site blocked fetching (robots.txt timeout), but 'Waldorf Astoria Golf Club' is a globally unique name - the Bonnet Creek/Orlando course. | Region: Central FL (Orlando) | Phone: (407) 597-5500"
Wedgefield Golf Club,,Orlando,,Semi-Private,,teeitup,https://wedgefield-golf-club.book.teeitup.com/,yes,medium,"Slug serves a live TeeItUp booking SPA, but identity is not confirmed: wedgefieldgolf.com is a parked/redirect page and wedgefieldgolfclub.com is unreachable, so no course-site link target exists. Small risk this tenant is the Wedgefield course in Georgetown SC rather than Orlando FL. Confirm by phone before publishing. | Region: Central FL (Orlando) | Phone: (407) 568-2116"
Halifax Plantation Golf Club,,Ormond Beach,,Semi-Private,https://www.halifaxplantationgc.com,other:native,https://www.halifaxplantationgc.com/online-tee-times/,yes,high,"halifaxplantationgolf.com resolves but every fetch fails at TLS handshake (TLSV1_ALERT_INTERNAL_ERROR), and CORS proxies timed out - site never loaded, so the website value is DNS-confirmed only, not content-confirmed. halifaxplantation.com is the residential community site with no golf content. No TeeItUp or Teesnap subdomain exists for tried slugs. | Region: Space Coast & Treasure Coast | Phone: (386) 676-9600 | Research 2026-07-29: Own-site booking page (GolfNow Business widget); our old domain was dead"
Riviera Country Club,,Ormond Beach,,Semi-Private,,,,no,,"Confirmed course exists at 500 Calle Grande St, Ormond Beach FL (TeeOff directory), but TeeOff has only a stub details page (no booking). No official domain found; rivieragolfclub.com is parked, rivieraccfl.com / rivieraccormondbeach.com / rivieragolfclubormondbeach.com do not resolve. WebSearch unavailable. | Region: Space Coast & Treasure Coast | Phone: (386) 677-2464 | Research 2026-07-29: Active facility, Ormond Beach; no site or online sheet located"
Cypress Point Golf Club & RV Resort,,Osteen,,Public,,,,no,,"Listed on TeeOff as 'Cypress Point RV Golf Club', 650 Osteen Maytown Rd, Osteen FL, details-page only (no online booking). No official domain resolved (cypresspointgolfrv.com, cypresspointrvresort.com, cypresspointgolfandrv.com, cypresspointgolfclubrvresort.com all NXDOMAIN). | Region: Space Coast & Treasure Coast | Phone: (407) 323-0760 | Research 2026-07-29: 9-hole public, Osteen; directory entry only"
Twin Rivers Golf Club,,Oviedo,,Semi-Private,https://www.twinriversgolf.com,teeitup,https://twin-rivers-golf-club.book.teeitup.com/,yes,medium,"Homepage confirms Twin Rivers Golf Club, Oviedo FL and public play, but the 'Book a Tee Time' button target is JS-injected and every subpath (/tee-times, /rates, /sitemap.xml) returns 403. The TeeItUp slug is a live tenant but the SPA shows no city, so the match to Oviedo is inferred, not proven. | Region: Central FL (Orlando) | Phone: (407) 366-1211"
Stonebrook Golf Club,,Pace,,Public,https://stonebrook-golf.com,clubprophet,https://stonebrookfl.cps.golf/,yes,high,CPS Online Reservation V4 loaded | Region: Northwest FL (Panhandle) | Phone: (850) 994-7171
Palatka Golf Club,,Palatka,,Municipal,https://www.palatkagolfclub.com,ezlinks,http://palatka.ezlinksgolf.com,yes,high,"Site is Powered by Golf Channel Solutions and has a Tee Times nav link, but that page returns 403. | Region: Northeast FL (Jacksonville) | Phone: (386) 329-0141 | Research 2026-07-29: Tee Times nav item on the club's own site points to this EZLinks portal"
Jo Daddy's Golf Course,,Palm Bay,,Public,,,,no,,"Confirmed as 'Jo Daddy's Lighted Golf Course', 3255 Jupiter Blvd SE, Palm Bay FL via TeeOff directory; details page only, no online booking and no phone/website published there. jodaddysgolf.com NXDOMAIN; jodaddysgolfcourse.com is an unrelated Japanese blog. | Region: Space Coast & Treasure Coast | Research 2026-07-29: Active public course, Palm Bay; no online booking"
The Majors Golf Club at Bayside Lakes,,Palm Bay,,Semi-Private,,,,no,,"Confirmed at 3375 Bayside Lakes Blvd SE, Palm Bay FL via TeeOff directory (details page only, no booking engine). themajorsgolfclub.com / majorsgolfclub.com / baysidelakesgolf.com dead or parked; teeitup slugs majorsgolfclub, themajors, majorsgolf all invalid. | Region: Space Coast & Treasure Coast | Research 2026-07-29: Palmer-designed public course; former domain now for sale"
Palm Beach Par 3 Golf Course,,Palm Beach,,Municipal,https://www.golfontheocean.com/,golfback,https://golfback.com/#/course/dd7741ee-f10c-4544-9f7f-e4617f9bd54a,yes,high,Golfback link from /tee-times/ Book Online button | Region: Southeast FL | Phone: (561) 547-0598
The Breakers - Ocean Course,,Palm Beach,,Resort,https://www.thebreakers.com/activities/golf/,,,no,,Play limited to Breakers guests and members | Region: Southeast FL | Phone: (877) 724-3188
PGA National - The Estates Course,,Palm Beach Gardens,,Public,,,,unknown,,"No website found; operator unconfirmed | Region: Southeast FL | Research 2026-07-29: PGA National now lists only Champion, Palmer, Fazio, Match and Staple — the Estates Course's current operator is unidentified"
PGA National Resort - The Champion Course,,Palm Beach Gardens,,Resort,https://www.pgaresort.com/golf,,,no,,Resort golf page lists phone/email tee times only | Region: Southeast FL | Phone: (561) 627-1804
PGA National Resort - The Fazio Course,,Palm Beach Gardens,,Resort,https://www.pgaresort.com/golf,,,no,,Resort golf page lists phone/email tee times only | Region: Southeast FL | Phone: (561) 627-1804
PGA National Resort - The Match Course,,Palm Beach Gardens,,Resort,https://www.pgaresort.com/golf,,,no,,Resort golf page lists phone/email tee times only | Region: Southeast FL | Phone: (561) 627-1804
PGA National Resort - The Palmer Course,,Palm Beach Gardens,,Resort,https://www.pgaresort.com/golf,,,no,,Resort golf page lists phone/email tee times only | Region: Southeast FL | Phone: (561) 627-1804
PGA National Resort - The Staple,,Palm Beach Gardens,,Resort,https://www.pgaresort.com/golf,,,no,,Resort golf page lists phone/email tee times only | Region: Southeast FL | Phone: (561) 627-1804
Sandhill Crane Golf Club,,Palm Beach Gardens,,Municipal,https://www.pbgfl.gov/1330/Sandhill-Crane-Golf-Club,other:native,https://www.pbgfl.gov/1334/Book-Championship-Course-Tee-Time,yes,high,City site blocked by robots at check time | Region: Southeast FL | Research 2026-07-29: City hosts a dedicated booking page with an embedded widget
The Nest Par 3 at Sandhill Crane Golf Club,,Palm Beach Gardens,,Municipal,https://www.pbgfl.gov/1331/The-Nest-Par-3,other:native,https://www.pbgfl.gov/1335/Book-The-Nest-Par-3-Tee-Time,yes,high,City site blocked by robots at check time | Region: Southeast FL | Research 2026-07-29: Separate city booking page with embedded widget
Crane Watch Club,,Palm City,,Semi-Private,,ezlinks,https://www.teeoff.com/tee-times/facility/4840-crane-watch-club/search,yes,high,"Facility booking-search page loaded and confirms Crane Watch Club, 4225 SW Bimini Cir S, Palm City FL. No inventory shown for the default date at time of check. cranewatchclub.com resolves but connections time out through the proxy. | Region: Space Coast & Treasure Coast"
Hammock Creek Golf Club,,Palm City,,Semi-Private,https://www.hammockcreekgolfclub.com/,other:golf18network,,yes,medium,"Official site confirmed (Palm City FL, off SW High Meadow Ave) and states 'We have changed online internet tee time service provider to Golf 18' (Golf18Network), but the booking link is JS-rendered and no URL is exposed; /tee-times paths and sitemap intermittently fail robots/DNS, and golf18network.com fails TLS handshake through the proxy. | Region: Space Coast & Treasure Coast"
Martin Downs Golf Club - Osprey Creek Course,,Palm City,,Public,https://www.martindownsgolfclub.com/,ezlinks,https://www.teeoff.com/tee-times/facility/11457-martin-downs-golf-club/search,yes,high,"Facility booking-search page loaded: Martin Downs Golf Club, 3801 SW Greenwood Way, Palm City FL, 18 holes/par 72/6,828 yds - matches the public Osprey Creek course. No inventory for default date at check time. Website listed is martindownsgolfclub.com ('Martin Downs Country Club'); its 'Book your tee time' button is JS-only, and the page does not state the city, so the domain match is probable but not city-confirmed. | Region: Space Coast & Treasure Coast"
Palm Cove Golf & Yacht Club,,Palm City,,Semi-Private,https://www.palmcovegolf.com/,,,no,,"Official site (2363 SW Carriage Hill Terrace, Palm City FL) explicitly advertises 'No tee times' - members play on arrival; no online booking exists. Phone corrected from (561) 913-4653 to the number on the club site. | Region: Space Coast & Treasure Coast | Phone: (772) 238-7442"
Cypress Knoll Golf & Country Club,,Palm Coast,,Public,https://www.cypressknollgolfandcountryclub.com,teeitup,https://cypress-knoll-golf-course.book.teeitup.com/,yes,high,Gary Player design; reopened under new ownership after 2021 closure | Region: Northeast FL (Jacksonville) | Phone: (386) 437-5807
Hammock Beach Golf Resort & Spa - Conservatory Course,,Palm Coast,,Resort,https://www.hammockbeach.com/golf/watson-conservatory-course/,,,no,,Resort site exposes only lodging booking (synxis). No golf tee-sheet engine found; golf shop direct line 386-246-5411. | Region: Northeast FL (Jacksonville) | Phone: (386) 447-4600 | Research 2026-07-29: Resort site books lodging only; golf shop line for tee times
Hammock Beach Golf Resort & Spa - Ocean Course,,Palm Coast,,Resort,https://www.hammockbeach.com/golf/nicklaus-ocean-course/,,,no,,Resort site exposes only lodging booking (synxis). No golf tee-sheet engine found; golf shop direct line 386-447-4611. | Region: Northeast FL (Jacksonville) | Phone: (386) 447-4600 | Research 2026-07-29: Same: tee times handled by the golf shop
Palm Harbor Golf Club,,Palm Coast,,Municipal,https://www.palmcoast.gov/palm-harbor,teeitup,https://palm-harbor-golf-club.book.teeitup.com/,yes,high,Link published on City of Palm Coast course page. | Region: Northeast FL (Jacksonville) | Phone: (386) 986-4653
Pine Lakes Golf Club,,Palm Coast,,Public,https://www.pinelakesgolfclubfl.com,ezlinks,https://gcpinelakes.ezlinksgolf.com/index.html#/search,yes,high,"Arnold Palmer/Ed Seay design, formerly part of The Grand Club | Region: Northeast FL (Jacksonville) | Phone: (386) 445-0852"
Innisbrook Resort - Copperhead Course,,Palm Harbor,,Resort,https://www.innisbrookgolfresort.com,,,no,,"No online tee-time engine anywhere on innisbrookgolfresort.com - checked homepage, /golf, /golf/overview, the four course pages, /golf/golf-groups and the full sitemap.xml. The only 'BOOK' control is the lodging SPA (#/booking/step-1). Golf shop 727-942-5208; group play via RFP at 727-942-5235. No TeeItUp subdomain (innisbrook, innisbrook-resort both dead). | Region: Tampa Bay | Phone: (727) 942-2000"
Innisbrook Resort - Island Course,,Palm Harbor,,Resort,https://www.innisbrookgolfresort.com,,,no,,No online tee-time engine on innisbrookgolfresort.com (sitemap.xml has no tee-time/booking page; only the lodging booking SPA). Golf shop 727-942-5208. | Region: Tampa Bay | Phone: (727) 942-2000
Innisbrook Resort - North Course,,Palm Harbor,,Resort,https://www.innisbrookgolfresort.com,,,no,,No online tee-time engine on innisbrookgolfresort.com (sitemap.xml has no tee-time/booking page; only the lodging booking SPA). Golf shop 727-942-5208. | Region: Tampa Bay | Phone: (727) 942-2000
Innisbrook Resort - South Course,,Palm Harbor,,Resort,https://www.innisbrookgolfresort.com,,,no,,No online tee-time engine on innisbrookgolfresort.com (sitemap.xml has no tee-time/booking page; only the lodging booking SPA). Golf shop 727-942-5208. | Region: Tampa Bay | Phone: (727) 942-2000
Lansbrook Golf Club,,Palm Harbor,,Public,,teeitup,https://lansbrook-golf-club.book.teeitup.com/,yes,high,"TeeItUp subdomain loads a live 'Tee Times' booking SPA. Name is unique to Palm Harbor FL. No reachable official website (lansbrookgolfclub.com, lansbrookgolf.com, lansbrookgc.com all fail DNS). | Region: Tampa Bay | Phone: (727) 784-7333"
Tarpon Woods Golf Club,,Palm Harbor,,Public,https://www.tarponwoodsgc.com,teeitup,https://tarpon-woods-golf-club.book.teeitup.com/,yes,high,"TeeItUp subdomain loads a live 'Tee Times' booking SPA. tarponwoodsgc.com/tee-times shows only a request form, so the engine URL is listed. Site confirms Palm Harbor, FL 34685; phone corrected to (727) 784-7606. | Region: Tampa Bay | Phone: (727) 784-7606"
Buffalo Creek Golf Course,,Palmetto,,Municipal,https://www.golfmanatee.com,chronogolf,https://www.chronogolf.com/club/buffalo-creek-golf-course-florida-palmetto,yes,medium,"Same TeeItUp tenant as sister Manatee GC | Region: Southwest FL | Phone: (941) 776-2611 | 2026-08-19 dark-course audit: left TeeItUp for chronogolf. Chronogolf sheet, 8100 69th St E Palmetto. Greens regrassed; banner says #17 and #10 open Fri 21 Aug. Peak 596."
Moccasin Wallow Golf Club,,Palmetto,,Semi-Private,https://www.golfthemoc.com,teesnap,https://moccasinwallowgc.teesnap.net/,yes,high,Teesnap tee sheet linked from golfthemoc.com | Region: Southwest FL | Phone: (941) 723-0500
Terra Ceia Bay Country Club,,Palmetto,,Semi-Private,https://www.terraceiabaycc.com,teeitup,https://terra-ceia-bay.book.teeitup.com/,yes,high,Linked from terraceiabaycc.com/golf-booking | Region: Southwest FL | Phone: (941) 729-7663
Bay Point Golf Club,,Panama City Beach,,Resort,https://www.baypointgolfclub.com,teeitup,https://bay-point-resort-nicklaus.book.teeitup.com/,yes,high,Nicklaus Course - only Nicklaus Design course in NW Florida; public tee times; former Meadows course is closed | Region: Northwest FL (Panhandle) | Phone: (850) 235-6950
Camp Creek Golf Club,,Panama City Beach,,Resort,https://watersoundclub.com/golf/camp-creek-golf-course/,,,no,,Private Watersound Club course; members/resort guests only via members.watersoundclub.com portal or membership office | Region: Northwest FL (Panhandle) | Phone: (850) 213-5181
Legacy Golf Club,,Panama City Beach,,Public,https://www.legacygolfpcb.com,teeitup,https://legacy-golf-club-pcb.book.teeitup.com/,yes,high,Formerly Holiday Golf Club (renamed 2022); 18-hole course plus lighted 9-hole par-3/executive course | Region: Northwest FL (Panhandle) | Phone: (850) 234-1800
Signal Hill Golf Course,,Panama City Beach,,Public,https://signalhillgolfcourse.com,other:native,https://signalhillgolfcourse.com/product/book-tee-time/,yes,high,WooCommerce-based date/time booking on own domain; no separable engine URL | Region: Northwest FL (Panhandle) | Phone: (850) 234-5051
River Wilderness Golf & Country Club,,Parrish,,Semi-Private,,,,no,,No club site resolved; outside play policy unconfirmed | Region: Southwest FL | Research 2026-07-29: Semi-private open to public; only third-party listing found
Grand Palms Golf Club,,Pembroke Pines,,Resort,https://www.grandpalmshotel.com/,golfnow,https://www.golfnow.com/tee-times/facility/999-grand-palms-golf-resort/search,yes,high,Link from grandpalmshotel.com; facility Pembroke Pines FL | Region: Southeast FL | Phone: (954) 437-3334
Pembroke Lakes Golf Club,,Pembroke Pines,,Municipal,,,,unknown,,No official site reachable at check time | Region: Southeast FL | Phone: (954) 431-4144 | Research 2026-07-29: Both candidate domains unreachable through the proxy
Raintree Golf Resort,,Pembroke Pines,,Public,,,,unknown,,raintreegolf.com is unrelated parked content | Region: Southeast FL | Research 2026-07-29: Official domain not resolved
A.C. Read Golf Club,,Pensacola,,Military,https://www.navymwrpensacola.com/programs/6e429faf-c74d-44dc-9690-b872b66401cc,,,no,,Navy MWR program page states 'Please call 850-452-2454 for Tee Times'; no online booking | Region: Northwest FL (Panhandle) | Phone: (850) 452-2454
Marcus Pointe Golf Club,,Pensacola,,Semi-Private,https://www.marcuspointegc.com,teeitup,https://marcus-pointe-golf-club.book.teeitup.com/,yes,high,18-hole championship course; public tee times available | Region: Northwest FL (Panhandle) | Phone: (850) 484-9770
Osceola Golf Course,,Pensacola,,Municipal,https://www.cityofpensacola.com/909/Osceola-Golf-Course,teesnap,https://osceolagolfcoursefl.teesnap.net/,yes,high,Teesnap tee sheet loaded (showed temporary maintenance banner) | Region: Northwest FL (Panhandle) | Phone: (850) 453-7599
Perdido Bay Golf Club,,Pensacola,,Public,https://www.perdidobaygolf.com,teeitup,https://perdido-bay-golf-club.book.teeitup.com/?course=3730,yes,high,Former PGA Tour (Pensacola Open) host course; public with stay-and-play lodging | Region: Northwest FL (Panhandle) | Phone: (850) 492-1223
Scenic Hills Country Club,,Pensacola,,Semi-Private,https://scenichills.com,golfback,https://golfback.com/#/course/402ebee4-8cba-44d0-a98f-ef0a58951b70,yes,medium,"Public tee times link on own site goes to Golfback; members use Club Caddie (clubid 103509). Golfback app is JS-rendered, tee sheet not directly confirmable | Region: Northwest FL (Panhandle) | Phone: (850) 476-0380"
Lost Key Golf Club,,Pensacola (Perdido Key),,Resort,https://www.lostkey.com,,,no,low,"lostkey.com has an expired TLS certificate so it cannot be fetched; WebSearch quota exhausted, no confirmed booking URL | Region: Northwest FL (Panhandle) | Phone: (850) 549-2160"
Perry Golf & Country Club,,Perry,,Semi-Private,,,,no,low,"No official website found; WebSearch quota exhausted. Small 9-hole semi-private club, likely phone-only | Region: Northwest FL (Panhandle) | Phone: (850) 584-3590"
Mainlands Golf Club,,Pinellas Park,,Public,https://mainlandsgolf.com,teeitup,https://mainlands-golf-course.book.teeitup.com/?course=1710,yes,high,"Exact booking link target on mainlandsgolf.com, which confirms 9445 Mainlands Blvd W, Pinellas Park, FL 33782. course=1710 is the facility selector, not a stale session param. | Region: Tampa Bay | Phone: (727) 577-4847"
Jacaranda Golf Club - East Course,,Plantation,,Semi-Private,https://www.jacarandagolfclub.com/,totale,https://www.jacarandagolfclub.com/Book-a-Tee-Time,yes,high,Course selector East/West on booking page | Region: Southeast FL | Phone: (954) 472-5836
Jacaranda Golf Club - West Course,,Plantation,,Closed,https://www.jacarandagolfclub.com/,totale,https://www.jacarandagolfclub.com/Book-a-Tee-Time,no,high,"West closed for renovation, reopening November | Region: Southeast FL | Phone: (954) 472-5836 | Verified dark 2026-07-29: shut for renovation and serving no tee times, so it is carried as Closed rather than advertising a booking link a golfer cannot use (reopening November; the East course is unaffected and still sells); flip back on reopening"
Plantation Preserve Golf Course & Club,,Plantation,,Municipal,https://www.plantation.org/government/departments/parks-recreation/plantation-preserve-golf-course-club,other:webtrac,https://parks.plantation.org/webtrac/web/search.html?module=GR&display=detail,yes,high,City WebTrac portal linked from official page | Region: Southeast FL | Phone: (954) 585-5020
Stonegate Golf Club at Solivita - Cypress Course,,Poinciana,,Semi-Private,https://www.stonegategolf.com,teeitup,https://stonegate-golf-club-cypress-course.play.teeitup.com/,yes,high,"Exact booking link target on stonegategolf.com/tee-times/cypress-course. Separate engine per course. Members use a legacy EZLinks lottery, but public booking is TeeItUp. | Region: Central FL (Orlando) | Phone: (863) 427-7150"
Stonegate Golf Club at Solivita - Oaks Course,,Poinciana,,Semi-Private,https://www.stonegategolf.com,teeitup,https://stonegate-golf-club-oaks-course.play.teeitup.com/,yes,high,Exact booking link target on stonegategolf.com/tee-times/oaks-course. Non-members welcome to book. | Region: Central FL (Orlando) | Phone: (863) 427-7150
Palm-Aire Country Club - Cypress Course,,Pompano Beach,,Semi-Private,https://palmaire.clublink.com/,other:linkline,https://us.linklineonline.ca/web/tee-times,yes,high,ClubLink LinkLine; course IDs PAC/PAP/PAO | Region: Southeast FL | Phone: (954) 978-1737
Palm-Aire Country Club - Oaks Course,,Pompano Beach,,Semi-Private,https://palmaire.clublink.com/,other:linkline,https://us.linklineonline.ca/web/tee-times,yes,high,ClubLink LinkLine; select Oaks in course filter | Region: Southeast FL | Phone: (954) 978-1737
Pompano Beach Golf Course - Palms Course,,Pompano Beach,,Municipal,https://parks.pompanobeachfl.gov/golf,other:webtrac,https://flpompanobeachgolfweb.myvscloud.com/webtrac/web/splash.html,yes,high,City WebTrac; linked from parks.pompanobeachfl.gov/golf | Region: Southeast FL | Phone: (954) 781-0426
Pompano Beach Golf Course - Pines Course,,Pompano Beach,,Municipal,https://parks.pompanobeachfl.gov/golf,other:webtrac,https://flpompanobeachgolfweb.myvscloud.com/webtrac/web/splash.html,yes,high,City WebTrac; linked from parks.pompanobeachfl.gov/golf | Region: Southeast FL | Phone: (954) 781-0426
Palm Valley Golf Club,,Ponte Vedra Beach,,Public,,,,no,,"No official website found and no booking portal located; small Palm Valley short-course/practice facility, likely phone-only | Region: Northeast FL (Jacksonville) | Phone: (904) 824-9279 | Research 2026-07-29: Small Ponte Vedra facility; no website or booking portal"
Ponte Vedra Inn & Club - Lagoon Course,,Ponte Vedra Beach,,Resort,https://www.pontevedra.com,,,no,,Members and resort guests only; no public online tee sheet. Tee times via Golf Pro Shop (904) 285-5200 | Region: Northeast FL (Jacksonville) | Phone: (904) 285-1111
Ponte Vedra Inn & Club - Ocean Course,,Ponte Vedra Beach,,Resort,https://www.pontevedra.com,,,no,,Members and resort guests only; no public online tee sheet. Tee times via Golf Pro Shop (904) 285-5200 | Region: Northeast FL (Jacksonville) | Phone: (904) 285-1111
TPC Sawgrass - Dye's Valley Course,,Ponte Vedra Beach,,Resort,https://tpc.com/sawgrass,ezlinks,https://tpcsawgrass.ezlinksgolf.com,yes,high,Exact link target of 'See tee times over next 14 days' on tpc.com/sawgrass/book-a-tee-time/; engine itself returns 403 to bots. One portal covers both courses | Region: Northeast FL (Jacksonville) | Phone: (904) 273-3235
TPC Sawgrass - The Players Stadium Course,,Ponte Vedra Beach,,Resort,https://tpc.com/sawgrass,ezlinks,https://tpcsawgrass.ezlinksgolf.com,yes,high,Exact link target of 'See tee times over next 14 days' on tpc.com/sawgrass/book-a-tee-time/; engine itself returns 403 to bots. One portal covers both courses | Region: Northeast FL (Jacksonville) | Phone: (904) 273-3235
The Yards,,Ponte Vedra Beach,,Public,,teeitup,https://the-yards.book.teeitup.com/,yes,medium,"TeeItUp subdomain resolves to a live Tee Times booking app, but no official course site found to confirm it is the Ponte Vedra Beach facility | Region: Northeast FL (Jacksonville) | Phone: (904) 285-5552"
Kings Gate Golf Club,,Port Charlotte,,Semi-Private,https://www.kingsgategolfclub.com,teeitup,https://kings-gate-golf-club.book.teeitup.com/,yes,medium,"TeeItUp slug live; club site JS-only, link unconfirmed | Region: Southwest FL"
Maple Leaf Golf & Country Club,,Port Charlotte,,Semi-Private,,,,no,,"No reachable website; domain guesses failed | Region: Southwest FL | Research 2026-07-29: Executive course, semi-private open to the public"
Port Charlotte Golf Club,,Port Charlotte,,Semi-Private,,,,no,medium,"TeeItUp slug live; course identity unconfirmed | Region: Southwest FL | 2026-08-19 dark-course audit: phone / walk-on only, no online booking. Club website 404s; directories list phone only and no online booking."
Riverwood Golf Club,,Port Charlotte,,Semi-Private,https://www.riverwoodgc.com,teeitup,https://riverwood-golf-club.book.teeitup.golf/,yes,high,Linked from club site golf page | Region: Southwest FL | Phone: (941) 764-6661
Crane Lakes Golf & Country Club,,Port Orange,,Semi-Private,https://www.cranelakesgolf.com/,clubprophet,https://cranelakes.cps.golf/CraneLakesV3/Home/TeeSheet,yes,high,Exact 'Book Tee Time' target on cranelakesgolf.com; stale ASP.NET session segment (S(...)) stripped. cps.golf blocks bots via robots.txt. | Region: Space Coast & Treasure Coast | Phone: (386) 767-4653
Cypress Head Golf Club,,Port Orange,,Municipal,https://cypressheadgolf.com/,other:native,https://cypressheadgolf.com/,yes,high,"City of Port Orange course. Site FAQ states tee times are reserved via the website, by phone, or in the golf shop; the 'Book a tee time' button is a JS widget with href='#' and no separable engine URL (teeitup slugs cypresshead/cypress-head invalid; no foreup/chronogolf/cps references in markup or sitemap). Phone corrected to golf shop number on site. | Region: Space Coast & Treasure Coast | Phone: (386) 756-5449"
Spruce Creek Country Club,,Port Orange,,Semi-Private,https://www.sprucecreekgolf.com/,ezlinks,https://www.teeoff.com/tee-times/facility/5061-spruce-creek-country-club/search,yes,high,"Facility booking-search page loaded and confirms 1900 Country Club Dr, Port Orange FL. No inventory for default date at check time. Club site (sprucecreekgolf.com, Spruce Creek Fly-In community) confirmed but exposes no booking link; subpages fail DNS intermittently through the proxy. | Region: Space Coast & Treasure Coast | Phone: (386) 756-6114"
St. Joseph Bay Golf Club,,Port St. Joe,,Public,https://stjoebaygolf.com,foreup,https://foreupsoftware.com/index.php/booking/20139/3699#/teetimes,yes,high,"Exact link target on course site (merchant 20139, schedule 3699); foreupsoftware.com blocks fetchers | Region: Northwest FL (Panhandle) | Phone: (850) 227-1751"
Club Med Sandpiper Bay Golf Course,,Port St. Lucie,,Resort,https://www.sandpiperallinclusive.com/,,,no,,"Club Med no longer operates this property. 4500 SE Pine Valley St, Port St. Lucie is now the voco Sandpiper All-Inclusive Resort (IHG); its site lists no golf course and no tee-time booking. No public golf booking exists under this name. | Region: Space Coast & Treasure Coast | Phone: (772) 398-5100"
PGA Golf Club - Dye Course,,Port St. Lucie,,Resort,https://www.pgavillage.com/,,,no,,pgavillage.com 'Book A Tee Time' pages state 'FOR AVAILABLE TEE TIMES PLEASE CALL 800.800.GOLF'; reservations up to 6 days out by phone. No booking engine linked or embedded. | Region: Space Coast & Treasure Coast | Phone: (800) 800-4653
PGA Golf Club - Ryder Course,,Port St. Lucie,,Resort,https://www.pgavillage.com/,,,no,,"Same as Dye Course: pgavillage.com booking pages are phone-only (800-800-GOLF), no online engine. | Region: Space Coast & Treasure Coast | Phone: (800) 800-4653"
PGA Golf Club - Short Course,,Port St. Lucie,,Resort,https://www.pgavillage.com/,,,no,,Same as other PGA Village courses: phone-only booking (800-800-GOLF) on pgavillage.com. | Region: Space Coast & Treasure Coast | Phone: (800) 800-4653
PGA Golf Club - Wanamaker Course,,Port St. Lucie,,Resort,https://www.pgavillage.com/,,,no,,Same as other PGA Village courses: phone-only booking (800-800-GOLF) on pgavillage.com. | Region: Space Coast & Treasure Coast | Phone: (800) 800-4653
Savanna Club Golf Course,,Port St. Lucie,,Semi-Private,,ezlinks,https://www.teeoff.com/tee-times/facility/18244-savanna-club-golf-course/search,yes,high,"Facility booking-search page loaded and confirms Savanna Club Golf Course, 3490 Crabapple Dr, Port St. Lucie FL. No inventory for default date at check time. Community site (savannaclub.com) redirects to suncommunities.com and has no golf booking; the only phone there is the Sun Communities sales line (888) 278-5434, not the pro shop, so left null. | Region: Space Coast & Treasure Coast"
The Champion Turf Club at St. James,,Port St. Lucie,,Public,,,,no,,"No official domain found: championturfclub.com, thechampionturfclub.com, championturfclubgolf.com, championturfclub.golf, stjamesgolfclubpsl.com all NXDOMAIN; stjamesgolfclub.com is parked. TeeItUp slugs champion-turf-club-at-st-james and st-james invalid. Not listed in the TeeOff Port St. Lucie directory. WebSearch unavailable. | Region: Space Coast & Treasure Coast | Phone: (772) 336-4653 | Research 2026-07-29: Active 18-hole public, Port St. Lucie; domain parked"
The Saints at Port St. Lucie Golf Course,,Port St. Lucie,,Municipal,https://www.saintspsl.com/,teeitup,https://the-saints-at-port-st-lucie.book.teeitup.com/?course=10667,yes,high,"Exact 'Book a Tee Time' target on the official course site saintspsl.com (linked from cityofpsl.com). Course ID param retained (identifies the course, not a session/date). | Region: Space Coast & Treasure Coast | Phone: (772) 398-2901"
Babcock National Golf & Country Club,,Punta Gorda,,Semi-Private,https://www.babcocknationalgc.com,golfnow,https://www.golfnow.com/tee-times/facility/17169-babcock-national/search,yes,high,Public via GolfNow; members use Chelsea | Region: Southwest FL | Phone: (941) 347-2200
Blue Heron Pines Golf Club,,Punta Gorda,,Semi-Private,,,,unknown,,"Same-name NJ course risk; no FL site found | Region: Southwest FL | Research 2026-07-29: Semi-private open to public at 29201 Jones Loop Rd; two candidate TeeItUp aliases exist and one likely belongs to the identically-named New Jersey club, so no link is safe to publish"
Deep Creek Golf Club,,Punta Gorda,,Public,https://deepcreekgc.com,,,no,,Site directs to call or email for tee times | Region: Southwest FL | Phone: (941) 625-6911
Heritage Landing Golf & Country Club,,Punta Gorda,,Semi-Private,https://heritagelanding.golf,other:chelsea,https://herland.chelseareservations.com/Members/,yes,high,Member portal; public play seasonal by phone | Region: Southwest FL | Phone: (239) 980-2282
Seminole Lakes Country Club,,Punta Gorda,,Semi-Private,,,,yes,medium,"No reachable website found | Region: Southwest FL | Research 2026-07-29: Semi-private open to the public, Punta Gorda; engine not captured"
The Golf Club at Burnt Store Marina,,Punta Gorda,,Semi-Private,,,,no,,bsmgolf.com returns 403; booking not confirmed | Region: Southwest FL | Research 2026-07-29: 27 holes resort/semi-private open to the public
Webbs Reserve Golf Club,,Punta Gorda,,Semi-Private,,,,yes,medium,"Site renders JS-only; no booking link retrieved | Region: Southwest FL | Research 2026-07-29: 2024 Nicklaus Design course, semi-private open; engine not captured"
Golf Club of Quincy,,Quincy,,Semi-Private,https://www.golfclubofquincy.com,,,no,,Own site instructs golfers to call for tee times; no online booking engine present | Region: Northwest FL (Panhandle) | Phone: (850) 627-9631
Reunion Resort - Nicklaus Course,,Reunion,,Resort,https://www.reunionresort.com/golf,,,no,,Both reunionresort.com/golf and /golf/courses state tee times must be booked by calling the pro shop at 407.396.3199; no online engine or booking link exists anywhere on the golf section. Groups over 12 via inquiries@reunionresort.com. | Region: Central FL (Orlando) | Phone: (407) 396-3199
Reunion Resort - Palmer Course,,Reunion,,Resort,https://www.reunionresort.com/golf,,,no,,Same as the other Reunion courses - the resort's own course pages instruct callers to reserve by phone at 407.396.3199; no online tee sheet published. | Region: Central FL (Orlando) | Phone: (407) 396-3199
Reunion Resort - Watson Course,,Reunion,,Resort,https://www.reunionresort.com/golf,,,no,,"Reunion's golf pages state tee times are required, not guaranteed, and must be booked by phone at 407.396.3199; no public online booking engine. | Region: Central FL (Orlando) | Phone: (407) 396-3199"
Summerfield Crossings Golf Club,,Riverview,,Public,,teesnap,https://summerfieldgc.teesnap.net/,yes,high,"TeeItUp subdomain loads a live 'Tee Times' booking SPA. Name is unique to Riverview FL. No reachable official website (summerfieldcrossings.com / summerfieldcrossingsgolfclub.com fail DNS). | Region: Tampa Bay | Phone: (813) 671-3311 | 2026-08-19 dark-course audit: left TeeItUp for teesnap. Teesnap site branded Summerfield Crossings, 13050 Summerfield Blvd Riverview. Currently showing a maintenance banner."
Turtle Creek Golf Club,,Rockledge,,Semi-Private,,,,unknown,,"Confirmed at 1279 Admiralty Blvd, Rockledge FL via TeeOff directory, but details page only (no booking). golfturtlecreek.com is a JS single-page site for a 'Turtle Creek Golf Club' described as a traditional Old Florida course (1971, Robert Renaud, Champions Bermuda greens) with a 'Book Now' button whose target is not exposed - it never names the city, so identity is unconfirmed and the domain is not asserted. turtlecreekgolf.com is a different course in Limerick, PA. TeeItUp slugs turtlecreek/turtle-creek/turtlecreekgolfclub invalid. | Region: Space Coast & Treasure Coast | Research 2026-07-29: Sources conflict — one directory lists it active in Rockledge, another flags it closed for business; domain is for sale"
Rotonda Golf & Country Club - Long Marsh Golf Club,,Rotonda West,,Semi-Private,https://www.rotondagolf.com,other:native,https://rotondagolf.com/long-marsh-course?showwidget=true,yes,high,Widget link target on club site | Region: Southwest FL | Phone: (941) 698-0918
Rotonda Golf & Country Club - Pinemoor Golf Club,,Rotonda West,,Semi-Private,https://www.rotondagolf.com,other:native,https://rotondagolf.com/pinemoor-course?showwidget=true,yes,high,Widget link target on club site | Region: Southwest FL | Phone: (941) 697-2414
Rotonda Golf & Country Club - The Hills Course,,Rotonda West,,Semi-Private,https://www.rotondagolf.com,other:native,https://rotondagolf.com/the-hills-course/?showwidget=true,yes,high,Widget link target on club site | Region: Southwest FL | Phone: (941) 697-2414
Rotonda Golf & Country Club - The Links Course,,Rotonda West,,Semi-Private,https://www.rotondagolf.com,other:native,https://rotondagolf.com/the-links-course?showwidget=true,yes,high,Widget link target on club site | Region: Southwest FL | Phone: (941) 697-2414
Rotonda Golf & Country Club - The Palms Course,,Rotonda West,,Semi-Private,https://www.rotondagolf.com,other:native,https://rotondagolf.com/the-palms-course?showwidget=true,yes,high,Widget link target on club site | Region: Southwest FL | Phone: (941) 697-2414
The Cove of Rotonda Golf Center,,Rotonda West,,Public,https://thecoveofrotonda.com,teeitup,https://the-cove-of-rotonda-golf-center.book.teeitup.com/,yes,high,Linked from site book-a-tee-time page | Region: Southwest FL | Phone: (941) 697-3900
Madison Green Golf Club,,Royal Palm Beach,,Public,https://madisongreengolf.com,other:native,https://madisongreengolf.com/,yes,high,Site subpages return 403; booking link not exposed | Region: Southeast FL | Research 2026-07-29: Site states its reservation system allows booking tee times online
Village Golf Club,,Royal Palm Beach,,Public,https://villagegolf.club/,chronogolf,https://www.chronogolf.com/club/village-golf-club,yes,high,Confirmed Royal Palm Beach FL on Chronogolf page | Region: Southeast FL | Phone: (561) 793-1400
Cypress Creek Golf Club,,Ruskin,,Public,https://www.cypresscreekgolfclub.com,ezlinks,https://cypresscreekgc.ezlinks.com/,yes,high,"Exact 'Public Tee Times' link target on cypresscreekgolfclub.com/book-a-tee-time/, which confirms 1011 Cypress Village Blvd, Ruskin, FL 33573. Note golfcypresscreek.com is a different Cypress Creek in Cabot, AR. | Region: Tampa Bay | Phone: (813) 634-8888"
Abbey Course at Saint Leo University,,Saint Leo,,Public,,golfnow,https://www.golfnow.com/tee-times/facility/2764-abbey-course-at-st-leo-university/search,yes,high,"Could not locate any booking engine or official page. All domain guesses failed DNS (abbeycourse.com, theabbeycourse.com, abbeygolfcourse.com, abbeycoursegolf.com, abbeycourse.golf, abbeycourseatsaintleo.com); saintleo.edu/abbey-course and /abbey-golf-course return 404 and the saintleo.edu homepage has no link to it; TeeItUp slugs abbey-course / abbeycourse / abbey-golf-course all dead; GolfNow's Dade City and Saint Leo directory pages do not list it. Null rather than a guess. | Region: Tampa Bay | Research 2026-07-29: Public; GolfNow is the only booking path found, no course domain"
Tampa Bay Golf & Country Club,,San Antonio,,Semi-Private,,teeitup,https://tampa-bay-golf-country-club.book.teeitup.com/,yes,high,"TeeItUp subdomain loads a live 'Tee Times' booking SPA; name is unique to the San Antonio FL 55+ community. tampabaygolfandcountryclub.com and tbgcc.com are parked/for-sale domains, so no official site is listed. | Region: Tampa Bay | Phone: (352) 588-5454"
Mayfair Country Club,,Sanford,,Municipal,https://www.mayfaircc.com,teeitup,https://mayfair-country-club.book.teeitup.com/,yes,medium,"Live TeeItUp tenant (mayfair-country-club.play.teeitup.golf 302-redirects to this host), and the homepage's '14 days in advance' language fits. But mayfaircc.com returns 403 on /tee-times and /sitemap.xml so the club-side link target could not be captured, and the SPA shows no city - Sanford identity is inferred from the distinctive name only. | Region: Central FL (Orlando) | Phone: (407) 322-2531"
The Dunes Golf & Tennis Club,,Sanibel,,Semi-Private,https://www.sanibeldunesresort.com,ezlinks,https://thedunesgolffm.ezlinksgolf.com/index.html#/search,yes,high,Member portal; public tee times by phone | Region: Southwest FL | Phone: (239) 472-3355
Bobby Jones Golf Club,,Sarasota,,Municipal,https://www.bobbyjonesgolfclub.com,ezlinks,https://bobbyjonesgolf.ezlinksgolf.com/index.html#/search,yes,high,Public books 14 days ahead | Region: Southwest FL | Phone: (941) 365-4653
Bobby Jones Golf Club - The Gillespie Course,,Sarasota,,Municipal,https://www.bobbyjonesgolfclub.com,ezlinks,https://bobbyjonesgolf.ezlinksgolf.com/index.html#/search,yes,high,Shares club booking engine | Region: Southwest FL | Phone: (941) 365-4653
Serenoa Golf Club,,Sarasota,,Semi-Private,https://www.serenoagolf.com,chronogolf,https://www.chronogolf.com/club/serenoa-golf-club,yes,high,"TeeItUp slug live; club site blocks fetch | Region: Southwest FL | 2026-08-19 dark-course audit: left TeeItUp for chronogolf. Live Chronogolf sheet, 6773 Serenoa Dr Sarasota. Acquired by Pinnacle Golf Properties 2025. Peak 483."
Stoneybrook Golf & Country Club of Sarasota,,Sarasota,,Semi-Private,,,,no,,"stoneybrookgolf.com is Orlando course, not Sarasota | Region: Southwest FL | Research 2026-07-29: Open to public, tee times two days ahead; no own sheet"
Suncoast Golf Center,,Sarasota,,Public,https://suncoastgolfcenter.com,,,no,medium,"TeeItUp slug live; site widget not in HTML | Region: Southwest FL | 2026-08-19 dark-course audit: phone / walk-on only, no online booking. Site now says 'No Tee Time Needed. Just show up and Play.' Facility open, no booking widget anywhere. Peak 132."
Sunrise Golf Club,,Sarasota,,Public,,,,unknown,,"No site found; TeeItUp slug generic, identity unconfirmed | Region: Southwest FL | Research 2026-07-29: Listed semi-private at 5710 Draw Ln Sarasota but absent from the main directory; alias ambiguous"
Tatum Ridge Golf Links,,Sarasota,,Semi-Private,,teeitup,https://tatum-ridge-golf-links.book.teeitup.com/,yes,high,TeeItUp subdomain live; unique course name | Region: Southwest FL
The Meadows Country Club - Groves Course,,Sarasota,,Semi-Private,https://www.themeadowscc.com,,,yes,medium,Club site JS-only; no booking link extractable | Region: Southwest FL | Research 2026-07-29: Groves is open to the public with tee times; engine not captured
The Meadows Country Club - Meadows Course,,Sarasota,,Semi-Private,https://www.themeadowscc.com,,,yes,medium,Club site JS-only; no booking link extractable | Region: Southwest FL | Research 2026-07-29: Listed public; engine not captured
The Palms Golf Club at Forest Lakes,,Sarasota,,Semi-Private,https://palmsatforestlakes.com,,,no,,"Site confirmed; booking button target not resolved | Region: Southwest FL | Phone: (941) 388-7241 | Research 2026-07-29: Contact page says call; booking directed to a mobile app, not a web sheet"
Village Green Golf Club of Sarasota,,Sarasota,,Semi-Private,https://www.villagegreengolfclub.com,teeitup,https://village-green-golf-club.book.teeitup.com/,yes,high,Linked from club site tee-times page | Region: Southwest FL | Phone: (941) 922-9500
Sebastian Municipal Golf Course,,Sebastian,,Municipal,https://www.sebastiangolfcourse.com,,,no,,"Confirmed at 100 Brush Foot Drive, Sebastian FL (18 holes, par 72) via TeeOff directory, details page only (no booking engine). sebastiangolfcourse.com and cityofsebastian.org consistently time out through the proxy (multiple retries, http and https); TeeItUp slugs sebastian/sebastiangolf invalid; chronogolf club slug 404. | Region: Space Coast & Treasure Coast | Phone: (772) 589-6801 | Research 2026-07-29: Municipal course active; site refused fetches, no sheet confirmed"
Country Club of Sebring,,Sebring,,Semi-Private,,quick18,https://sebring.quick18.com,yes,medium,"TeeItUp subdomain live; unique course name | Region: Southwest FL | 2026-08-19 dark-course audit: left TeeItUp for quick18. Club site Book a Tee Time now points to sebring.quick18.com; its old Teesnap portal is under maintenance. Peak 2,400."
Golf Hammock Country Club,,Sebring,,Semi-Private,https://www.golfhammockcc.com,teeitup,https://golf-hammock-country-club.book.teeitup.com/,yes,high,Old Teesnap page in maintenance; TeeItUp live | Region: Southwest FL
Harder Hall Country Club,,Sebring,,Closed,,teeitup,https://harder-hall-country-club.book.teeitup.com/,yes,high,"Teesnap page confirms Sebring FL but is in maintenance | Region: Southwest FL | 2026-08-19 dark-course audit: CLOSED. Highlands News-Sun: last round 30 May 2021, ~49 acres sold for residential development."
Sebring International Golf Resort,,Sebring,,Resort,https://www.sebringinternationalgolfresort.com,chronogolf,https://www.chronogolf.com/club/sebring-golf-club,yes,medium,TeeItUp subdomain live; unique resort name | Region: Southwest FL | 2026-08-19 dark-course audit: left TeeItUp for chronogolf. siresort.com books through the Chronogolf app; site header says OPEN TO THE PUBLIC. Old Cougar Trail closed for remodel.
Sebring Lakeside Golf Resort,,Sebring,,Closed,,,,no,,No website or booking engine found | Region: Southwest FL | Research 2026-07-29: Course closed for business
Sebring Municipal Golf Course,,Sebring,,Municipal,https://www.sebringgolfclub.com,teesnap,https://sebringgolfclub.teesnap.net/,yes,high,Linked from sebringgolfclub.com; aka The Muni | Region: Southwest FL | Phone: (863) 314-5919
Sun 'N Lake Golf Club - Deer Run Course,,Sebring,,Semi-Private,,,,yes,medium,District site unreachable; no booking engine found | Region: Southwest FL | Research 2026-07-29: Semi-private open with public tee times; engine not captured
Sun 'N Lake Golf Club - Turtle Run Course,,Sebring,,Semi-Private,,,,yes,medium,District site unreachable; no booking engine found | Region: Southwest FL | Research 2026-07-29: Same facility as Deer Run; engine not captured
Seminole Lake Country Club,,Seminole,,Semi-Private,,teeitup,https://seminole-lake-country-club.book.teeitup.com/,yes,high,TeeItUp subdomain loads a live 'Tee Times' booking SPA. No reachable official website (seminolelakecc.com / seminolelakecountryclub.com fail DNS). | Region: Tampa Bay | Phone: (727) 391-6255
Shalimar Pointe Golf Club,,Shalimar,,Semi-Private,https://shalimarpointe.com,teesnap,https://shalimarpointe.teesnap.net/,yes,low,"Site says facility under restoration, clubhouse/range only Tue-Sat; no booking link found; web budget exhausted before confirming course status | Region: Northwest FL (Panhandle) | Phone: (850) 651-1416 | Research 2026-07-29: Own Book a Tee Time page embeds this host; all golfers welcome | 2026-08-19 dark-course audit: left TeeItUp for teesnap. shalimarpointe.com routes to Teesnap, but that sheet currently says maintenance. Peak 1,875. Re-check before relying on it."
Eagle Dunes Golf Club,,Sorrento,,Public,https://eagledunes.com,teesnap,https://eagledunesfl.teesnap.net/,yes,high,"Exact link target on eagledunes.com and the URL loads a live Teesnap tee sheet titled 'Eagle Dunes Golf Club, FL' showing 2400 Marbella Drive, Sorrento, FL 32776. | Region: Central FL (Orlando) | Phone: (352) 357-0123"
RedTail Golf Club,,Sorrento,,Semi-Private,https://www.redtailgc.com,teeitup,https://redtail-golf-club.book.teeitup.com/,yes,medium,"Slug is a live TeeItUp tenant, but redtailgc.com exposes no booking link (homepage is content-only; /golf and /tee-times fail robots.txt), so identity is unconfirmed. Namesake risk: Red Tail GC (Devens MA) and RedTail Golf Center (Beaverton OR) - the one-word slug favors the FL course but is not proof. Guest/outside-play policy also still unconfirmed. | Region: Central FL (Orlando) | Phone: (352) 383-2700"
Oak Hills Golf Club,,Spring Hill,,Semi-Private,,,,no,medium,"TeeItUp slug oak-hills-golf-club loads a live 'Tee Times' SPA, but identity is NOT confirmed - 'Oak Hills Golf Club' exists in several other states. oakhillsgolfclub.com is a DomainMarket for-sale parking page and .net/.org/FL variants fail DNS; GolfNow lists the Spring Hill FL course as 'Oak Hill' (10059 Northcliffe Blvd, Spring Hill FL 34608) with no website or booking link. Treat URL as unconfirmed. | Region: Tampa Bay | Phone: (352) 683-6830 | 2026-08-19 dark-course audit: phone / walk-on only, no online booking. Operating (2026 reviews) but its site is defunct; listings give pro-shop phone only."
Silverthorn Country Club,,Spring Hill,,Semi-Private,https://silverthornclub.net,teeitup,https://silverthorn-country-club.book.teeitup.com/,yes,high,Exact booking link target on silverthornclub.net/teetimes.php (reached via /golf.php); subdomain loads a live 'Tee Times' SPA. Site confirms Spring Hill / Hernando County and open to the public 7 days a week. | Region: Tampa Bay | Phone: (352) 799-2600
Royal St. Augustine Golf & Country Club,,St. Augustine,,Public,https://www.royalstaugustinegolf.com,teeitup,https://royal-st-augustine-golf-and-country-club.book.teeitup.com/,yes,high,Exact link target from royalstaugustinegolf.com/tee-times | Region: Northeast FL (Jacksonville) | Phone: (904) 824-4653
St. Augustine Shores Golf Club,,St. Augustine,,Public,https://www.staugustineshoresgolf.com,foreup,https://foreupsoftware.com/index.php/booking/21411/7613,yes,high,Course website returns Cloudflare 522 (origin down); course-specific TeeItUp subdomain resolves to a live booking app but could not be cross-checked | Region: Northeast FL (Jacksonville) | Phone: (904) 794-4653 | 2026-08-19 dark-course audit: left TeeItUp for foreup. Operator Capstone Golf routes tee times to foreUP; its other course books the same way. Peak 374.
St. Johns Golf & Country Club,,St. Augustine,,Semi-Private,https://www.stjohnsgolf.com,teeitup,https://st-johns-golf-and-country-club.book.teeitup.golf/,yes,high,Public booking engine linked from stjohnsgolf.com/book-a-tee-time/; separate member portal at stjohnsmember.ezlinksgolf.com | Region: Northeast FL (Jacksonville) | Phone: (904) 940-3200
The Golf Club at South Hampton,,St. Augustine,,Semi-Private,https://www.southhamptongolf.com,teeitup,https://the-golf-club-at-south-hampton.book.teeitup.com/,yes,medium,southhamptongolf.com renders client-side and returned no readable links; exact-name TeeItUp subdomain resolves to a live booking app | Region: Northeast FL (Jacksonville) | Phone: (904) 287-7529
World Golf Village - King & Bear,,St. Augustine,,Resort,https://www.golfwgv.com,golfwithaccess,https://troon.com/course/world-golf-village/reserve-tee-time,yes,high,Booking engine linked from golfwgv.com/golf; loaded a date/player tee-time search | Troon-managed; the troon.com reserve page fronts the Golf With Access widget (course uuid needs probe) | Region: Northeast FL (Jacksonville) | Phone: (904) 940-6088
World Golf Village - Slammer & Squire,,St. Augustine,,Resort,https://www.golfwgv.com,golfwithaccess,https://troon.com/course/world-golf-village/reserve-tee-time,yes,high,One portal covers both WGV courses | Troon-managed; the troon.com reserve page fronts the Golf With Access widget (course uuid needs probe) | Region: Northeast FL (Jacksonville) | Phone: (904) 940-6100
Royal St. Cloud Golf Links,,St. Cloud,,Public,https://www.royalstcloudgolflinks.com,teeitup,https://royal-st-cloud-golf-links.book.teeitup.com/,yes,high,Own site's 'Reserve Tee Times' goes to an internal page with a JS widget; exact-name TeeItUp slug loads a live booking SPA. | Region: Central FL (Orlando) | Phone: (407) 891-7010
Cimarrone Golf Club,,St. Johns,,Semi-Private,https://www.cimarronegolf.com,teeitup,https://cimarrone-golf-club.book.teeitup.com/,yes,medium,Site's 'Book Online Here' button is JS-rendered so href could not be read; exact-name TeeItUp subdomain resolves to a live booking app | Region: Northeast FL (Jacksonville) | Phone: (904) 287-2000
Julington Creek Golf Club,,St. Johns,,Semi-Private,https://julingtoncreekgc.com,golfback,https://golfback.com/#/course/e52fc334-4363-4d53-8b13-3b2e60c49087,yes,high,Exact 'Book Tee Time' link target on julingtoncreekgc.com | Region: Northeast FL (Jacksonville) | Phone: (904) 287-4653
Stillwater Golf & Country Club,,St. Johns,,Semi-Private,https://www.stillwatergcc.com,teeitup,https://stillwater-golf-and-country-club.book.teeitup.com/,yes,medium,stillwatergcc.com tee-times page is robots-blocked and homepage links are JS-rendered; matching TeeItUp subdomain resolves to a live booking app | Region: Northeast FL (Jacksonville) | Phone: (904) 837-8153
Cypress Links at Mangrove Bay,,St. Petersburg,,Municipal,https://golfstpete.com,foreup,https://foreupsoftware.com/index.php/booking/19670/2146#/teetimes,yes,high,Exact booking link target on golfstpete.com (City of St. Petersburg). | Region: Tampa Bay | Phone: (727) 893-7800
Mangrove Bay Golf Course,,St. Petersburg,,Municipal,https://golfstpete.com,foreup,https://foreupsoftware.com/index.php/booking/19671/2149#/teetimes,yes,high,Exact booking link target on golfstpete.com (City of St. Petersburg). | Region: Tampa Bay | Phone: (727) 893-7800
Twin Brooks Golf Course,,St. Petersburg,,Municipal,https://golfstpete.com,foreup,https://foreupsoftware.com/index.php/booking/19672/2148#/teetimes,yes,high,Exact booking link target on golfstpete.com (City of St. Petersburg). | Region: Tampa Bay | Phone: (727) 893-7445
Vinoy Golf Club,,St. Petersburg,,Resort,https://thevinoy.com,,,no,,"thevinoy.com/experiences/golf-club states golfers must contact the golf club directly at 727.896.8000 to schedule a tee time; no booking engine link. The resort activities portal thevinoyresortgolfclub.247activities.com covers day passes, cabanas and F&B, not tee times, and no golf service listing could be confirmed. TeeItUp slug vinoy-golf-club is dead. Phone updated to the golf shop line. | Region: Tampa Bay | Phone: (727) 896-8000"
Starke Golf & Country Club,,Starke,,Semi-Private,https://starkegolfcourse.com,,,no,,"Own site states no tee times required, first come first served; no online booking exists | Region: Northeast FL (Jacksonville) | Phone: (904) 964-5441"
Sailfish Sands Golf Course - Championship Course,,Stuart,,Municipal,https://www.martin.fl.us/SSGC,clubcaddie,https://apimanager-cc12.clubcaddie.com/webapi/view/ccfdabab,yes,high,Martin County's official 'Book a Tee Time' link (martin.fl.us/resources/book-tee-time) 302-redirects to this Club Caddie booking view. sailfishsands.com redirects to martin.fl.us/SSGC. | Region: Space Coast & Treasure Coast | Phone: (772) 320-4653
Sailfish Sands Golf Course - Reversible Nine,,Stuart,,Municipal,https://www.martin.fl.us/SSGC,clubcaddie,https://apimanager-cc12.clubcaddie.com/webapi/view/ccfdabab,yes,high,Martin County site's 'Book a Tee Time' (martin.fl.us/resources/book-tee-time) 302-redirects to this Club Caddie booking app. | Region: Space Coast & Treasure Coast | Phone: (772) 320-4653
The Champions Club at Summerfield,,Stuart,,Public,,teeitup,https://champions-club-at-summerfield.book.teeitup.com/,yes,high,"TeeItUp slug returns a real booking SPA (title 'Tee Times'), not the 'subdomain does not exist' error. Course website not found. | Region: Space Coast & Treasure Coast"
The Florida Club,,Stuart,,Public,https://www.floridaclubgolf.com,teeitup,https://the-florida-club.book.teeitup.golf/,yes,high,Exact link target of 'Book Tee Time' on floridaclubgolf.com/golf/book-tee-time/. | Region: Space Coast & Treasure Coast | Phone: (772) 287-3680
The Shores of North River Golf Club,,Stuart,,Semi-Private,,,,unknown,,"No website found; tried theshoresofnorthriver.com, shoresofnorthrivergolf.com, shoresgolfclub.com, northrivershoresgolf.com (all NXDOMAIN); northrivergolfclub.com is a hijacked gambling domain. north-river.book.teeitup.com returns a live TeeItUp SPA but identity could not be tied to Stuart FL, so not asserted. Further attempts blocked by WebFetch rate limiting. | Region: Space Coast & Treasure Coast | Research 2026-07-29: Could not verify this facility exists under this name anywhere"
Eagle Ridge Golf Club at Del Webb Spruce Creek Golf & Country Club,,Summerfield,,Semi-Private,https://playeagleridgegolf.com,golfback,https://golfback.com/#/course/d32ff79f-60d3-43c7-9a34-dd1ad21aa8f7,yes,high,Not researched - session web-search and web-fetch quotas exhausted; no website on file to fetch directly | Region: North Central FL | Research 2026-07-29: Own site advertises 36 holes of public golf and links GolfBack
Stonecrest Golf Club,,Summerfield,,Semi-Private,https://broadstripesgolf.com,teeitup,https://broad-stripes-golf-club-at-stonecrest.book.teeitup.com/,yes,high,Own site bot-blocked (robots.txt unparseable); engine not identified | Region: North Central FL | Phone: (352) 245-0565 | Research 2026-07-29: Rebranded Broad Stripes Golf & Social Club at Stonecrest; own site links this host
The Links of Spruce Creek South,,Summerfield,,Semi-Private,https://linksatsprucecreek.com,teeitup,https://the-links-at-spruce-creek.play.teeitup.com/,yes,high,Not researched - session web-search and web-fetch quotas exhausted; no website on file to fetch directly | Region: North Central FL | Phone: (352) 307-2362 | Research 2026-07-29: Own tee-times page: members and public may reserve; links this host
Shady Brook Golf & RV Resort,,Sumterville,,Public,,,,unknown,,Not researched - session web-search and web-fetch quotas exhausted; no website on file to fetch directly | Region: North Central FL | Phone: (352) 568-1808 | Research 2026-07-29: Absent from the area directory; existence and status unverified
Club Renaissance,,Sun City Center,,Public,,other:clublink,https://clubrenaissance.clublink.com/daily-fee-golf/book/,yes,medium,"TeeItUp slug club-renaissance resolves to a live booking SPA, but no Sun City Center course website could be reached to confirm it is this club (clubrenaissance.com is an unrelated Beyonce store). | Region: Tampa Bay | 2026-08-19 dark-course audit: left TeeItUp for a platform with no adapter. ClubLink-operated; daily-fee booking goes to us.linklineonline.ca (Total e Integrated). Non-members book 7 days ahead."
Freedom Fairways,,Sun City Center,,Semi-Private,https://freedomfairways.com,,,no,,"No website found; freedomfairways.com / freedomfairwaysgolf.com do not resolve; not on TeeItUp. | Region: Tampa Bay | Research 2026-07-29: Semi-private open to the public; site unreachable, no sheet seen"
Sunny Hills Golf Club,,Sunny Hills,,Public,https://www.sunnyhillsgolfclub.com,foreup,https://foreupsoftware.com/index.php/booking/21454/7781#teetimes,yes,high,Exact link target on course site; foreupsoftware.com blocks crawlers | Region: Northwest FL (Panhandle) | Phone: (850) 773-3619
Sunrise Country Club,,Sunrise,,Closed,,,,no,,"No official site found; not yet confirmed | Region: Southeast FL | Phone: (954) 742-4333 | Research 2026-07-29: Editor's note: this golf course is closed for business (7400 NW 24th Pl, Sunrise)"
Sunrise Lakes Phase III Golf Course,,Sunrise,,Private,https://www.sunriselakesphase3.com,,,private,,Community course; no site or booking found | Region: Southeast FL | Research 2026-07-29: Resident amenity with guest fees only; no public tee sheet
The Bridges at Springtree Golf Club,,Sunrise,,Public,https://springtreegc.com/,,,unknown,,springtreegc.com returns 403 to fetcher | Region: Southeast FL | Phone: (954) 572-2270 | Research 2026-07-29: Own site returns 403 to all fetch paths
Hilaman Golf Course,,Tallahassee,,Municipal,https://www.talgov.com/page/hilaman,clubprophet,https://secure.east.prophetservices.com/HilamanV3/Home/nIndex?CourseId=1,yes,high,City of Tallahassee Club Prophet portal; CourseId=1 = Hilaman; session token stripped from URL | Region: Northwest FL (Panhandle) | Phone: (850) 891-2560
Jake Gaither Golf Course,,Tallahassee,,Municipal,https://www.talgov.com/page/jakegaither,clubprophet,https://secure.east.prophetservices.com/HilamanV3/Home/nIndex?CourseId=3,yes,high,"Same Tallahassee portal, CourseId=3; online booking for 2+ golfers, singles call pro shop | Region: Northwest FL (Panhandle) | Phone: (850) 891-2540"
Killearn Club,,Tallahassee,,Private,https://killearnclub.com,,,private,,"Homepage shows Member Login/Membership only, no public booking link; public access unconfirmed | Region: Northwest FL (Panhandle) | Phone: (850) 270-1619 | Research 2026-07-29: Member portal only; all three nines listed Private"
Seminole Legacy Golf Club,,Tallahassee,,Public,https://www.seminolelegacygolfclub.com,,,no,,"Troon-managed; homepage and /golf/ expose no booking engine, only Troon Prive member tee-time request; site phone is (850) 645-4653 | Region: Northwest FL (Panhandle) | Phone: (850) 645-4653 | Research 2026-07-29: Listed public but the club site has only member login and a request form"
Southwood Golf Club,,Tallahassee,,Public,https://southwoodgolfclub.com,clubcaddie,https://apimanager-cc34.clubcaddie.com/webapi/view/idfdabab,yes,high,Exact Club Caddie widget target linked from southwoodgolfclub.com/book-a-tee-time/; widget is JS-rendered | Region: Northwest FL (Panhandle) | Phone: (850) 942-4653
The Golf Club at Summerbrooke,,Tallahassee,,Semi-Private,https://summerbrookegolf.com,,,no,,"Own site bot-blocked (robots.txt timeout); web budget exhausted before GolfNow fallback | Region: Northwest FL (Panhandle) | Research 2026-07-29: Semi-private, open to the public; site says call to book"
Colony West Golf Club - Championship Course,,Tamarac,,Municipal,https://colonywestgolfclub.com/,teeitup,https://colony-west.book.teeitup.com/,yes,high,Linked from official book-a-tee-time page | Region: Southeast FL | Phone: (954) 721-7710
Colony West Golf Club - Glades Course,,Tamarac,,Municipal,https://colonywestgolfclub.com/,teeitup,https://colony-west.book.teeitup.com/,yes,high,Same TeeItUp site; select Glades course | Region: Southeast FL | Phone: (954) 721-7710
Woodmont Country Club,,Tamarac,,Semi-Private,,,,unknown,,"No FL site found; woodmontcc.com is Maryland club | Region: Southeast FL | Phone: (954) 722-4300 | Research 2026-07-29: Directories disagree — one lists 27 holes semi-private, another suggests private; the club's own domain is for sale"
Babe Zaharias Golf Course,,Tampa,,Municipal,https://www.babezahariasgolf.net,teeitup,https://babe-zaharias-golf-course-tampa.book.teeitup.com/,yes,high,Exact link target on babezahariasgolf.net. | Region: Tampa Bay | Phone: (813) 631-4374
Carrollwood Country Club,,Tampa,,Resort,https://www.carrollwoodcc.com,,,no,,Site describes it as Tampa's premier private country club; no public online tee sheet. | Region: Tampa Bay | Phone: (813) 961-1381
Countryway Golf Club,,Tampa,,Public,,teeitup,https://countryway-golf-club.book.teeitup.com/,yes,medium,TeeItUp slug resolves to a live booking SPA; course website domains did not resolve so identity not confirmed. | Region: Tampa Bay | Phone: (813) 854-1182
Heritage Isles Golf & Country Club,,Tampa,,Public,https://www.heritageislesgolf.com,teeitup,https://heritage-isles-golf-and-cc.book-v2.teeitup.golf/,yes,high,Exact link target on heritageislesgolf.com/tee-times. | Region: Tampa Bay | Phone: (813) 907-7447
Northdale Golf & Tennis Club,,Tampa,,Semi-Private,https://www.northdalegolf.com,chronogolf,https://www.chronogolf.com/club/4166/widget?medium=widget&source=club,yes,high,Exact link target on northdalegolf.com. | Region: Tampa Bay | Phone: (813) 962-0428
Rocky Point Golf Course,,Tampa,,Municipal,https://www.rockypointgolf.net,teeitup,https://rocky-point-golf-course.book.teeitup.com/,yes,high,Exact link target on rockypointgolf.net; stale date param stripped. | Region: Tampa Bay | Phone: (813) 673-4316
Rogers Park Golf Course,,Tampa,,Municipal,https://www.rogersparkgolf.net,teeitup,https://rogers-park-golf-course.book.teeitup.com/,yes,high,Exact link target on rogersparkgolf.net. | Region: Tampa Bay | Phone: (813) 356-1670
Westchase Golf Club,,Tampa,,Public,,teeitup,https://westchase-golf-club.book.teeitup.com/,yes,medium,TeeItUp slug resolves to a live booking SPA; westchasegolf.com is a parked spam domain so identity not confirmed from an official site. | Region: Tampa Bay
Crescent Oaks Country Club,,Tarpon Springs,,Semi-Private,https://www.crescentoaksgolf.com,foreup,https://foreupsoftware.com/index.php/booking/20709/5537#/teetimes,yes,high,"Exact link target on crescentoaksgolf.com; address 3300 Crescent Oaks Blvd, Tarpon Springs. | Region: Tampa Bay | Phone: (727) 937-4653"
Tarpon Springs Golf Course,,Tarpon Springs,,Municipal,,clubprophet,https://secure.east.prophetservices.com/TarponSpringsv3,yes,medium,"TeeItUp slug resolves to a live booking SPA; no official course site reachable to confirm. | Region: Tampa Bay | 2026-08-19 dark-course audit: left TeeItUp for a platform with no adapter. Club Prophet, but PATH-BASED on secure.east.prophetservices.com - the adapter builds {tenant}.cps.golf only. Same backlog item as kendrick/hilaman/stonehedges."
Wentworth Golf Club,,Tarpon Springs,,Semi-Private,https://wentworthgolfclub.org,golfback,https://golfback.com/#/course/4bd6e45a-57fd-4f19-980e-ed2607eaac4a,yes,high,Exact 'Public Tee Times' link target on wentworthgolfclub.org/tee-times. | Region: Tampa Bay | Phone: (727) 942-4760
Baytree Executive Golf Course,,Tavares,,Closed,,teeitup,https://baytree-executive-golf-course.book.teeitup.com/,yes,high,"No course website exists; exact-name TeeItUp subdomain loads a live booking SPA (invalid slugs return 'Booking Engine Not Found'). | Region: Central FL (Orlando) | Phone: (352) 343-7227 | 2026-08-19 dark-course audit: CLOSED. GolfPass: closed for business, land became a residential area; no reviews since 2017."
Deer Island Country Club,,Tavares,,Semi-Private,https://www.deerislandcc.com,teeitup,https://deer-island-cc.book.teeitup.com/?course=2090,yes,high,Public tee sheet linked from deerislandcc.com/tee-times-2/; stale date/max params stripped. Separate members-only sheet at /tee-times/. | Region: Central FL (Orlando) | Phone: (352) 343-7550
La Cita Country Club,,Titusville,,Semi-Private,https://www.lacitacc.com,other:native,https://www.lacitacc.com/tee-times/,yes,high,"Site is 'Powered by Golf Channel Solutions' (GolfNow); tee sheet loads as a JS widget on this page, no separable engine URL exposed. | Region: Space Coast & Treasure Coast | Phone: (321) 383-2582"
Sherwood Golf Club,,Titusville,,Closed,,,,no,,sherwoodgolfclub.com now hosts a Ballarena Communities redevelopment FAQ describing the site as a closed 'old golf course' with 796 proposed residential units under the Brevard County land development code. Course appears closed. | Region: Space Coast & Treasure Coast
The Great Outdoors RV & Golf Resort,,Titusville,,Resort,https://thegreatoutdoorsgolf.com,,,no,,Resort recreation page states 'Tee times may be made up to three days in advance by calling the pro shop directly at (321) 269-5524.' Course site thegreatoutdoorsgolf.com returned 403 to bots. | Region: Space Coast & Treasure Coast | Phone: (321) 269-5524
Willow Lakes Golf Club,,Titusville,,Public,https://www.willowlakesgolfclub.com,teeitup,https://willow-lakes-golf-club.book.teeitup.com/,yes,high,Public tee-time link target on willowlakesgolfclub.com/tee-times/ (separate members subdomain exists). | Region: Space Coast & Treasure Coast | Phone: (321) 567-5586
Treasure Bay Golf & Tennis,,Treasure Island,,Closed,,teeitup,https://treasure-bay-golf-and-tennis.book.teeitup.com/,yes,medium,"TeeItUp slug resolves to a live booking SPA; city and course sites unreachable so identity not confirmed. | Region: Tampa Bay | Phone: (727) 547-4575 | 2026-08-19 dark-course audit: CLOSED. City of Treasure Island's own page: 'GOLF COURSE PORTION OF THE PROPERTY IS CURRENTLY CLOSED', remains green space."
Fox Hollow Golf Club,,Trinity,,Public,https://www.foxhollowgolfclub.com,teeitup,https://fox-hollow-gc.book.teeitup.com/,yes,high,Exact public tee time link target on foxhollowgolfclub.com/tee-times (Trinity FL 34655). | Region: Tampa Bay | Phone: (727) 376-6333
Heritage Springs Country Club,,Trinity,,Private,https://heritagespringscommunity.com,,,private,,No reachable website; not on TeeItUp. | Region: Tampa Bay | Research 2026-07-29: Members and their guests only
University Park Country Club,,University Park,,Semi-Private,https://www.universitypark-fl.com,teeitup,https://university-park-country-club.book.teeitup.com/,yes,high,Linked from club Book a Tee Time page | Region: Southwest FL | Phone: (941) 359-9999
Bloomingdale Golfers Club,,Valrico,,Public,https://www.bloomingdalegolf.com,ezlinks,https://bloomingdale.ezlinks.com/,yes,high,Public tee time link target on bloomingdalegolf.com/book-a-tee-time (separate PDP member site at bloomingdalepdp.ezlinks.com). | Region: Tampa Bay | Phone: (813) 685-4105
Buckhorn Springs Golf & Country Club,,Valrico,,Private,https://buckhornsprings.com,,,private,,buckhorngolf.com exists but sits behind a Cloudflare challenge (only 'Loading secure session' returned); not on TeeItUp; further attempts blocked by WebFetch 429 rate limiting. | Region: Tampa Bay | Phone: (813) 689-7766 | Research 2026-07-29: Own site calls it a private course; members-only reservation portal
Capri Isles Golf Club,,Venice,,Semi-Private,https://capriisles.com,teeitup,https://capri-isles-golf-club.book.teeitup.com/,yes,high,capriisles.com now a parked domain | Region: Southwest FL | Phone: (941) 485-3371
Jacaranda West Country Club,,Venice,,Semi-Private,https://www.jacarandawestcc.com,teeitup,https://jacaranda-west-country-club.book.teeitup.com/,yes,high,TeeItUp subdomain live; unique course name | Region: Southwest FL
Lake Venice Golf Club,,Venice,,Public,https://www.lakevenicegolf.com,,,no,,Site states no tee times taken; walk-on play | Region: Southwest FL | Phone: (941) 488-3948
Pelican Pointe Golf & Country Club,,Venice,,Semi-Private,,,,no,,No reachable site; TeeItUp/Teesnap slugs absent | Region: Southwest FL | Research 2026-07-29: 27-hole semi-private; pro shop booking only
Sarasota National Golf Club,,Venice,,Semi-Private,https://www.sarasotanational.com,,,no,,Clubessential site; no public booking link found | Region: Southwest FL | Phone: (941) 496-8676 | Research 2026-07-29: Semi-private with heavy public play; only pro shop contact exposed
Venice East Golf Club,,Venice,,Semi-Private,,,,no,,"No reachable site; TeeItUp/Teesnap slugs absent | Region: Southwest FL | Research 2026-07-29: Executive course, semi-private and open"
Waterford Golf Club,,Venice,,Semi-Private,http://www.golfinvenice.com,,,yes,medium,TeeItUp slug generic; FL identity unconfirmed | Region: Southwest FL | Research 2026-07-29: Same operator site as Calusa Lakes; engine not captured
Wellen Park Golf & Country Club,,Venice,,Semi-Private,,,,yes,medium,"No official site or TeeItUp subdomain found | Region: Southwest FL | Research 2026-07-29: Semi-private open to the public, Venice; engine not captured"
Sandridge Golf Club - Dunes Course,,Vero Beach,,Municipal,https://www.sandridgegc.com/,ezlinks,https://sandridge.ezlinks.com/,yes,high,Public booking link on sandridgegc.com/request_tt/; county-card holders use sandridgectycrd.ezlinks.com. Both Sandridge courses book here. | Region: Space Coast & Treasure Coast | Phone: (772) 770-5000
Sandridge Golf Club - Lakes Course,,Vero Beach,,Municipal,https://www.sandridgegc.com/,ezlinks,https://sandridge.ezlinks.com/,yes,high,Public booking link on sandridgegc.com/request_tt/; county-card holders use sandridgectycrd.ezlinks.com. Both Sandridge courses book here. | Region: Space Coast & Treasure Coast | Phone: (772) 770-5000
The American Golf Club of Vero Beach,,Vero Beach,,Semi-Private,,,,no,,"No website located. Tried americangolfclubverobeach.com, theamericangolfclub.com, americangolfclub.net, americangolfclubvero.com, americangolfclubofverobeach.com (NXDOMAIN); TeeItUp slugs and Chronogolf slugs all invalid; GolfLink/GolfNow directories 403 to bots. Further attempts blocked by WebFetch rate limiting. | Region: Space Coast & Treasure Coast | Research 2026-07-29: Active facility; no website or booking engine located"
Vista Plantation Golf Club,,Vero Beach,,Semi-Private,https://www.vistaplantationgolf.com,teeitup,https://vista-plantation-golf-club.book.teeitup.com/,yes,high,Link target of 'Book A Tee Time' on vistaplantationgolf.com/book-a-tee-time/. | Region: Space Coast & Treasure Coast | Phone: (772) 569-2223
Duran Golf Club - Championship Course,,Viera,,Public,https://www.durangolf.com/,chronogolf,https://www.chronogolf.com/club/duran-golf-club,yes,high,"Loaded a live Chronogolf club page for Duran Golf Club, 7032 Stadium Pkwy, Viera FL, listing both courses. Site's own 'Book a tee time' button is a JS modal with no exposed href. | Region: Space Coast & Treasure Coast | Phone: (321) 504-7776"
Duran Golf Club - Short Course,,Viera,,Public,https://www.durangolf.com/,chronogolf,https://www.chronogolf.com/club/duran-golf-club,yes,high,Same Chronogolf club page covers both Duran courses (championship and short course). | Region: Space Coast & Treasure Coast | Phone: (321) 504-7776
Viera East Golf Club,,Viera,,Public,https://vieragolf.com,,,,low,"Left GolfBack: its GolfBack record is named ""zzzViera East Golf Course"" - the zzz prefix is the convention for a retired record sorted to the bottom of an admin list - and it served zero tee times on every date from today to +30 while a control course on the same API served 44. Booking URL cleared and the row held as unconfirmed rather than shipped as a silent course; needs the club's current engine found. | Public tee-time link target on vieragolf.com/tee-times/; CDD/loyalty golfers use a separate Club Caddie portal. | Region: Space Coast & Treasure Coast | Phone: (321) 639-6500"
Origins Golf Club,,Watersound,,Resort,https://watersoundclub.com,golfnow,https://www.golfnow.com/tee-times/facility/9930-origins-golf-club/search,yes,high,"watersoundclub.com/golf lists only Camp Creek, Shark's Tooth and The Third; no Origins page or booking link found | Region: Northwest FL (Panhandle) | Phone: (850) 213-5090 | Research 2026-07-29: watersoundclub.com/play sends non-member Origins bookings to this GolfNow facility"
The Heather Golf & Country Club,,Weeki Wachee,,Semi-Private,https://gccheather.com,foreup,https://foreupsoftware.com/index.php/booking/19825/2560#/teetimes,yes,high,"gccheather.com homepage confirms Weeki Wachee/Hernando County and shows a 'Book a Tee Time' item, but every subpage returns 403 and homepage link hrefs were stripped; not on TeeItUp; further attempts blocked by WebFetch 429 rate limiting. | Region: Tampa Bay | Phone: (352) 596-2019 | Research 2026-07-29: gccheather.com/book-a-tee-time/ links this ForeUp page directly"
Lexington Oaks Golf Club,,Wesley Chapel,,Public,https://www.lexingtonoaksgolf.com,teeitup,https://lexington-oaks-golf-club.book.teeitup.com/,yes,medium,TeeItUp slug resolves to a live booking SPA; lexingtonoaksgolf.com returns 403 on every path so link target unconfirmed. | Region: Tampa Bay | Phone: (813) 907-7270
Saddlebrook Resort,,Wesley Chapel,,Resort,https://www.saddlebrook.com,teeitup,https://saddlebrook-resort-golf-course.book.teeitup.com/,yes,high,Exact link target on saddlebrook.com/golf. | Region: Tampa Bay | Phone: (813) 973-1111
Okeeheelee Golf Course,,West Palm Beach,,Municipal,https://discover.pbc.gov/parks/golf/,foreup,https://foreupsoftware.com/index.php/booking/21263/7480#/teetimes,yes,high,Linked from Palm Beach County golf page | Region: Southeast FL | Phone: (561) 964-4653
The Breakers Rees Jones Course,,West Palm Beach,,Resort,https://www.thebreakers.com/activities/golf/,,,no,,Resort guest/member only; no public online booking | Region: Southeast FL | Phone: (877) 724-3188
The Park West Palm,,West Palm Beach,,Municipal,https://theparkwestpalm.com,other:whoosh,https://app.whoosh.io/patron/club/the-park,yes,high,Booking link rendered by JS; not exposed in HTML | Region: Southeast FL | Phone: (561) 530-3810 | Research 2026-07-29: Own site announces the move off ChronoGolf to Whoosh
The Park West Palm - The Lit 9,,West Palm Beach,,Municipal,https://theparkwestpalm.com/,,,no,,"Official site: walk-ups only, no tee times | Region: Southeast FL | Phone: (561) 530-3810"
Bonaventure Golf Club,,Weston,,Semi-Private,https://www.golfbonaventure.com,other:native,https://www.golfbonaventure.com/book-a-tee-time/,yes,high,Official site returns 521 server error | Region: Southeast FL | Phone: (954) 389-2100 | Research 2026-07-29: Live domain is golfbonaventure.com (our file had a dead one); own booking page
Continental Country Club,,Wildwood,,Semi-Private,https://continentalcountryclub.com,chronogolf,https://chronogolf.com/club/3793,yes,high,18-hole course in 55+ community; non-members may book tee times up to 5 days in advance. | Region: North Central FL | Phone: (352) 748-3293
Williston Highlands Golf & Country Club,,Williston,,Public,,,,unknown,,"Not researched - session web-search and web-fetch quotas exhausted; no website on file to fetch directly | Region: North Central FL | Phone: (352) 528-2520 | Research 2026-07-29: One directory lists it semi-private, another shows zero courses in Williston; status unconfirmed"
Orange County National Golf Center & Lodge - Crooked Cat,,Winter Garden,,Public,https://www.ocngolf.com,teeitup,"https://orange-county-national-v2.book.teeitup.com/?course=6019,552,11623",yes,high,ocngolf.com/tee-times/ 302-redirects here. Single combined tee sheet for all three OCN courses; per-course IDs not separately mapped. | Region: Central FL (Orlando) | Phone: (407) 656-2626
Orange County National Golf Center & Lodge - Panther Lake,,Winter Garden,,Public,https://www.ocngolf.com,teeitup,"https://orange-county-national-v2.book.teeitup.com/?course=6019,552,11623",yes,high,"ocngolf.com/tee-times/ 302-redirects here. Shared tee sheet across Crooked Cat, Panther Lake and The Tooth. | Region: Central FL (Orlando) | Phone: (407) 656-2626"
Orange County National Golf Center & Lodge - The Tooth,,Winter Garden,,Public,https://www.ocngolf.com,teeitup,"https://orange-county-national-v2.book.teeitup.com/?course=6019,552,11623",yes,high,ocngolf.com/tee-times/ 302-redirects here. Shared tee sheet; The Tooth is one of the three course IDs. | Region: Central FL (Orlando) | Phone: (407) 656-2626
Stoneybrook West Golf Club,,Winter Garden,,Public,,teeitup,https://stoneybrook-west-golf-club.book.teeitup.com/,yes,high,"stoneybrookwest.com serves no readable content, but the exact-name TeeItUp subdomain loads a live booking SPA, indicating the course is operating. | Region: Central FL (Orlando) | Phone: (407) 877-8533"
Cypresswood Golf & Country Club,,Winter Haven,,Semi-Private,https://www.cypresswoodcc.com,teeitup,https://cypresswood-golf-and-country-club.book.teeitup.com/,yes,medium,"Homepage has a 'Book Tee Times' button but href not exposed and all subpages return 403 to bots. This TeeItUp slug loads a live SPA, but a separate 'cypresswood-golf-club' slug also exists (likely the Texas facility), so identity is not fully confirmed. | Region: Central FL (Orlando) | Phone: (863) 324-6174"
Lake Bess Golf Club,,Winter Haven,,Public,https://www.lakebessgolfclub.com,teeitup,https://lake-bess-golf-club.book.teeitup.com/,yes,high,Exact link target of the 'Book Now' buttons on lakebessgolfclub.com; phone booking also offered. | Region: Central FL (Orlando) | Phone: (863) 326-9171
Lake Henry Golf Course,,Winter Haven,,Public,,,,unknown,,"No official website; lakehenrygolf.com, lakehenrygolfcourse.com and lakehenrygolfclub.com do not resolve. TeeItUp slug 'lake-henry-golf-course' returns Booking Engine Not Found. Facebook blocked by robots.txt and WebSearch unavailable. | Region: Central FL (Orlando) | Phone: (863) 298-6779 | Research 2026-07-29: None of the three candidate domains resolve"
Willowbrook Golf Course,,Winter Haven,,Municipal,https://www.willowbrook-golf.com,teeitup,https://willowbrook-golf-course-fl.book.teeitup.golf/,yes,high,Exact link target from willowbrook-golf.com/book-a-tee-time/; stale _ga tracking params stripped. | Region: Central FL (Orlando) | Phone: (863) 291-5899
Winter Park Golf Course,,Winter Park,,Municipal,https://cityofwinterpark.org/departments/parks-recreation/golf-courses/winter-park-golf-course/,teeitup,https://winter-park-country-club.book.teeitup.com/,yes,high,Exact link target on the City of Winter Park course page; subdomain loads a live booking SPA. Public tee times up to 3 days ahead. | Region: Central FL (Orlando) | Phone: (407) 623-3339
Winter Park Pines Golf Course,,Winter Park,,Municipal,https://cityofwinterpark.org/departments/parks-recreation/golf-courses/winter-park-pines-golf-club/,teeitup,https://winter-park-pines-golf-club-wp18.book.teeitup.com/?course=5634,yes,high,Exact link target on the City of Winter Park course page; stale date param stripped. | Region: Central FL (Orlando) | Phone: (407) 671-3172
Zellwood Station Country Club,,Zellwood,,Semi-Private,https://www.zellwoodstationgolfclub.com,teeitup,https://zellwood-station.book.teeitup.golf,yes,high,No reachable website: zellwoodstationcc.com and zellwoodstation.com do not resolve; zellwoodstationgolf.com resolves but serves no readable content. TeeItUp slugs 'zellwood-station-country-club' and 'zellwood-station-golf-club' both return Booking Engine Not Found. Outside-public access unconfirmed. | Region: Central FL (Orlando) | Phone: (407) 886-3303 | Research 2026-07-29: zellwoodstationgolfclub.com/tee-times/ links this portal directly
Silverado Golf & Country Club,,Zephyrhills,,Closed,,teeitup,https://silverado-golf-and-country-club.book.teeitup.com/,yes,medium,TeeItUp slug resolves to a live booking SPA; no official course site reachable to confirm identity. | Region: Tampa Bay | Phone: (813) 788-1225 | 2026-08-19 dark-course audit: CLOSED. Own site and Facebook: 'closed till further notice because of Hurricane Milton Damages' (Oct 2024). No reopening date.
The Links of Lake Bernadette,,Zephyrhills,,Semi-Private,https://www.linksoflakebernadette.com,other:native,https://www.linksoflakebernadette.com/teetimes,yes,high,"Site is Golf Channel Solutions/GolfNow-powered; 'Book Tee Times' button targets /teetimes, which hosts the JS booking widget. No separable engine URL exposed in HTML. | Region: Tampa Bay | Phone: (813) 788-7888"
Zephyrhills Municipal Golf Course,,Zephyrhills,,Municipal,https://zephyrhillsgolf.com,chronogolf,https://www.chronogolf.com/club/4614/widget?medium=widget&source=club,yes,high,Exact widget target found on zephyrhillsgolf.com/book-a-tee-time (Chronogolf club id 4614). Widget is a JS SPA so no server-rendered course name. | Region: Tampa Bay | Phone: (813) 782-0714
