Course Name,Display Name,City,Zip,Type,Website,Booking Platform,Booking URL,Online Booking,Confidence,Notes
Bay Park Golf Course,,East Rockaway,,Municipal,https://www.nassaucountyny.gov/1779/Golf,other:nassau-county,https://golf.nassaucountyny.gov/,yes,high,Pro shop (516) 571-7242 | 9 holes; Nassau County-owned; county reservation app/account required; city-fallback coords (approx) — County reservation portal (login/register); resident registration required | Long Island region | Nassau County | Source sheet verification: VERIFIED
Bethpage State Park - Black Course,,Farmingdale,,Public,https://www.bethpagegolfcourse.com/,foreup,https://foreupsoftware.com/index.php/booking/19765/2431#teetimes,yes,high,Pro shop (516) 249-0700 | 18 holes; NYS-owned state park daily-fee; famed US Open venue; ForeUp shared across all 5 Bethpage courses; NYS resident pricing | Long Island region | Nassau County | Source sheet verification: VERIFIED
Bethpage State Park - Blue Course,,Farmingdale,,Public,https://www.bethpagegolfcourse.com/,foreup,https://foreupsoftware.com/index.php/booking/19765/2431#teetimes,yes,high,Pro shop (516) 249-0700 | 18 holes; NYS state park; shared Bethpage ForeUp booking | Long Island region | Nassau County | Source sheet verification: VERIFIED
Bethpage State Park - Green Course,,Farmingdale,,Public,https://www.bethpagegolfcourse.com/,foreup,https://foreupsoftware.com/index.php/booking/19765/2431#teetimes,yes,high,Pro shop (516) 249-0700 | 18 holes; NYS state park; shared Bethpage ForeUp booking | Long Island region | Nassau County | Source sheet verification: VERIFIED
Bethpage State Park - Red Course,,Farmingdale,,Public,https://www.bethpagegolfcourse.com/,foreup,https://foreupsoftware.com/index.php/booking/19765/2431#teetimes,yes,high,Pro shop (516) 249-0700 | 18 holes; NYS state park; same ForeUp tee sheet as other Bethpage loops | Long Island region | Nassau County | Source sheet verification: VERIFIED
Bethpage State Park - Yellow Course,,Farmingdale,,Public,https://www.bethpagegolfcourse.com/,foreup,https://foreupsoftware.com/index.php/booking/19765/2431#teetimes,yes,high,Pro shop (516) 249-0700 | 18 holes; NYS state park; shared Bethpage ForeUp booking | Long Island region | Nassau County | Source sheet verification: VERIFIED
Brookville Country Club,,Old Brookville,,Private,,,,no,low,Long Island region | Nassau County | Source sheet verification: Private
Cantiague Park Golf Course,,Hicksville,,Municipal,https://www.nassaucountyny.gov/1779/Golf,other:nassau-county,https://golf.nassaucountyny.gov/,yes,high,Pro shop (516) 571-7061 | 9 holes; Nassau County-owned; county reservation app/account required; coords approx (park entrance) — County reservation portal (login/register); resident registration required | Long Island region | Nassau County | Source sheet verification: VERIFIED
Cedarbrook Club,,Old Brookville,,Private,,,,no,low,Long Island region | Nassau County | Source sheet verification: Private
Cherry Valley Club,,Garden City,,Private,,,,no,low,Long Island region | Nassau County | Source sheet verification: Private
Christopher Morley Park Golf Course,,North Hills,,Municipal,https://www.nassaucountyny.gov/1779/Golf,other:nassau-county,https://golf.nassaucountyny.gov/,yes,high,Pro shop (516) 571-8120 | 9-hole par-30 executive; Nassau County-owned; county reservation app/account required — County reservation portal (login/register); resident registration required | Long Island region | Nassau County | Source sheet verification: VERIFIED
Deepdale Golf Club,,Manhasset,,Private,https://www.deepdalegolfclub.com/,,,no,low,Long Island region | Nassau County | Source sheet verification: Private
Eisenhower Park Golf - Blue Course,,East Meadow,,Municipal,https://www.nassaucountyny.gov/1779/Golf,other:nassau-county,https://golf.nassaucountyny.gov/,yes,high,Pro shop (516) 572-0327 | 18 holes; Nassau County-owned (Robert Trent Jones); shared county reservation app; could not verify public tee sheet — County reservation portal (login/register); resident registration required | Long Island region | Nassau County | Source sheet verification: VERIFIED
Eisenhower Park Golf - Red Course,,East Meadow,,Municipal,https://www.nassaucountyny.gov/1779/Golf,other:nassau-county,https://golf.nassaucountyny.gov/,yes,high,Pro shop (516) 572-0327 | 18 holes; Nassau County-owned (Devereux Emmet 1914); online reservation via county golf app requires account/Leisure Passport; could not load public tee sheet — County reservation portal (login/register); resident registration required | Long Island region | Nassau County | Source sheet verification: VERIFIED
Eisenhower Park Golf - White Course,,East Meadow,,Municipal,https://www.nassaucountyny.gov/1779/Golf,other:nassau-county,https://golf.nassaucountyny.gov/,yes,high,Pro shop (516) 572-0327 | 18 holes; Nassau County-owned (Robert Trent Jones); shared county reservation app; could not verify public tee sheet — County reservation portal (login/register); resident registration required | Long Island region | Nassau County | Source sheet verification: VERIFIED
Engineers Country Club,,Roslyn Harbor,,Private,,,,no,low,Long Island region | Nassau County | Source sheet verification: Private
Fresh Meadow Country Club,,Lake Success,,Private,,,,no,low,Long Island region | Nassau County | Source sheet verification: Private
Garden City Country Club,,Garden City,,Private,,,,no,low,Long Island region | Nassau County | Source sheet verification: Private
Garden City Golf Club,,Garden City,,Private,,,,no,low,Long Island region | Nassau County | Source sheet verification: Private
Glen Cove Golf Club,,Glen Cove,,Municipal,https://glencoveny.gov/municipal-golf-course,foreup,https://foreupsoftware.com/index.php/booking/20085/3523#/teetimes,yes,high,Pro shop (516) 671-0033 | 18 holes; City of Glen Cove municipal | Long Island region | Nassau County | Source sheet verification: VERIFIED
Glen Head Country Club,,Glen Head,,Private,,,,no,low,Long Island region | Nassau County | Source sheet verification: Private
Glen Oaks Club,,Old Westbury,,Private,,,,no,low,Long Island region | Nassau County | Source sheet verification: Private
Harbor Links Golf Course - Championship,,Port Washington,,Municipal,https://www.harborlinksgolf.net/,clubprophet,https://harborlinksgc.cps.golf/onlineresweb/search-teetime,yes,high,Pro shop (516) 767-4816 | 18 holes; Town of North Hempstead-owned; CPS.golf/ClubProphet booking | Long Island region | Nassau County | Source sheet verification: VERIFIED
Harbor Links Golf Course - Executive,,Port Washington,,Municipal,https://www.harborlinksgolf.net/,clubprophet,https://harborlinksgc.cps.golf/onlineresweb/search-teetime,yes,high,Pro shop (516) 767-4816 | 9-hole executive; Town of North Hempstead-owned; shared CPS.golf tee sheet | Long Island region | Nassau County | Source sheet verification: VERIFIED
Hempstead Golf and Country Club,,West Hempstead,,Private,,,,no,low,Long Island region | Nassau County | Source sheet verification: Private
Inwood Country Club,,Inwood,,Private,,,,no,low,Long Island region | Nassau County | Source sheet verification: Private
Lake Success Golf Club,,Lake Success,,Municipal,https://www.villageoflakesuccess.com/golf.php,,,no,low,Long Island region | Nassau County | Source sheet verification: NO_ONLINE
Lawrence Yacht and Country Club,,Lawrence,,Municipal,https://www.lycc.cc/,ezlinks,https://lawrencepm.ezlinksgolf.com/,yes,high,18 holes; Village of Lawrence-owned with membership tiers; own site book link resolves to EZLinks host; EZLinks not scrapeable from sandbox | Long Island region | Nassau County | Source sheet verification: VERIFIED
Lido Golf Club,,Lido Beach,,Municipal,https://www.lidogolf.com/,foreup,https://foreupsoftware.com/index.php/booking/21829/9011,yes,high,"Pro shop (516) 889-8181 | 18 holes; Town of Hempstead-owned, concessionaire-run; Chronogolf listing present but tee sheet not loaded to confirm live — Own site JS-rendered book link; chronogolf host org-blocked in sandbox so listing could not be confirmed live — Chronogolf listing is a phone-only placeholder (browser-confirmed); engine may have migrated, own-site check pending — Input site lidogolf.com now a parked GoDaddy page; real site lidogolfclub.com Book Tee Times link resolves to ForeUp; migrated off Chronogolf | Long Island region | Nassau County | Source sheet verification: VERIFIED"
Meadow Brook Club,,Jericho,,Private,,,,no,low,Long Island region | Nassau County | Source sheet verification: Private
Merrick Road Park Golf Course,,Merrick,,Municipal,https://merrickgc.com/,other:hempstead,https://hempsteadtown.com/merrickgolf/,yes,high,Pro shop (516) 868-4650 | 9-hole par-3 (The 9 at Merrick); Town of Hempstead; own online booking portal plus phone | Long Island region | Nassau County | Source sheet verification: VERIFIED
Mill River Club,,Upper Brookville,,Private,,,,no,low,Long Island region | Nassau County | Source sheet verification: Private
Nassau Country Club,,Glen Cove,,Private,https://www.nassaucc.com/,,,no,low,Long Island region | Nassau County | Source sheet verification: Private
Nickerson Beach Pitch and Putt,,Lido Beach,,Municipal,https://www.nassaucountyny.gov/1779/Golf,,,no,low,Long Island region | Nassau County | Source sheet verification: NO_ONLINE
North Hempstead Country Club,,Port Washington,,Private,,,,no,low,Long Island region | Nassau County | Source sheet verification: Private
North Hills Country Club,,Manhasset,,Private,,,,no,low,Long Island region | Nassau County | Source sheet verification: Private
North Shore Country Club,,Glenwood Landing,,Private,,,,no,low,Long Island region | Nassau County | Source sheet verification: Private
North Woodmere Park Golf Course,,Woodmere,,Municipal,https://www.nassaucountyny.gov/1779/Golf,other:nassau-county,https://golf.nassaucountyny.gov/,yes,high,"Pro shop (516) 571-7814 | 9 holes (2282 yds, largest county 9); Nassau County-owned; county reservation app/account required — County reservation portal (login/register); resident registration required | Long Island region | Nassau County | Source sheet verification: VERIFIED"
Old Westbury Golf and Country Club,,Old Westbury,,Semi-Private,https://www.owgolf.com/,,,no,low,Pro shop (516) 626-1810 | Long Island region | Nassau County | Source sheet verification: Private
Peninsula Golf Club,,Massapequa,,Public,https://peninsulagolfny.com/,teeitup,https://87b5ee21-e1ec-4d44-8a82-db692b9ed452.book.teeitup.golf/,yes,high,Pro shop (516) 798-9776 | 9-hole regulation; privately operated daily-fee public course; coords approx (50 Nassau Rd) | Long Island region | Nassau County | Source sheet verification: VERIFIED
Pine Hollow Country Club,,East Norwich,,Private,,,,no,low,Long Island region | Nassau County | Source sheet verification: Private
Piping Rock Club,,Locust Valley,,Private,,,,no,low,Long Island region | Nassau County | Source sheet verification: Private
Plandome Country Club,,Plandome,,Private,,,,no,low,Long Island region | Nassau County | Source sheet verification: Private
Rockaway Hunting Club,,Cedarhurst,,Private,,,,no,low,Long Island region | Nassau County | Source sheet verification: Private
Rockville Links Club,,Rockville Centre,,Private,,,,no,low,Long Island region | Nassau County | Source sheet verification: Private
Sands Point Golf Club,,Sands Point,,Private,,,,no,low,Long Island region | Nassau County | Source sheet verification: Private
Tam O'Shanter Country Club,,Brookville,,Private,,,,no,low,Long Island region | Nassau County | Source sheet verification: Private
The Creek,,Locust Valley,,Private,,,,no,low,Long Island region | Nassau County | Source sheet verification: Private
The Golf Club at Middle Bay,,Oceanside,,Private,,,,no,low,Long Island region | Nassau County | Source sheet verification: Private
The Muttontown Club,,East Norwich,,Private,,,,no,low,Long Island region | Nassau County | Source sheet verification: Private
The Seawane Club,,Hewlett Harbor,,Private,,,,no,low,Long Island region | Nassau County | Source sheet verification: Private
The Woodcrest Club,,Syosset,,Private,,,,no,low,Long Island region | Nassau County | Source sheet verification: Private
The Woodmere Club,,Woodmere,,Private,,,,no,low,Long Island region | Nassau County | Source sheet verification: Private
Town of Oyster Bay Golf Course,,Woodbury,,Municipal,https://oysterbaytown.com/departments/parks/golf-course/,other:webtrac,https://golfcourse.oysterbaytown.com/,yes,high,18 holes (Hon. Joseph Colby course); Town of Oyster Bay; online registration/reservation via WebTrac; not a standard scrape engine | Long Island region | Nassau County | Source sheet verification: VERIFIED
Village Club of Sands Point,,Sands Point,,Municipal,,,,no,low,Long Island region | Nassau County | Source sheet verification: NO_ONLINE
Wheatley Hills Golf Club,,East Williston,,Private,,,,no,low,Long Island region | Nassau County | Source sheet verification: Private
Woodside Club,,Syosset,,Private,,,,no,low,Long Island region | Nassau County | Source sheet verification: Private
Atlantic Golf Club,,Bridgehampton,,Private,,,,no,low,Long Island region | Suffolk County | Source sheet verification: Private
Baiting Hollow Club,,Baiting Hollow,,Private,,,,no,low,Long Island region | Suffolk County | Source sheet verification: Private
Bellport Country Club,,Bellport,,Semi-Private,https://www.bellportgolfclub.com/,other:chelsea,http://bellport.chelseareservations.com/,yes,high,"Pro shop (631) 803-5121 | 18 holes; Village of Bellport (resident priority); Chronogolf listing, own link not confirmed — Village course; own site links to Chelsea Reservations tee-time system; member/resident number + login required | Long Island region | Suffolk County | Source sheet verification: VERIFIED"
Bergen Point Golf Course,,West Babylon,,Municipal,https://www.bergenpointgolf.com/,teeitup,https://bergen-point-golf-course.book.teeitup.golf/,yes,high,18 holes; Town of Babylon; concessionaire (Gemelli's); followed own-site book link to TeeItUp; approx coords | Long Island region | Suffolk County | Source sheet verification: VERIFIED
Brentwood Country Club,,Brentwood,,Municipal,https://brentwoodccgolf.com/,foreup,https://foreupsoftware.com/index.php/booking/index/19105,yes,high,Pro shop (631) 436-6060 | 18 holes; Town of Islip municipal; own-site + islipgolf.com confirm ForeUp | Long Island region | Suffolk County | Source sheet verification: VERIFIED
Bretton Woods Country Club,,Coram,,Private,,,,no,low,Long Island region | Suffolk County | Source sheet verification: Private
Calverton Links,,Calverton,,Public,http://www.calvertonlinks.com,chronogolf,https://www.chronogolf.com/club/calverton-links,yes,high,"Pro shop (631) 369-5200 | 18 holes; daily-fee; Chronogolf club page live with tee sheet, references own site calvertonlinks.com | Long Island region | Suffolk County | Source sheet verification: VERIFIED"
Cedars Golf Club,,Cutchogue,,Executive/Par-3,https://cedarsgolfclub.com/,other:teewire,https://teewire.net/cedarsgolfclub/,yes,high,"Pro shop (631) 734-6363 | 9-hole par-3 (North Fork, B&B); Chronogolf listing + GolfNow 16014; own link not confirmed; approx coords — Own site book link points to TeeWire (non-standard engine) for tee times and TrackMan sim | Long Island region | Suffolk County | Source sheet verification: VERIFIED"
Cherry Creek Golf Links,,Riverhead,,Public,https://www.cherrycreeklinks.com/,teeitup,https://cherry-creek-golf-links.book.teeitup.golf/,yes,high,"Pro shop (631) 369-6500 | 18 holes; privately-owned daily-fee; Chronogolf listing + GolfNow 4809; own site 403 in sandbox — Own Squarespace site shows Book Online button but href JS/403; chronogolf + GolfNow 4809 listings exist, host blocked so unconfirmed — Chronogolf listing is a phone-only placeholder (browser-confirmed); engine may have migrated, own-site check pending — Migrated Chronogolf->TeeItUp; own-site Book link confirmed in browser | Long Island region | Suffolk County | Source sheet verification: VERIFIED"
Cold Spring Country Club,,Cold Spring Harbor,,Private,,,,no,low,Long Island region | Suffolk County | Source sheet verification: Private
Colonial Springs Golf Club,,East Farmingdale,,Semi-Private,https://www.colonialspringsgolf.com/,,,no,low,Pro shop (631) 643-1050 | Long Island region | Suffolk County | Source sheet verification: Private
Crab Meadow Golf Course,,Northport,,Municipal,https://crabmeadow.com/,foreup,https://foreupsoftware.com/index.php/booking/21593/8314,yes,high,Pro shop (631) 757-8800 | 18 holes; Town of Huntington municipal; ForeUp via crabmeadow.com | Long Island region | Suffolk County | Source sheet verification: VERIFIED
Dix Hills Park Golf Course,,Dix Hills,,Municipal,https://www.dixhillsgolf.com/,foreup,https://app.foreupsoftware.com/index.php/booking/21595/8315,yes,high,Pro shop (631) 499-8005 | 9 holes par-31; Town of Huntington municipal; ForeUp via dixhillsgolf.com | Long Island region | Suffolk County | Source sheet verification: VERIFIED
E. Donald Conroy Golf Course,,Babylon,,Executive/Par-3,https://www.villageofbabylonny.gov/e-donald-conroy-golf-course,,,no,low,Pro shop (631) 669-2340 | Long Island region | Suffolk County | Source sheet verification: NO_ONLINE
Fishers Island Club,,Fishers Island,,Private,,,,no,low,Long Island region | Suffolk County | Source sheet verification: Private
Friar's Head,,Baiting Hollow,,Private,,,,no,low,Long Island region | Suffolk County | Source sheet verification: Private
Gardiner's Bay Country Club,,Shelter Island,,Private,,,,no,low,Long Island region | Suffolk County | Source sheet verification: Private
Great Rock Golf Club,,Wading River,,Public,https://www.greatrockgolf.com/,,,no,low,Pro shop (631) 886-2950 | Long Island region | Suffolk County | Source sheet verification: Private
Gull Haven Golf Club,,Central Islip,,Executive/Par-3,https://gullhavengolf.com/,foreup,https://foreupsoftware.com/index.php/booking/index/19106,yes,high,Pro shop (631) 436-6059 | 9-hole executive (par 35); Town of Islip municipal; ForeUp via own site | Long Island region | Suffolk County | Source sheet verification: VERIFIED
Hampton Hills Golf & Country Club,,Westhampton Beach,,Private,,,,no,low,Long Island region | Suffolk County | Source sheet verification: Private
Hay Harbor Club,,Fishers Island,,Private,https://hayharborclub.com/,,,no,low,Long Island region | Suffolk County | Source sheet verification: Private
Heartland Golf Park,,Edgewood,,Executive/Par-3,https://www.heartlandgolfpark.com/,,,no,low,Pro shop (631) 352-2595 | Long Island region | Suffolk County | Source sheet verification: NO_ONLINE
Heatherwood Golf Club,,Centereach,,Executive/Par-3,,golfnow,https://www.golfnow.com/tee-times/facility/6044-heatherwood-golf-club,yes,high,"18-hole executive (par 60); daily-fee; Chronogolf listing + GolfNow 6044 — No working own website found (heatherwoodgolf.com DNS fail); chronogolf + GolfNow 6044 listings unconfirmed; host blocked — Chronogolf listing is a phone-only placeholder (browser-confirmed); engine may have migrated, own-site check pending — No course website found; live GolfNow facility 6044 is the online booking channel; Chronogolf listing was a dead placeholder | Long Island region | Suffolk County | Source sheet verification: VERIFIED"
Holbrook Country Club,,Holbrook,,Municipal,https://holbrookccgolf.com/,foreup,https://foreupsoftware.com/index.php/booking/index/19107,yes,high,Pro shop (631) 467-3417 | 18 holes; Town of Islip municipal; ForeUp via own site | Long Island region | Suffolk County | Source sheet verification: VERIFIED
Huntington Country Club,,Huntington,,Private,,,,no,low,Long Island region | Suffolk County | Source sheet verification: Private
Huntington Crescent Club,,Huntington,,Private,,,,no,low,Long Island region | Suffolk County | Source sheet verification: Private
Indian Hills Country Club,,Fort Salonga,,Private,https://www.indianhillscc.net/,,,no,low,Long Island region | Suffolk County | Source sheet verification: Private
Indian Island Country Club,,Riverhead,,Municipal,https://indianislandcountryclub.com/,other:webtrac,https://nysuffolkctyweb.myvscloud.com/webtrac/web/search.html?module=GR,yes,high,Pro shop (631) 727-7776 | 18 holes; Suffolk County course; own site 'make a reservation' links to Suffolk County WebTrac; Green Key card | Long Island region | Suffolk County | Source sheet verification: VERIFIED
Island's End Golf & Country Club,,Greenport,,Public,https://islandsendgolf.com/,teesnap,https://islandsendgolf.teesnap.net/,yes,high,18 holes; daily-fee; Teesnap booking page (islandsendgolf.teesnap.net); approx coords | Long Island region | Suffolk County | Source sheet verification: VERIFIED
Laurel Links Country Club,,Laurel,,Private,,,,no,low,Long Island region | Suffolk County | Source sheet verification: Private
Long Island National Golf Club,,Riverhead,,Public,https://www.linationalgc.com/,teeitup,https://www.teeitup.com/golf/teetime.m?c=11901,yes,high,18 holes; Troon-managed public (Rees Jones); legacy TeeItUp link + Chronogolf listing; own site (Jonas) book link not surfaced — Troon-managed public; classic TeeItUp link confirmed as course booking page via TeeItUp directory; sandbox render robots-blocked | Long Island region | Suffolk County | Source sheet verification: VERIFIED
Maidstone Club,,East Hampton,,Private,,,,no,low,Long Island region | Suffolk County | Source sheet verification: Private
Middle Island Country Club,,Middle Island,,Public,https://www.middleislandcc.com/,teeitup,https://middle-island-country-club.book.teeitup.golf,yes,high,Pro shop (631) 924-3000 | 27 holes (Spruce/Oak/Dogwood); daily-fee; Chronogolf listing + GolfNow 4953 — Own site links to TeeItUp (18-hole riding online; call 631-924-3000 for walking) | Long Island region | Suffolk County | Source sheet verification: VERIFIED
Mill Pond Golf Course,,Medford,,Public,https://www.golfatmillpond.com/,teeitup,https://mill-pond-golf-course.book.teeitup.com/,yes,high,Pro shop (631) 732-8249 | 9 holes; daily-fee; TeeItUp via golfatmillpond.com/tee-times; approx coords | Long Island region | Suffolk County | Source sheet verification: VERIFIED
Montauk Downs State Park Golf Course,,Montauk,,Public,https://montaukdownsgolfcourse.com/,foreup,https://foreupsoftware.com/index.php/booking/19756/2436,yes,high,Pro shop (631) 668-1100 | 18 holes; NYS state park (RTJ design); ForeUp via montaukdownsgolfcourse.com | Long Island region | Suffolk County | Source sheet verification: VERIFIED
National Golf Links of America,,Southampton,,Private,,,,no,low,Long Island region | Suffolk County | Source sheet verification: Private
Nissequogue Golf Club,,Saint James,,Private,,,,no,low,Long Island region | Suffolk County | Source sheet verification: Private
North Fork Country Club,,Cutchogue,,Private,,,,no,low,Long Island region | Suffolk County | Source sheet verification: Private
Northport Golf Course,,Northport,,Public,https://northportgolfcourse.com/,,,no,low,Pro shop (631) 261-8000 | Long Island region | Suffolk County | Source sheet verification: NO_ONLINE
Noyac Golf Club,,Sag Harbor,,Private,,,,no,low,Long Island region | Suffolk County | Source sheet verification: Private
Pine Hills Country Club,,Manorville,,Public,https://pinehillsccgolf.com/,chronogolf,https://chronogolf.com/club/10733,yes,high,18 holes; daily-fee; own site pinehillsccgolf.com/booking + Chronogolf app; own link not directly loaded — Booking page loads a Noteefy widget broken by GTM; underlying tee-sheet engine host not surfaced; needs browser render — Own booking page widget loads Chronogolf club 10733 | Long Island region | Suffolk County | Source sheet verification: VERIFIED
Port Jefferson Country Club at Harbor Hills,,Port Jefferson,,Semi-Private,https://www.portjeffcc.com/,chronogolf,https://www.chronogolf.com/club/port-jefferson-country-club-at-harbor-hills,yes,high,"Pro shop (631) 285-1814 | 18 holes; Village of Port Jefferson (members/residents); Chronogolf listing, own link not confirmed — Own site (portjeffcc.com) shows no online booking; members/residents; chronogolf listing blocked; pro shop 631-285-1814 — Live Chronogolf member portal confirmed in browser; private club | Long Island region | Suffolk County | Source sheet verification: VERIFIED"
Poxabogue Golf Center,,Sagaponack,,Executive/Par-3,https://www.poxgolf.com/,teeitup,https://poxabogue-golf-center.book.teeitup.com/,yes,high,Pro shop (631) 537-0025 | 9-hole executive; Town of Southampton-owned (excludes driving range); Chronogolf listing; approx coords — Own tee-times page links to TeeItUp booking subdomain | Long Island region | Suffolk County | Source sheet verification: VERIFIED
Quogue Field Club,,Quogue,,Private,,,,no,low,Long Island region | Suffolk County | Source sheet verification: Private
RC Links at West Sayville Golf Course,,West Sayville,,Municipal,https://westsayvillegolf.com/,other:webtrac,https://nysuffolkctyweb.myvscloud.com/webtrac/web/search.html?module=GR,yes,high,Pro shop (631) 567-1704 | 18 holes; Suffolk County course (concessionaire RC); own site links to county WebTrac; Green Key card | Long Island region | Suffolk County | Source sheet verification: VERIFIED
Rock Hill Golf & Country Club,,Manorville,,Public,https://rockhillgolfclub.com/,foreup,https://foreupsoftware.com/index.php/booking/20662,yes,high,"18 holes; daily-fee; Chronogolf listing; own site JS-driven, book host not confirmed — Own site Book a Tee Time links to ForeUp booking 20662; overrides prior Chronogolf guess | Long Island region | Suffolk County | Source sheet verification: VERIFIED"
Rolling Oaks Golf Course,,Rocky Point,,Executive/Par-3,https://www.golfrollingoaks.com/,teeitup,https://rolling-oaks-golf-course-2.book.teeitup.com,yes,high,9-hole executive/par-3; daily-fee; open per 2026 reviews; online booking not confirmed — Own tee-times page links to TeeItUp; overrides prior phone-only guess | Long Island region | Suffolk County | Source sheet verification: VERIFIED
Sag Harbor State Golf Course,,Sag Harbor,,Public,https://parks.ny.gov/visit/golf-courses/sag-harbor-state-golf-course,,,no,low,Pro shop (631) 725-2503 | Long Island region | Suffolk County | Source sheet verification: NO_ONLINE
Sandy Pond Links,,Riverhead,,Executive/Par-3,https://sandypondlinks.com/,,,no,low,Pro shop (631) 660-8368 | Long Island region | Suffolk County | Source sheet verification: NO_ONLINE
Sebonack Golf Club,,Southampton,,Private,,,,no,low,Long Island region | Suffolk County | Source sheet verification: Private
Shelter Island Country Club (Goat Hill),,Shelter Island,,Municipal,https://www.shelterislandcc.org/,teeitup,https://shelter-island-country-club.book.teeitup.com,yes,high,Pro shop (631) 749-0416 | 9 holes; Town of Shelter Island-owned (Goat Hill); island seasonal; booking channel not confirmed; approx coords — Own site (shelterislandcc.org) is phone-only (631-749-5404/0416); GolfNow facility 15822 marketplace listing exists but not confirmed as course own engine — /tee-times embeds TeeItUp engine on GolfNow-powered own site | Long Island region | Suffolk County | Source sheet verification: VERIFIED
Shinnecock Hills Golf Club,,Southampton,,Private,,,,no,low,Long Island region | Suffolk County | Source sheet verification: Private
Smithtown Landing Country Club,,Smithtown,,Municipal,https://www.smithtownlandingcc.com/,teeitup,https://smithtown-landing-country-club.book.teeitup.com/,yes,high,18-hole regulation; Town of Smithtown municipal; TeeItUp via own site | Long Island region | Suffolk County | Source sheet verification: VERIFIED
Smithtown Landing Par-3,,Smithtown,,Executive/Par-3,https://www.smithtownlandingcc.com/,teeitup,https://smithtown-landing-country-club.book.teeitup.com/,yes,high,9-hole par-3 short course at Smithtown Landing; shares Town of Smithtown TeeItUp sheet | Long Island region | Suffolk County | Source sheet verification: VERIFIED
South Fork Country Club,,Amagansett,,Private,,,,no,low,Long Island region | Suffolk County | Source sheet verification: Private
Southampton Golf Club,,Southampton,,Private,,,,no,low,Long Island region | Suffolk County | Source sheet verification: Private
Southward Ho Country Club,,Bay Shore,,Private,,,,no,low,Long Island region | Suffolk County | Source sheet verification: Private
Spring Lake Golf Club - Sandpiper,,Middle Island,,Executive/Par-3,https://www.springlakegolfclub.com/,clubcaddie,https://www.springlakegolfclub.com/golf/tee-times,yes,high,"9-hole executive at Spring Lake; same facility as Thunderbird; Chronogolf listing — Same facility as Thunderbird; own tee-times page JS redirect; chronogolf host blocked — Chronogolf listing is a phone-only placeholder (browser-confirmed); engine may have migrated, own-site check pending — Own site has a live /golf/tee-times booking page (engine TBD) — Same Spring Lake Club Caddie booking engine covers Sandpiper 9; migrated off Chronogolf | Long Island region | Suffolk County | Source sheet verification: VERIFIED"
Spring Lake Golf Club - Thunderbird,,Middle Island,,Public,https://www.springlakegolfclub.com/,clubcaddie,https://www.springlakegolfclub.com/golf/tee-times,yes,high,"18-hole championship course; daily-fee; Chronogolf listing + GolfNow 10050; own link not confirmed — Own tee-times page is a JS redirect; chronogolf + GolfNow 10050 listings; host blocked so unconfirmed — Chronogolf listing is a phone-only placeholder (browser-confirmed); engine may have migrated, own-site check pending — Own site has a live /golf/tee-times booking page (engine TBD) — Own Tee Times page embeds Club Caddie engine (apimanager-cc37.clubcaddie.com) plus a Club Caddie mobile app; migrated off Chronogolf | Long Island region | Suffolk County | Source sheet verification: VERIFIED"
St. George's Golf & Country Club,,East Setauket,,Semi-Private,,,,no,low,Long Island region | Suffolk County | Source sheet verification: Private
Stonebridge Golf Links & Country Club,,Smithtown,,Semi-Private,https://www.stonebridgeglcc.com/,teeitup,https://stonebridge-golf-links-and-country-club.book.teeitup.golf/,yes,high,18 holes; semi-private; Chronogolf listing + GolfNow 4766 — Own site Book Now links to TeeItUp | Long Island region | Suffolk County | Source sheet verification: VERIFIED
Sunken Meadow State Park Golf Course,,Kings Park,,Public,https://parks.ny.gov/visit/golf-courses/sunken-meadow-state-park-golf-course-governor-alfred-e-smith,foreup,https://foreupsoftware.com/index.php/booking/19766/2437,yes,high,27 holes (Blue/Green/Red nines); NYS state park (Gov Alfred E Smith); ForeUp; approx coords | Long Island region | Suffolk County | Source sheet verification: VERIFIED
Swan Lake Golf Club,,Manorville,,Public,https://swanlakegolf.com/,chronogolf,https://www.chronogolf.com/club/swan-lake-golf-club,yes,high,Pro shop (631) 369-1818 | 18 holes; daily-fee; Chronogolf listing + GolfNow 8622; own link not confirmed — Own site book button is JS href=# with app-based booking; chronogolf + GolfNow 8622 listings; host blocked — Live Chronogolf; real tee times shown in browser (from $45) | Long Island region | Suffolk County | Source sheet verification: VERIFIED
Tallgrass Golf Course,,Shoreham,,Closed,,,,no,low,Long Island region | Suffolk County | Source sheet verification: NO_ONLINE
The Bridge,,Bridgehampton,,Private,,,,no,low,Long Island region | Suffolk County | Source sheet verification: Private
The Hamlet Golf & Country Club at Willow Creek,,Mount Sinai,,Private,,,,no,low,Long Island region | Suffolk County | Source sheet verification: Private
The Hamlet Golf & Country Club at Wind Watch,,Hauppauge,,Resort,https://www.invitedclubs.com/clubs/wind-watch-golf-country-club,teeitup,https://wind-watch-golf-and-country-club.book.teeitup.com/?course=4748,yes,high,Pro shop (631) 232-9850 | 18 holes; ClubCorp-owned; adjacent Marriott/Courtyard; member & resort play; online booking not confirmed — Invited (ClubCorp) club; own Book Now links to TeeItUp; public tee times available | Long Island region | Suffolk County | Source sheet verification: VERIFIED
The Links at Shirley,,Shirley,,Public,linksatshirley.com (parked),,,no,low,Pro shop (631) 395-7272 | Long Island region | Suffolk County | Source sheet verification: NO_ONLINE
The Woods at Cherry Creek,,Riverhead,,Public,https://www.thewoodsatcherrycreek.com/,teeitup,https://the-woods-at-cherry-creek.book.teeitup.golf/,yes,high,18 holes; second course at Cherry Creek complex; only a GolfNow marketplace listing found (facility 4810); engine unconfirmed — Own site Book a Tee Time links to TeeItUp; overrides prior GolfNow guess | Long Island region | Suffolk County | Source sheet verification: VERIFIED
Timber Point Golf Course,,Great River,,Municipal,https://suffolkcountyny.gov/Departments/Parks/golf/Timber-Point-Golf-Course,other:webtrac,https://nysuffolkctyweb.myvscloud.com/webtrac/web/search.html?module=GR,yes,high,27 holes (Red/White/Blue nines); Suffolk County course; books via county WebTrac; approx coords | Long Island region | Suffolk County | Source sheet verification: VERIFIED
Westhampton Country Club,,Westhampton Beach,,Private,,,,no,low,Long Island region | Suffolk County | Source sheet verification: Private
Bally's Golf Links at Ferry Point,,Bronx,,Municipal,https://casinos.ballys.com/golf-links-ferry-point/,ezlinks,https://ballysapi.ezlinksgolf.com/index.html#/search,yes,high,Pro shop (718) 414-1555 | NYC-owned premium daily-fee; 18 holes (Jack Nicklaus design); operated by Bally's (formerly Trump Golf Links at Ferry Point); EZLinks booking followed from official site | New York City region | Bronx County | Source sheet verification: VERIFIED
Mosholu Golf Course,,Bronx,,Municipal,https://www.mosholugolf.com/,teeitup,https://mosholu-golf-course.book.teeitup.com/,yes,high,Pro shop (718) 655-0655 | NYC-owned; 9 holes; American Golf; TeeItUp booking followed from course site | New York City region | Bronx County | Source sheet verification: VERIFIED
Pelham Bay Golf Course,,Bronx,,Municipal,https://www.pelhamsplitrock.com/,teeitup,https://pelham-bay-split-rock.book.teeitup.com/,yes,high,Pro shop (718) 885-1258 | NYC-owned; 18 holes; American Golf; shares clubhouse/booking with Split Rock; own site book link resolves to TeeItUp/letsgo.golf; coords approx (Census no match) | New York City region | Bronx County | Source sheet verification: VERIFIED
Split Rock Golf Course,,Bronx,,Municipal,https://www.pelhamsplitrock.com/,teeitup,https://pelham-bay-split-rock.book.teeitup.com/,yes,high,"Pro shop (718) 885-1258 | NYC-owned; 18 holes; American Golf; shares Pelham Bay clubhouse and TeeItUp tee sheet; coords approx (shared clubhouse, Census no match) | New York City region | Bronx County | Source sheet verification: VERIFIED"
Van Cortlandt Golf Course,,Bronx,,Municipal,https://www.golfnyc.com/van-cortlandt-course/,teeitup,https://van-cortlandt-golf-course.book.teeitup.com/,yes,high,"NYC-owned; 18 holes; oldest public golf course in US (1895); American Golf/TeeItUp (aggregator course=5043); coords approx (Van Cortlandt Park South edge, Census no exact match) | New York City region | Bronx County | Source sheet verification: VERIFIED"
Dyker Beach Golf Course,,Brooklyn,,Municipal,https://www.dykerbeachgc.com/,teeitup,https://dyker-beach-golf-course.book.teeitup.com/,yes,high,Pro shop (718) 836-9722 | NYC-owned; 18 holes; American Golf; TeeItUp booking followed from course site | New York City region | Kings County | Source sheet verification: VERIFIED
Marine Park Golf Course,,Brooklyn,,Municipal,https://www.golfmarinepark.com/,teeitup,https://marine-park-golf-course.book.teeitup.com/,yes,high,Pro shop (718) 252-4625 | NYC-owned; 18 holes; TeeItUp subdomain loads live tee sheet (course own site golfmarinepark.com egress-blocked in sandbox); GolfNow facility 4857 | New York City region | Kings County | Source sheet verification: VERIFIED
Clearview Park Golf Course,,Queens,,Municipal,https://www.golfnyc.com/clearview-park-course/,teeitup,https://golf-nyc.book.teeitup.com/teetimes?course=4047,yes,high,Pro shop (718) 229-2570 | NYC-owned; 18 holes; American Golf; TeeItUp aggregator booking (course id 4047); coords approx (Census no match) | New York City region | Queens County | Source sheet verification: VERIFIED
Douglaston Golf Course,,Queens,,Municipal,https://www.golfnyc.com/douglaston-course/,teeitup,https://douglaston-golf-course.book.teeitup.com/,yes,high,NYC-owned; 18 holes; highest point in Queens; American Golf; TeeItUp (aggregator course=5044) | New York City region | Queens County | Source sheet verification: VERIFIED
Flushing Meadows Pitch and Putt,,Queens,,Executive/Par-3,https://www.golfnyc.com/flushing-pitchputt-hours/,teeitup,https://golf-nyc.book.teeitup.com/teetimes?course=16016,yes,high,NYC-owned; 18-hole par-3 pitch and putt; American Golf; TeeItUp aggregator (course id 16016); coords approx (Flushing Meadows Corona Park) | New York City region | Queens County | Source sheet verification: VERIFIED
Forest Park Golf Course,,Queens,,Municipal,https://www.golfnyc.com/,teeitup,https://golf-nyc.book.teeitup.com/teetimes?course=5045,yes,high,NYC-owned; 18 holes; American Golf/TeeItUp (course id 5045 confirmed via golf-nyc aggregator; also forest-park-golf-course-2.book.teeitup.com); coords approx (Park Lane South edge) | New York City region | Queens County | Source sheet verification: VERIFIED
Kissena Golf Course,,Queens,,Municipal,https://www.golfnyc.com/kissena-course/,teeitup,https://kissena-golf-course.book.teeitup.com/,yes,high,NYC-owned; 18 holes (short regulation); American Golf; TeeItUp (aggregator course=5046) | New York City region | Queens County | Source sheet verification: VERIFIED
La Tourette Golf Course,,Staten Island,,Municipal,https://www.golfnyc.com/la-tourette-course/,teeitup,https://golf-nyc.book.teeitup.com/teetimes?course=4049,yes,high,NYC-owned; 18 holes; American Golf; TeeItUp aggregator booking (course id 4049) | New York City region | Richmond County | Source sheet verification: VERIFIED
Richmond County Country Club,,Staten Island,,Private,https://www.richmondcountycc.org/,,,no,low,Pro shop (718) 351-0600 | New York City region | Richmond County | Source sheet verification: Private
Silver Lake Golf Course,,Staten Island,,Municipal,https://www.silverlakegolf.com/,teeitup,https://golf-nyc.book.teeitup.com/teetimes?course=4757,yes,high,Pro shop (718) 442-4653 | NYC-owned; 18 holes; American Golf; official site tee-times link redirects to golf-nyc TeeItUp aggregator (course id 4757) | New York City region | Richmond County | Source sheet verification: VERIFIED
South Shore Golf Course,,Staten Island,,Municipal,https://www.golfnyc.com/south-shore-course/,teeitup,https://south-shore-golf-course-cpd.book.teeitup.com/,yes,high,Pro shop (718) 984-0101 | NYC-owned; 18 holes; American Golf; TeeItUp booking subdomain confirmed | New York City region | Richmond County | Source sheet verification: VERIFIED
Centennial Golf Club,,Carmel,,Public,https://www.centennialgolf.com/,golfwithaccess,https://golfwithaccess.com/course/centennial-golf-club/reserve-tee-time,yes,high,Pro shop (845) 225-5700 | 27 holes (Larry Nelson design); Troon-managed public; own-site Book link goes to Troon GolfWithAccess portal | Lower Hudson Valley region | Putnam County | Source sheet verification: VERIFIED
Highlands Country Club,,Garrison,,Semi-Private,https://highlandscountryclub.net/,,,no,low,Lower Hudson Valley region | Putnam County | Source sheet verification: Private
Mahopac Golf and Beach Club,,Mahopac,,Private,https://mahopacgolfclub.com/,,,no,low,Pro shop (845) 628-9335 | Lower Hudson Valley region | Putnam County | Source sheet verification: Private
Putnam County Golf Course,,Mahopac,,Municipal,https://www.putnamcountygolfcourse.com/,teeitup,https://putnam-county-golf-course.book.teeitup.golf/,yes,high,Pro shop (845) 808-1880 | 18 holes; Putnam County owned daily-fee; followed own-site Book link to TeeItUp | Lower Hudson Valley region | Putnam County | Source sheet verification: VERIFIED
The Garrison (Garrison Golf Club),,Garrison,,Closed,https://thegarrison.com/,,,no,low,Pro shop (845) 424-4747 | Lower Hudson Valley region | Putnam County | Source sheet verification: Closed
The Sedgewood Club,,Carmel,,Private,,,,no,low,Lower Hudson Valley region | Putnam County | Source sheet verification: Private
Vails Grove Golf Course,,Brewster,,Public,https://www.vailsgrovegolfcourse.com/,,,no,low,Pro shop (845) 669-5721 | Lower Hudson Valley region | Putnam County | Source sheet verification: NO_ONLINE
Blue Hill Golf Course,,Pearl River,,Municipal,https://troon.com/course/blue-hill-golf-course,teeitup,https://blue-hill-gc-broadacres-gc.book.teeitup.com/?course=6865,yes,high,27 holes (three nines) overlooking Lake Tappan; Town of Orangetown owned; Troon-managed; shares TeeItUp host with Broadacres | Lower Hudson Valley region | Rockland County | Source sheet verification: VERIFIED
Broadacres Golf Club,,Orangeburg,,Municipal,https://www.broadacresgolf.com/,teeitup,https://blue-hill-gc-broadacres-gc.book.teeitup.com/?course=6869,yes,high,Pro shop (845) 359-8218 | 9 holes (18-tee option); Town of Orangetown owned; Troon-managed; shared TeeItUp host with Blue Hill; coords approximate | Lower Hudson Valley region | Rockland County | Source sheet verification: VERIFIED
Dellwood Country Club,,New City,,Private,,,,no,low,Lower Hudson Valley region | Rockland County | Source sheet verification: Private
Minisceongo Golf Club,,Pomona,,Private,,,,no,low,Lower Hudson Valley region | Rockland County | Source sheet verification: Private
New York Country Club,,New Hempstead,,Private,,,,no,low,Lower Hudson Valley region | Rockland County | Source sheet verification: Private
Paramount Country Club,,New City,,Private,https://www.paramountcountryclub.com/,,,no,low,Pro shop (845) 634-4626 | Lower Hudson Valley region | Rockland County | Source sheet verification: Private
Patriot Hills Golf Club,,Stony Point,,Municipal,https://patriothillsgolfclub.com/,foreup,https://foreupsoftware.com/index.php/booking/23075#/teetimes,yes,high,Pro shop (845) 947-7085 | 18 holes; Town of Stony Point owned; foreUP-hosted site; followed own-site Book link to ForeUp | Lower Hudson Valley region | Rockland County | Source sheet verification: VERIFIED
Philip J. Rotella Memorial Golf Course,,Thiells,,Municipal,https://www.rotellagolfcourse.com/,teeitup,https://philip-j-rotella-memorial-golf-course.book.teeitup.com/,yes,high,Pro shop (845) 354-1616 | 18 holes; Town of Haverstraw owned; official site has a JS reserve link whose host could not be extracted; Chronogolf directory page flagged no-online-booking; phone booking primary — Course-specific TeeItUp booking site live; own site also offers automated phone reservation; GolfNow facility 10132 and Chronogolf slug are resellers | Lower Hudson Valley region | Rockland County | Source sheet verification: VERIFIED
Rockland Country Club,,Sparkill,,Private,https://www.rocklandcountryclub.org/,,,no,low,Pro shop (845) 359-3440 | Lower Hudson Valley region | Rockland County | Source sheet verification: Private
Rockland Lake State Park Golf Course - Championship,,Congers,,Public,https://rocklandchampgolf.com/,foreup,https://foreupsoftware.com/index.php/booking/19767/2442,yes,high,Pro shop (845) 268-7275 | 18-hole championship; NYS state park owned; Troon-managed; parks.ny.gov book link goes to ForeUp; shares ForeUp tee sheet with Executive course | Lower Hudson Valley region | Rockland County | Source sheet verification: VERIFIED
Rockland Lake State Park Golf Course - Executive,,Congers,,Executive/Par-3,https://parks.ny.gov/visit/golf-courses/rockland-lake-state-park-golf-course,foreup,https://foreupsoftware.com/index.php/booking/19767/2442,yes,high,Pro shop (845) 268-7275 | 18-hole par-3 executive; NYS state park; Troon-managed; same ForeUp facility as Championship (select course within); coords approximate to park | Lower Hudson Valley region | Rockland County | Source sheet verification: VERIFIED
Spook Rock Golf Course,,Suffern,,Municipal,https://www.spookrockgolfcourse.com/,teeitup,https://spook-rock-golf-course.book.teeitup.golf/,yes,high,Pro shop (845) 357-6466 | 18 holes; Town of Ramapo owned (Village of Montebello); Troon-managed; followed own-site Book link to TeeItUp | Lower Hudson Valley region | Rockland County | Source sheet verification: VERIFIED
Anglebrook Golf Club,,Lincolndale,,Private,https://www.anglebrookgc.com/,,,no,low,Pro shop (914) 245-5588 | Lower Hudson Valley region | Westchester County | Source sheet verification: Private
Apawamis Club,,Rye,,Private,,,,no,low,Lower Hudson Valley region | Westchester County | Source sheet verification: Private
Ardsley Country Club,,Ardsley-on-Hudson,,Private,,,,no,low,Lower Hudson Valley region | Westchester County | Source sheet verification: Private
Beach Point Club,,Mamaroneck,,Private,,,,no,low,Lower Hudson Valley region | Westchester County | Source sheet verification: Private
Bedford Golf and Tennis Club,,Bedford,,Private,,,,no,low,Lower Hudson Valley region | Westchester County | Source sheet verification: Private
Blind Brook Club,,Purchase,,Private,,,,no,low,Lower Hudson Valley region | Westchester County | Source sheet verification: Private
Bonnie Briar Country Club,,Larchmont,,Private,,,,no,low,Lower Hudson Valley region | Westchester County | Source sheet verification: Private
Brae Burn Country Club,,Purchase,,Private,,,,no,low,Lower Hudson Valley region | Westchester County | Source sheet verification: Private
Brynwood Golf and Country Club,,Armonk,,Private,,,,no,low,Lower Hudson Valley region | Westchester County | Source sheet verification: Private
Century Country Club,,Purchase,,Private,,,,no,low,Lower Hudson Valley region | Westchester County | Source sheet verification: Private
Doral Arrowwood Golf Course,,Rye Brook,,Closed,,,,no,low,Lower Hudson Valley region | Westchester County | Source sheet verification: Closed
Dunwoodie Golf Course,,Yonkers,,Municipal,https://golf.westchestercountyny.gov/,teeitup,"https://westchester-county.book.teeitup.com/?course=5814,3252,3253,5815,3255,5816",yes,high,"Pro shop (914) 231-3490 | 18 holes; Westchester County Parks (oldest county course, 1903); non-residents book via TeeItUp/GolfNow, Park Pass holders via EZLinks (westchestercountyph.ezlinksgolf.com) 7-day advance | Lower Hudson Valley region | Westchester County | Source sheet verification: VERIFIED"
Elmwood Country Club,,White Plains,,Private,,,,no,low,Lower Hudson Valley region | Westchester County | Source sheet verification: Private
Fenway Golf Club,,Scarsdale,,Private,,,,no,low,Lower Hudson Valley region | Westchester County | Source sheet verification: Private
GlenArbor Golf Club,,Bedford Hills,,Private,,,,no,low,Lower Hudson Valley region | Westchester County | Source sheet verification: Private
Hampshire Country Club,,Mamaroneck,,Semi-Private,https://www.hampshireclub.com/,,,no,low,Lower Hudson Valley region | Westchester County | Source sheet verification: Private
Hollow Brook Golf Club,,Cortlandt Manor,,Private,https://www.golfhollowbrook.com/,,,no,low,Pro shop (914) 734-1500 | Lower Hudson Valley region | Westchester County | Source sheet verification: Private
Hudson Hills Golf Course,,Ossining,,Municipal,https://golf.westchestercountyny.gov/,teeitup,"https://westchester-county.book.teeitup.com/?course=5814,3252,3253,5815,3255,5816",yes,high,"Pro shop (914) 864-3000 | 18 holes; Westchester County Parks (opened 2004); shared county reservation system, TeeItUp/GolfNow non-resident + EZLinks Park Pass | Lower Hudson Valley region | Westchester County | Source sheet verification: VERIFIED"
Hudson National Golf Club,,Croton-on-Hudson,,Private,,,,no,low,Lower Hudson Valley region | Westchester County | Source sheet verification: Private
Knollwood Country Club,,Elmsford,,Private,,,,no,low,Lower Hudson Valley region | Westchester County | Source sheet verification: Private
Lake Isle Country Club,,Eastchester,,Municipal,https://www.lakeislecountryclub.com/,teeitup,https://lake-isle-country-club.book.teeitup.com/,yes,high,"Pro shop (914) 961-3453 | 18 holes; Town of Eastchester-owned, public daily-fee; own site book link resolves to TeeItUp host | Lower Hudson Valley region | Westchester County | Source sheet verification: VERIFIED"
Leewood Golf Club,,Eastchester,,Private,,,,no,low,Lower Hudson Valley region | Westchester County | Source sheet verification: Private
Maple Moor Golf Course,,White Plains,,Municipal,https://golf.westchestercountyny.gov/,teeitup,"https://westchester-county.book.teeitup.com/?course=5814,3252,3253,5815,3255,5816",yes,high,Pro shop (914) 995-9200 | 18 holes; Westchester County Parks; shared county TeeItUp/GolfNow + EZLinks Park Pass system | Lower Hudson Valley region | Westchester County | Source sheet verification: VERIFIED
Metropolis Country Club,,White Plains,,Private,,,,no,low,Lower Hudson Valley region | Westchester County | Source sheet verification: Private
Mohansic Golf Course,,Yorktown Heights,,Municipal,https://golf.westchestercountyny.gov/,teeitup,"https://westchester-county.book.teeitup.com/?course=5814,3252,3253,5815,3255,5816",yes,high,Pro shop (914) 862-5283 | 18 holes; Westchester County Parks; shared county TeeItUp/GolfNow + EZLinks Park Pass system | Lower Hudson Valley region | Westchester County | Source sheet verification: VERIFIED
Mount Kisco Country Club,,Mount Kisco,,Private,,,,no,low,Lower Hudson Valley region | Westchester County | Source sheet verification: Private
Old Oaks Country Club,,Purchase,,Private,,,,no,low,Lower Hudson Valley region | Westchester County | Source sheet verification: Private
Pelham Country Club,,Pelham Manor,,Private,,,,no,low,Lower Hudson Valley region | Westchester County | Source sheet verification: Private
Pound Ridge Golf Club,,Pound Ridge,,Public,https://www.poundridgegolf.com/,foreup,https://foreupsoftware.com/index.php/booking/21116/7087,yes,high,Pro shop (914) 764-5771 | 18 holes; upscale daily-fee (Pete Dye 2008); GolfNow facility 10207 sells tee times but course's own JS book link not opened to confirm primary engine — Own book page (poundridgegolf.com/book) resolves to ForeUp booking id 21116/7087; GolfNow facility 10207 and Chronogolf slug are resellers | Lower Hudson Valley region | Westchester County | Source sheet verification: VERIFIED
Quaker Ridge Golf Club,,Scarsdale,,Private,,,,no,low,Lower Hudson Valley region | Westchester County | Source sheet verification: Private
Rye Golf Club,,Rye,,Municipal,https://www.ryeny.gov/government/golf-club,,,no,low,Pro shop (914) 835-3200 | Lower Hudson Valley region | Westchester County | Source sheet verification: NO_ONLINE
Salem Golf Club,,North Salem,,Private,,,,no,low,Lower Hudson Valley region | Westchester County | Source sheet verification: Private
Saxon Woods Golf Course,,Scarsdale,,Municipal,https://golf.westchestercountyny.gov/,teeitup,"https://westchester-county.book.teeitup.com/?course=5814,3252,3253,5815,3255,5816",yes,high,Pro shop (914) 231-3461 | 18 holes; Westchester County Parks; shared county TeeItUp/GolfNow + EZLinks Park Pass system | Lower Hudson Valley region | Westchester County | Source sheet verification: VERIFIED
Scarsdale Golf Club,,Hartsdale,,Private,,,,no,low,Lower Hudson Valley region | Westchester County | Source sheet verification: Private
Siwanoy Country Club,,Bronxville,,Private,,,,no,low,Lower Hudson Valley region | Westchester County | Source sheet verification: Private
Sleepy Hollow Country Club,,Briarcliff Manor,,Private,,,,no,low,Lower Hudson Valley region | Westchester County | Source sheet verification: Private
Somers National Golf Club,,Somers,,Semi-Private,https://www.somersnational.com/,golfnow,https://www.golfnow.com/tee-times/facility/9517-somers-national-golf-club/search,yes,high,Pro shop (914) 276-1000 | 18 holes; 1000 W Hill Dr; marketed as private membership club but sells public tee times via GolfNow facility 9517 | Lower Hudson Valley region | Westchester County | Source sheet verification: VERIFIED
Somers Pointe Golf Club,,Somers,,Semi-Private,https://www.somerspointe.com/,teeitup,https://somers-pointe-country-club.book.teeitup.com/,yes,high,"Pro shop (914) 243-3051 | 27 holes (18 + 9) at Heritage Hills; 249 Route 202; Chronogolf listing exists but current management markets private membership (points to Somers National); live public tee sheet not confirmed — Chronogolf slug found; site now marketed under private Somers National; bookable-state needs browser — Chronogolf listing is a phone-only placeholder (browser-confirmed); engine may have migrated, own-site check pending — Course rebranded Somers National (somersnational.com); its Book A Tee Time page resolves to TeeItUp; input domain somerspointe.com is parked; migrated off Chronogolf | Lower Hudson Valley region | Westchester County | Source sheet verification: VERIFIED"
Sprain Lake Golf Course,,Yonkers,,Municipal,https://golf.westchestercountyny.gov/,teeitup,"https://westchester-county.book.teeitup.com/?course=5814,3252,3253,5815,3255,5816",yes,high,Pro shop (914) 231-3481 | 18 holes; Westchester County Parks; shared county TeeItUp/GolfNow + EZLinks Park Pass system | Lower Hudson Valley region | Westchester County | Source sheet verification: VERIFIED
St. Andrew's Golf Club,,Hastings-on-Hudson,,Private,,,,no,low,Lower Hudson Valley region | Westchester County | Source sheet verification: Private
Sunningdale Country Club,,Scarsdale,,Private,,,,no,low,Lower Hudson Valley region | Westchester County | Source sheet verification: Private
Trump National Golf Club Westchester,,Briarcliff Manor,,Private,,,,no,low,Lower Hudson Valley region | Westchester County | Source sheet verification: Private
Waccabuc Country Club,,Waccabuc,,Private,,,,no,low,Lower Hudson Valley region | Westchester County | Source sheet verification: Private
Westchester Country Club - South Course,,Rye,,Private,https://www.westchestercc.org/,,,no,low,Lower Hudson Valley region | Westchester County | Source sheet verification: Private
Westchester Country Club - West Course,,Rye,,Private,https://www.westchestercc.org/,,,no,low,Lower Hudson Valley region | Westchester County | Source sheet verification: Private
Westchester Hills Golf Club,,White Plains,,Private,,,,no,low,Lower Hudson Valley region | Westchester County | Source sheet verification: Private
Whippoorwill Club,,Armonk,,Private,,,,no,low,Lower Hudson Valley region | Westchester County | Source sheet verification: Private
Willow Ridge Country Club,,Harrison,,Private,,,,no,low,Lower Hudson Valley region | Westchester County | Source sheet verification: Private
Winged Foot Golf Club - East Course,,Mamaroneck,,Private,https://www.wfgc.org/,,,no,low,Lower Hudson Valley region | Westchester County | Source sheet verification: Private
Winged Foot Golf Club - West Course,,Mamaroneck,,Private,https://www.wfgc.org/,,,no,low,Lower Hudson Valley region | Westchester County | Source sheet verification: Private
Wykagyl Country Club,,New Rochelle,,Private,,,,no,low,Lower Hudson Valley region | Westchester County | Source sheet verification: Private
Beekman Golf Course,,Hopewell Junction,,Public,https://beekmangolf.com/,foreup,https://foreupsoftware.com/index.php/booking/21688#/teetimes,yes,high,"Pro shop (845) 226-7700 | 27 holes (Highland, Valley, Taconic nines); Town of Beekman-owned public; own site Book link resolves to ForeUp | Mid-Hudson Valley region | Dutchess County | Source sheet verification: VERIFIED"
Casperkill Golf Club,,Poughkeepsie,,Public,https://www.casperkillgolf.com/,teeitup,https://casperkill-golf-club.book.teeitup.com/,yes,high,"Pro shop (845) 463-4650 | 18 holes; former Dutchess G&CC/IBM course; own site blocked to fetch and Chronogolf listing is dark; GolfNow facility 4702 active — Own site Reserve link routes to Chronogolf (casperkill-country-club); GolfNow facility 4702 reseller; bookable-state needs browser — Chronogolf listing is a phone-only placeholder (browser-confirmed); engine may have migrated, own-site check pending — Own Book a Tee Time link resolves to TeeItUp; migrated off Chronogolf | Mid-Hudson Valley region | Dutchess County | Source sheet verification: VERIFIED"
College Hill Golf Course,,Poughkeepsie,,Municipal,https://www.mccanngolfcourse.com/college-hill-golf-course,clubprophet,https://secure.east.prophetservices.com/CollegeHillV3/,yes,high,Pro shop (845) 486-9112 | 9 holes; City of Poughkeepsie municipal; own site Book link resolves to ClubProphet (East Prophet Services) | Mid-Hudson Valley region | Dutchess County | Source sheet verification: VERIFIED
Dinsmore Golf Course,,Staatsburg,,Public,https://parks.ny.gov/visit/golf-courses/dinsmore-golf-course,foreup,https://foreupsoftware.com/index.php/booking/19758/2441#/teetimes,yes,high,Pro shop (845) 889-4071 | 18 holes; NYS Parks (Mills-Norrie/Ogden Mills) daily-fee; parks.ny.gov Book link resolves to ForeUp | Mid-Hudson Valley region | Dutchess County | Source sheet verification: VERIFIED
Dogwood Knolls Golf Course,,Hopewell Junction,,Public,https://www.dogwoodknollsgc.com/,,,no,low,Pro shop (845) 226-7317 | Mid-Hudson Valley region | Dutchess County | Source sheet verification: NO_ONLINE
Dutcher Golf Course,,Pawling,,Municipal,https://dutchergolfcourse.com/,,,no,low,Pro shop (845) 855-9845 | Mid-Hudson Valley region | Dutchess County | Source sheet verification: NO_ONLINE
Fishkill Golf Course and Driving Range,,Fishkill,,Executive/Par-3,https://fishkillgolf.com/,,,no,low,Pro shop (845) 896-5220 | Mid-Hudson Valley region | Dutchess County | Source sheet verification: NO_ONLINE
Harlem Valley Golf Club,,Wingdale,,Public,https://harlemvalleygolfcourse.com/,,,no,low,Pro shop (845) 832-3200 | Mid-Hudson Valley region | Dutchess County | Source sheet verification: NO_ONLINE
James Baird State Park Golf Course,,Pleasant Valley,,Public,https://parks.ny.gov/visit/golf-courses/james-baird-state-park-golf-course,foreup,https://foreupsoftware.com/index.php/booking/19757/2440#/teetimes,yes,high,Pro shop (845) 473-9585 | 18 holes (Robert Trent Jones); NYS Parks daily-fee; parks.ny.gov Book link resolves to ForeUp | Mid-Hudson Valley region | Dutchess County | Source sheet verification: VERIFIED
McCann Memorial Golf Course,,Poughkeepsie,,Municipal,https://www.mccanngolfcourse.com/,clubprophet,https://mccann.cps.golf/onlineresweb/search-teetime,yes,high,Pro shop (845) 471-3917 | 18 holes; Town of Poughkeepsie municipal; own site Book link resolves to ClubProphet (mccann.cps.golf) | Mid-Hudson Valley region | Dutchess County | Source sheet verification: VERIFIED
Millbrook Golf and Tennis Club,,Millbrook,,Private,https://www.millbrookgt.com/,,,no,low,Pro shop (845) 677-3135 | Mid-Hudson Valley region | Dutchess County | Source sheet verification: Private
Quaker Hill Country Club,,Pawling,,Private,,,,no,low,Mid-Hudson Valley region | Dutchess County | Source sheet verification: Private
Red Hook Golf Club,,Red Hook,,Public,https://redhookgolfclub.com/,,,no,low,Pro shop (845) 758-8652 | Mid-Hudson Valley region | Dutchess County | Source sheet verification: NO_ONLINE
Silo Ridge Field Club,,Amenia,,Private,,,,no,low,Mid-Hudson Valley region | Dutchess County | Source sheet verification: Private
Southern Dutchess Country Club,,Beacon,,Private,https://www.southerndutchesscc.com/,,,no,low,Pro shop (845) 831-0762 | Mid-Hudson Valley region | Dutchess County | Source sheet verification: Private
The Links at Union Vale,,Lagrangeville,,Public,https://www.luvgolf.com/,teeitup,https://golf.teeitup.com/12540,yes,high,Pro shop (845) 223-1000 | 18 holes; public daily-fee; own site Book link resolves to TeeItUp (course 12540) | Mid-Hudson Valley region | Dutchess County | Source sheet verification: VERIFIED
Thomas Carvel Country Club,,Pine Plains,,Closed,,,,no,low,Mid-Hudson Valley region | Dutchess County | Source sheet verification: Closed
Trump National Golf Club Hudson Valley,,Hopewell Junction,,Private,https://www.trumpnationalhudsonvalley.com/,,,no,low,Mid-Hudson Valley region | Dutchess County | Source sheet verification: Private
Vassar Golf Course,,Poughkeepsie,,Public,http://vassargolfcourse.com/,,,no,low,Pro shop (845) 473-9838 | Mid-Hudson Valley region | Dutchess County | Source sheet verification: NO_ONLINE
Falkirk Estate and Country Club,,Central Valley,,Closed,,,,no,low,Pro shop (845) 928-6924 | Mid-Hudson Valley region | Orange County | Source sheet verification: Closed
Green Ridge Golf Club,,Johnson,,Public,https://www.greenridgegolfclub.com/,,,no,low,Pro shop (845) 355-1317 | Mid-Hudson Valley region | Orange County | Source sheet verification: NO_ONLINE
Hickory Hill Golf Course,,Warwick,,Municipal,https://www.orangecountygov.com/1476/Hickory-Hill-Golf-Course,chronogolf,https://www.chronogolf.com/club/hickory-hill-golf-course,yes,high,Pro shop (845) 988-9501 | 18 holes (Hal Purdy 1993); Orange County owned; Chronogolf page shows active Reserve-now booking | Mid-Hudson Valley region | Orange County | Source sheet verification: VERIFIED
Lake Osiris Country Club,,Walden,,Private,https://osiriscc.com/,,,no,low,Pro shop (845) 778-4653 | Mid-Hudson Valley region | Orange County | Source sheet verification: Private
Monroe Country Club,,Monroe,,Semi-Private,https://www.monroecountryclubny.com/,teeitup,https://monroe-country-club-2.book.teeitup.com/,yes,high,Pro shop (845) 783-9045 | 9 holes (William Flynn design 1924); semi-private; own-site public Book link goes to TeeItUp (separate member portal exists) | Mid-Hudson Valley region | Orange County | Source sheet verification: VERIFIED
Orange County Golf Club,,Middletown,,Semi-Private,,,,no,low,Pro shop (845) 343-1284 | Mid-Hudson Valley region | Orange County | Source sheet verification: NO_ONLINE
Powelton Club,,Newburgh,,Private,https://www.powelton.com/,,,no,low,Pro shop (845) 561-4481 | Mid-Hudson Valley region | Orange County | Source sheet verification: Private
Scenic Farms Golf Course,,Pine Island,,Executive/Par-3,https://scenicfarmsgolf.com/,,,no,low,Mid-Hudson Valley region | Orange County | Source sheet verification: NO_ONLINE
Scott's Corners Golf Course,,Montgomery,,Public,,,,no,low,Pro shop (845) 457-9141 | Mid-Hudson Valley region | Orange County | Source sheet verification: NO_ONLINE
Stony Ford Golf Course,,Montgomery,,Municipal,https://www.orangecountygov.com/1489/Stony-Ford-Golf-Course,chronogolf,https://www.chronogolf.com/club/stony-ford-golf-course,yes,high,Pro shop (845) 457-4949 | 18 holes (Hal Purdy); Orange County owned; Chronogolf page shows active Reserve-now booking; coords approximate | Mid-Hudson Valley region | Orange County | Source sheet verification: VERIFIED
Storm King Golf Club,,Cornwall,,Private,https://www.stormkinggolf.com/,,,no,low,Pro shop (845) 533-3250 | Mid-Hudson Valley region | Orange County | Source sheet verification: Private
Tamaqua Golf Course,,Westtown,,Public,,,,no,low,Pro shop (845) 726-3660 | Mid-Hudson Valley region | Orange County | Source sheet verification: NO_ONLINE
The Country Club at Otterkill,,Campbell Hall,,Private,https://www.otterkillgolf.com/,,,no,low,Pro shop (845) 427-2020 | Mid-Hudson Valley region | Orange County | Source sheet verification: Private
The Golf Club at Mansion Ridge,,Monroe,,Public,https://www.mansionridgegc.com/,golfnow,https://www.mansionridgegc.com/book-a-tee-time/,yes,high,Pro shop (845) 782-7888 | 18 holes; Jack Nicklaus Signature; Troon-managed public; own-site Book link routes to GolfNow (Golf Channel Solutions) | Mid-Hudson Valley region | Orange County | Source sheet verification: VERIFIED
The Lynx at River Bend Golf Club,,Port Jervis,,Public,https://lynxriverbendgolf.com/,chronogolf,https://www.chronogolf.com/club/the-lynx-at-river-bend-golf-club,yes,high,Pro shop (845) 858-4653 | 18 holes; public (former Port Jervis Country Club); Chronogolf page shows active Reserve-now booking; coords approximate to Port Jervis | Mid-Hudson Valley region | Orange County | Source sheet verification: VERIFIED
Town of Wallkill Golf Club,,Middletown,,Municipal,https://www.townofwallkillgolfclub.com/,teeitup,https://town-of-wallkill-golf-club.book.teeitup.golf/,yes,high,Pro shop (845) 361-1022 | 18 holes; Town of Wallkill owned; Indigo/Troon-managed; followed own-site Book link to TeeItUp | Mid-Hudson Valley region | Orange County | Source sheet verification: VERIFIED
Tuxedo Club,,Tuxedo Park,,Private,,,,no,low,Mid-Hudson Valley region | Orange County | Source sheet verification: Private
Warwick Valley Country Club,,Warwick,,Private,https://www.warwickvalleycc.org/,,,no,low,Pro shop (845) 986-9609 | Mid-Hudson Valley region | Orange County | Source sheet verification: Private
West Hills Country Club,,Middletown,,Private,https://www.westhillscountryclub.com/,,,no,low,Pro shop (845) 341-1899 | Mid-Hudson Valley region | Orange County | Source sheet verification: Private
West Point Golf Course,,West Point,,Public,https://westpoint.armymwr.com/programs/west-point-golf-course,other:webtrac,https://webtrac.mwr.army.mil/webtrac103/wbwsc/westpointrectrac.wsc/wbsearch.html,yes,high,18 holes; US Army MWR course; open to public 8 days out (military priority); books via RecTrac/WebTrac and GolfNow app; coords approximate | Mid-Hudson Valley region | Orange County | Source sheet verification: VERIFIED
Winding Hills Golf Club,,Montgomery,,Executive/Par-3,https://windinghillsgc.com/,chronogolf,https://www.chronogolf.com/club/winding-hills-golf-club,yes,high,Pro shop (845) 457-3187 | 18-hole executive (par 57); public; Chronogolf page shows active Reserve-now booking | Mid-Hudson Valley region | Orange County | Source sheet verification: VERIFIED
Grossinger Country Club,,Liberty,,Closed,,,,no,low,Mid-Hudson Valley region | Sullivan County | Source sheet verification: Closed
Lochmor Golf Course,,Loch Sheldrake,,Municipal,https://www.fallsburgny.gov/233/Lochmor-Golf-Course,other:eagleclubsystems,https://player.eagleclubsystems.online/#/tee-slot?dbname=tbloch20220415,yes,high,Pro shop (845) 434-1257 | 18 holes; Town of Fallsburg municipal; booking via tarrybrae.com platform not machine-readable; GolfNow facility 6042 active; coords approx — Town of Fallsburg municipal; official Make Tee Time Online buttons route to tarrybrae.com embedded engine not machine-readable (robots-blocked); GolfNow facility 6042 reseller — Shares the Eagle Club Systems tee sheet with Tarry Brae (dbname tbloch); course selectable in engine | Mid-Hudson Valley region | Sullivan County | Source sheet verification: VERIFIED
Roscoe Mountain Club,,Roscoe,,Resort,https://www.roscoemountainclub.com/,teeitup,https://roscoe-mountain-club.book.teeitup.com/,yes,high,"Pro shop (607) 498-5000 | 18 holes par 71; resort/public (former Tennanah Lake Golf and Tennis Club, shares GolfNow facility 5925); own site Book link resolves to TeeItUp | Mid-Hudson Valley region | Sullivan County | Source sheet verification: VERIFIED"
Sullivan County Golf and Country Club,,Liberty,,Semi-Private,https://www.sullivancountygolf.com/,,,no,low,Pro shop (845) 292-9584 | Mid-Hudson Valley region | Sullivan County | Source sheet verification: NO_ONLINE
Swan Lake Golf and Country Club,,Swan Lake,,Public,https://www.swanlakegolfcc.com/,,,no,low,Pro shop (845) 292-0323 | Mid-Hudson Valley region | Sullivan County | Source sheet verification: NO_ONLINE
Tarry Brae Golf Course,,South Fallsburg,,Municipal,https://www.fallsburgny.gov/226/Tarry-Brae-Golf-Course,other:eagleclubsystems,https://player.eagleclubsystems.online/#/tee-slot?dbname=tbloch20220415,yes,high,Pro shop (845) 434-2620 | 18 holes; Town of Fallsburg municipal; town promotes online reservations via tarrybrae.com but platform not machine-readable; GolfNow facility 6041 active; coords approx — Town of Fallsburg municipal; official Make Tee Time Online buttons route to tarrybrae.com which embeds a JS engine not machine-readable (robots-blocked); GolfNow facility 6041 reseller — Town of Fallsburg site links to Eagle Club Systems tee sheet (Tarry Brae/Lochmor); live tee times confirmed | Mid-Hudson Valley region | Sullivan County | Source sheet verification: VERIFIED
The Monster Golf Club,,Kiamesha Lake,,Resort,https://rwcatskills.com/monster-golf-club/,ezlinks,https://monster.ezlinksgolf.com/index.html#/search,yes,high,Pro shop (833) 586-9358 | 18 holes (Rees Jones redesign of former Concord Monster); Troon-managed at Resorts World Catskills; own site Book link resolves to EZLinks; coords approx | Mid-Hudson Valley region | Sullivan County | Source sheet verification: VERIFIED
Twin Village Golf Course,,Roscoe,,Municipal,https://www.townofrocklandny.com/twin-village-golf-course/,,,no,low,Pro shop (607) 498-5829 | Mid-Hudson Valley region | Sullivan County | Source sheet verification: NO_ONLINE
Villa Roma Resort Golf Course,,Callicoon,,Resort,https://villaroma.com/golf/,other:eagleclubsystems,https://player.eagleclubsystems.online/#/tee-slot?dbname=villaroma20240301,yes,high,Pro shop (845) 237-5820 | 18 holes par 72; resort course open to public; own site Book link resolves to Eagle Club Systems; coords approx | Mid-Hudson Valley region | Sullivan County | Source sheet verification: VERIFIED
Alapaha Golf Links,,Kingston,,Executive/Par-3,,,,no,low,Mid-Hudson Valley region | Ulster County | Source sheet verification: NO_ONLINE
Apple Greens Golf Course,,Highland,,Public,https://applegreens.com/,teesnap,https://applegreens.teesnap.net/,yes,high,Pro shop (845) 883-5500 | 27 holes; public daily-fee; own site Book link resolves to Teesnap | Mid-Hudson Valley region | Ulster County | Source sheet verification: VERIFIED
Fallsview Golf Course at Honor's Haven,,Ellenville,,Closed,,,,no,low,Mid-Hudson Valley region | Ulster County | Source sheet verification: Closed
Green Acres Golf Club,,Kingston,,Public,https://greenacresgolfclub.com/,,,no,low,Pro shop (845) 331-2283 | Mid-Hudson Valley region | Ulster County | Source sheet verification: NO_ONLINE
Inness,,Accord,,Resort,https://inness.co/golf,,,no,low,Pro shop (845) 377-0030 | Mid-Hudson Valley region | Ulster County | Source sheet verification: NO_ONLINE
Mohonk Mountain House Golf Course,,New Paltz,,Resort,https://www.mohonk.com/recreation-activities/golf/,other:native,https://www.mohonk.com/experience-passes/golf-pass/,yes,high,"Pro shop (845) 255-1000 | 9 holes (historic 1897); resort course for guests, members and golf day-pass holders; booked via Mohonk site, not a third-party tee-sheet | Mid-Hudson Valley region | Ulster County | Source sheet verification: VERIFIED"
New Paltz Golf Course,,New Paltz,,Public,https://www.newpaltzgolf.com/,teesnap,https://newpaltzgolf.teesnap.net/,yes,high,9 holes; public daily-fee; own site Book link resolves to Teesnap | Mid-Hudson Valley region | Ulster County | Source sheet verification: VERIFIED
Shawangunk Golf Course,,Ellenville,,Municipal,https://www.villageofellenville.com/parks-recreation/shawagunk-golf-course-stoeckeler-memorial-park,,,no,low,Pro shop (845) 210-4188 | Mid-Hudson Valley region | Ulster County | Source sheet verification: NO_ONLINE
Stone Dock Golf Club,,High Falls,,Public,https://stonedockgolfcourse.com/,other:calendar,https://calendly.com/stonedock/teetimes,yes,high,Pro shop (845) 687-7107 | 9 holes plus cafe; public; own site books tee times via Calendly or phone; coords approx | Mid-Hudson Valley region | Ulster County | Source sheet verification: VERIFIED
The Lazy Swan Golf and Country Club,,Saugerties,,Public,https://theswancountryclub.com/,chronogolf,https://www.chronogolf.com/club/the-swan-reserve,yes,high,Pro shop (845) 247-0075 | 18 holes; public (aka The Swan Country Club); own site Book link resolves to Chronogolf (the-swan-reserve); also on GolfNow facility 11821 | Mid-Hudson Valley region | Ulster County | Source sheet verification: VERIFIED
The Twaalfskill Club,,Kingston,,Private,https://www.twaalfskillclub.org/,,,no,low,Mid-Hudson Valley region | Ulster County | Source sheet verification: Private
Turtle Creek Golf Course,,Wallkill,,Public,https://turtlecreekgolf.net/,teesnap,https://turtlecreekgolf.teesnap.net/,yes,high,"9 holes (at Garden Cathay, Plattekill/Wallkill); public; own site Book link resolves to Teesnap; coords approx | Mid-Hudson Valley region | Ulster County | Source sheet verification: VERIFIED"
Wiltwyck Golf Club,,Kingston,,Semi-Private,https://wiltwyck.org/,clubcaddie,https://wiltwyck.org/public-play-information/,yes,high,"Pro shop (845) 331-7878 | 18 holes; semi-private (public play Mon-Thu anytime, Fri-Sun after 3pm); own site public booking uses Club Caddie; coords approx | Mid-Hudson Valley region | Ulster County | Source sheet verification: VERIFIED"
Albany Country Club,,Voorheesville,,Private,,,,no,low,Capital Region region | Albany County | Source sheet verification: Private
Capital Hills at Albany,,Albany,,Municipal,https://albanyny.gov/,chronogolf,https://www.chronogolf.com/club/capital-hills-at-albany,yes,high,Pro shop https://albanyny.gov/ | 18-hole; City of Albany owned/operated (formerly Albany Muni); official site and booking engine not reachable in sandbox — City of Albany muni; own booking page caphills.com/bookteetimes; also on GolfNow facility 7295; own domain unreachable in sandbox; chronogolf private_api blocked so confirmed via Chronogolf bookable club page | Capital Region region | Albany County | Source sheet verification: VERIFIED
Colonial Acres Golf Course,,Glenmont,,Closed,,,,no,low,Capital Region region | Albany County | Source sheet verification: Closed
Colonie Country Club,,Voorheesville,,Private,,,,no,low,Capital Region region | Albany County | Source sheet verification: Private
Hiawatha Trails Golf Course,,Guilderland,,Closed,,,,no,low,"Capital Region region | Albany County | Source sheet verification: NO_ONLINE | PERMANENTLY CLOSED (verified 2026-08-19): the Altamont Enterprise reported the closure in Feb 2018 pending a development deal, and in Jan 2024 reported luxury senior housing built on ~43.8 acres at 6025/6051 State Farm Rd — 6051 is the address directories carry for this course. Yelp flags it closed. The land is housing."
Mill Road Acres Golf Course,,Latham,,Executive/Par-3,https://www.millroadacres.com/,foreup,https://foreupsoftware.com/index.php/booking/21761/8798#/teetimes,yes,high,Pro shop (518) 785-4653 | 18-hole public executive course and driving range; family owned; followed own-site Book link to ForeUp; coords approx | Capital Region region | Albany County | Source sheet verification: VERIFIED
Normanside Country Club,,Delmar,,Private,,,,no,low,Capital Region region | Albany County | Source sheet verification: Private
Orchard Creek Golf Club,,Altamont,,Public,https://www.orchardcreek.com/,foreup,https://foreupsoftware.com/index.php/booking/19530/1791#teetimes,yes,high,Pro shop (518) 861-5000 | 18-hole public daily-fee; followed own-site Book link to ForeUp; 6700 Dunnsville Rd; coords approx | Capital Region region | Albany County | Source sheet verification: VERIFIED
Pinehaven Country Club,,Guilderland,,Semi-Private,https://www.pinehavencc.com/,,,no,low,Pro shop (518) 456-7111 | Capital Region region | Albany County | Source sheet verification: NO_ONLINE
Schuyler Meadows Club,,Loudonville,,Private,,,,no,low,Capital Region region | Albany County | Source sheet verification: Private
Shaker Ridge Country Club,,Loudonville,,Private,,,,no,low,Capital Region region | Albany County | Source sheet verification: Private
Town of Colonie Golf Course,,Colonie,,Public,,clubprophet,https://colonie.cps.golf/,yes,high,27 holes (18 regulation + 9 executive); Town of Colonie owned; 418 Consaul Rd (Schenectady mailing 12304 but Albany County per Census); booking engine not resolved — Town official Book-a-Tee-Time page points to colonie.cps.golf (ClubProphet cps.golf); course also has a Chronogolf listing but official engine is cps.golf | Capital Region region | Albany County | Source sheet verification: VERIFIED
Van Schaick Island Country Club,,Cohoes,,Semi-Private,vsicc.net,,,no,low,Pro shop (518) 237-0145 | Capital Region region | Albany County | Source sheet verification: Private
Western Turnpike Golf Course,,Guilderland,,Municipal,https://www.westernturnpike.com/,chronogolf,https://www.chronogolf.com/club/western-turnpike-golf-club,yes,high,Pro shop (518) 456-0786 | 27 holes (Blue/White/Red nines); Town of Guilderland owned since 2002; site states online booking exists but engine not resolved (not on Chronogolf); 2350 Western Ave — Town of Guilderland owned; site is Lightspeed/Chronogolf template and states book online or by phone; also mirrored on GolfNow facility 8131 | Capital Region region | Albany County | Source sheet verification: VERIFIED
Wolferts Roost Country Club,,Albany,,Private,,,,no,low,Capital Region region | Albany County | Source sheet verification: Private
Copake Country Club,,Craryville,,Public,https://www.copakecountryclub.com/,teeitup,https://copake-country-club.book.teeitup.com/,yes,high,18 holes; live TeeItUp booking subdomain; also branded The Greens at Copake; address 44 Golf Course Rd verified | Capital Region region | Columbia County | Source sheet verification: VERIFIED
Undermountain Golf Course,,Copake,,Public,https://undermountaingolf.com/,foreup,https://foreupsoftware.com/index.php/booking/21249/7414#teetimes,yes,high,Pro shop (518) 329-4444 | 9-hole executive family-owned daily-fee; own-site Book link resolves to ForeUp | Capital Region region | Columbia County | Source sheet verification: VERIFIED
Winding Brook Country Club,,Valatie,,Semi-Private,https://windingbrookcountryclub.com/,,,no,low,Pro shop (518) 758-9117 | Capital Region region | Columbia County | Source sheet verification: NO_ONLINE
Blackhead Mountain Lodge & Country Club,,Round Top,,Semi-Private,https://www.blackheadmountain.com/,,,no,low,Capital Region region | Greene County | Source sheet verification: UNVERIFIED
Christman's Windham House - Mountain Course,,Windham,,Resort,https://www.windhamhouse.com/,,,no,low,Pro shop (518) 734-6990 | Capital Region region | Greene County | Source sheet verification: NO_ONLINE
Christman's Windham House - Valley Course,,Windham,,Resort,https://www.windhamhouse.com/,,,no,low,Pro shop (518) 734-6990 | Capital Region region | Greene County | Source sheet verification: NO_ONLINE
Colonial Country Club,,Tannersville,,Semi-Private,colonialccny.com,golfnow,https://www.golfnow.com/tee-times/facility/16943-colonial-country-club/search,yes,high,Pro shop (GolfNow booking) | 9 holes; operating status not re-confirmed via live source; not on TeeItUp; coords approx to village — 9-hole; operating status not re-confirmed via live source; platform unconfirmed — Own site colonialccny.com is JS-redirect only (unreadable in sandbox); GolfNow facility 16943 listed; Yelp shows open; engine unconfirmed — GolfNow facility 16943 confirmed Colonial CC Tannersville with live tee times; course open | Capital Region region | Greene County | Source sheet verification: VERIFIED
Rainbow Golf Club,,Greenville,,Public,,teeitup,https://rainbow-golf-club.book.teeitup.com/,yes,high,18-hole public; live TeeItUp booking subdomain; coords approx to Greenville | Capital Region region | Greene County | Source sheet verification: VERIFIED
Rip Van Winkle Country Club,,Palenville,,Semi-Private,,teeitup,https://rip-van-winkle-country-club.book.teeitup.com/,yes,high,9-hole Donald Ross design; live TeeItUp booking subdomain; coords approx to hamlet | Capital Region region | Greene County | Source sheet verification: VERIFIED
Sunny Hill Resort & Golf Course,,Greenville,,Resort,https://www.sunnyhill.com/,,,no,low,Pro shop (518) 634-7642 | Capital Region region | Greene County | Source sheet verification: NO_ONLINE
Windham Country Club,,Windham,,Public,https://www.windhamcountryclub.com/,teeitup,https://windham-country-club.book.teeitup.com/,yes,high,18-hole public with private-club atmosphere; live TeeItUp booking subdomain | Capital Region region | Greene County | Source sheet verification: VERIFIED
Brunswick Greens Golf Course,,Brunswick,,Closed,,,,no,low,"Capital Region region | Rensselaer County | Source sheet verification: NO_ONLINE | PERMANENTLY CLOSED (verified 2026-08-19): the 9-hole par-29 at 1004 Hoosick Rd is now the Troy Botanical Garden. Its Yelp/Restaurantji listings were renamed and a June 2024 local post covers the change. PGA.com, GolfDigest and GolfNow still carry stale listings."
Burden Lake Country Club,,Averill Park,,Semi-Private,https://www.burdenlakecountryclub.com/,clubprophet,https://burdenlake.cps.golf/onlineresweb/search-teetime,yes,high,Pro shop (518) 674-1770 | 18-hole par 72; semi-private with public online tee times via Club Prophet (cps.golf); 162 Totem Lodge Rd | Capital Region region | Rensselaer County | Source sheet verification: VERIFIED
Country Club of Troy,,Brunswick,,Private,,,,no,low,Capital Region region | Rensselaer County | Source sheet verification: Private
Evergreen Country Club,,Castleton-on-Hudson,,Closed,,,,no,low,Pro shop (518) 477-7921 | Capital Region region | Rensselaer County | Source sheet verification: Closed
Frear Park Golf Course,,Troy,,Municipal,https://www.troyny.gov/1411/Frear-Park-Golf-Course,other:opencourse,https://opencourse.golf/tee-times/new-york/troy/frear-park-golf-course-front,yes,high,Pro shop (518) 270-4553 | 18-hole; City of Troy owned municipal; site unreachable in sandbox; coords approx — City of Troy muni; City confirms book online via OpenCourse (opencourse.golf) or pro shop 518-270-4553; page is JS-rendered (loads openings by date) | Capital Region region | Rensselaer County | Source sheet verification: VERIFIED
Airway Meadows Golf Club,,Gansevoort,,Public,https://www.airwaymeadowsgolf.com/,other:fullslate,https://airwaymeadowsgolfclub.fullslate.com/,yes,high,Pro shop (518) 792-4144 | 18-hole public; 262 Sweet Rd; own site Book link points to FullSlate scheduler (not a golf-specific engine) | Capital Region region | Saratoga County | Source sheet verification: VERIFIED
Ballston Spa Country Club,,Ballston Spa,,Semi-Private,https://www.ballstonspacc.com/,clubprophet,https://www.ballstonspacc.com/book-a-tee-time,yes,high,Pro shop (518) 885-7935 | 18-hole par 71 semi-private; public play Mon-Thu; members book via ballstonspamem.cps.golf (Club Prophet); coords approx | Capital Region region | Saratoga County | Source sheet verification: VERIFIED
Brookhaven Golf Course,,Porter Corners,,Public,https://www.brookhavengolfcourse.com/,foreup,https://foreupsoftware.com/index.php/booking/20553/4832,yes,high,18-hole public in southern Adirondack foothills; 333 Alpine Meadows Rd; booking/phone not exposed on reachable site — 18-hole public; site directs to contact the Golf Pro for times; no online booking link found; likely phone — Own site Book link to ForeUp 20553/4832 | Capital Region region | Saratoga County | Source sheet verification: VERIFIED
Clifton Knolls Executive Golf Course,,Clifton Park,,Executive/Par-3,,,,no,low,Capital Region region | Saratoga County | Source sheet verification: NO_ONLINE
Eagle Crest Golf Club,,Clifton Park,,Public,eaglecrestgolf.com,other:eagleclubsystems,https://player.eagleclubsystems.online/#/tee-slot?dbname=eaglecrest20260101,yes,high,18-hole public; 1004 Vischer Ferry Rd; site unreachable in sandbox; open status and booking not confirmed — 18-hole public; no reachable official site; open status and platform unconfirmed — Own site BOOK NOW button links to Eagle Club Systems player portal (non-standard host recorded verbatim) | Capital Region region | Saratoga County | Source sheet verification: VERIFIED
Fairways of Halfmoon,,Halfmoon,,Public,https://www.fairwaysofhalfmoon.com/,foreup,https://foreupsoftware.com/index.php/booking/22948/12410#/welcome,yes,high,Pro shop (518) 664-1578 | 18-hole par 72 public; opened 1999; followed own-site Book link to ForeUp; 17 Johnson Rd | Capital Region region | Saratoga County | Source sheet verification: VERIFIED
McGregor Links Country Club,,Wilton,,Semi-Private,https://www.mcgregorlinks.com/,chronogolf,https://www.chronogolf.com/club/mcgregor-links-country-club,yes,high,18-hole semi-private; 359 Northern Pines Rd; booking engine not resolved (members/call) — 18-hole semi-private; no online booking link on own site; likely member/call — Own site (mcgregorlinkscc.com) Book A Tee Time to Chronogolf | Capital Region region | Saratoga County | Source sheet verification: VERIFIED
Mohawk River Country Club,,Rexford,,Semi-Private,https://www.mohawkrivercc.com/,foreup,https://foreupsoftware.com/index.php/booking/21894/9247,yes,high,Pro shop (518) 399-1920 | Semi-private/public; 847 Riverview Rd (Saratoga County per Census); site invites schedule a tee time but booking URL not resolved — Semi-private/public; Wix site with no exposed booking link (JS-rendered); platform unconfirmed — Golf page TEE TIME button to ForeUp 21894/9247 | Capital Region region | Saratoga County | Source sheet verification: VERIFIED
Pioneer Hills Golf Course,,Galway,,Public,pioneerhillsgolf.com,,,no,low,Pro shop (518) 885-7000 | Capital Region region | Saratoga County | Source sheet verification: NO_ONLINE
Saratoga Golf and Polo Club,,Saratoga Springs,,Private,,,,no,low,Capital Region region | Saratoga County | Source sheet verification: Private
Saratoga Lake Golf Club,,Saratoga Springs,,Public,https://www.saratogalakegolf.com/,foreup,https://foreupsoftware.com/index.php/booking/20919/6218,yes,high,18-hole public; own site has a Book a Tee Time button but booking URL/platform not resolvable in sandbox; 35 Grace Moore Rd — Own site has a Book a Tee Time button; mixed aggregator signals - legacy TeeItUp/EZLinks page teeitup.com/golf/teetime.m?c=12866 and GolfNow facility 8102; could not confirm the own button target (teeitup robots-blocked); candidate URL https://www.teeitup.com/golf/teetime.m?c=12866 — Apex domain loads (www subdomain has broken TLS); Book a Tee Time to ForeUp 20919/6218 | Capital Region region | Saratoga County | Source sheet verification: VERIFIED
Saratoga National Golf Club,,Saratoga Springs,,Public,https://www.golfsaratoga.com/,ezlinks,https://saratoganational.ezlinksgolf.com/index.html#/search,yes,high,Pro shop (518) 583-4653 | 18-hole upscale daily-fee; followed own-site Book link to EZLinks; 458 Union Ave | Capital Region region | Saratoga County | Source sheet verification: VERIFIED
Saratoga Spa State Park Golf Course - Championship,,Saratoga Springs,,Municipal,https://parks.ny.gov/golf-courses/,foreup,https://foreupsoftware.com/index.php/booking/21684/8618#/teetimes,yes,high,Pro shop (518) 584-2006 | 18-hole championship; NYS State Parks; ForeUp book link confirmed via parks.ny.gov; coords approx to park | Capital Region region | Saratoga County | Source sheet verification: VERIFIED
Saratoga Spa State Park Golf Course - Executive,,Saratoga Springs,,Executive/Par-3,https://parks.ny.gov/golf-courses/,foreup,https://foreupsoftware.com/index.php/booking/21684/8618#/teetimes,yes,high,Pro shop (518) 584-2006 | 9-hole executive; NYS State Parks; select course within same ForeUp facility; coords approx to park | Capital Region region | Saratoga County | Source sheet verification: VERIFIED
Tee-Bird Golf Course,,South Glens Falls,,Public,,,,no,low,Capital Region region | Saratoga County | Source sheet verification: NO_ONLINE
The Edison Club,,Rexford,,Private,https://www.edisonclub.com/,,,no,low,Capital Region region | Saratoga County | Source sheet verification: Private
Van Patten Golf Club,,Clifton Park,,Public,https://vanpattengolf.com/,foreup,https://foreupsoftware.com/index.php/booking/index/19324#/teetimes,yes,high,Pro shop (518) 877-5400 | 27-hole public (three nines); est 1968; 924 Main St (Jonesville); followed own-site Book link to ForeUp; coords approx | Capital Region region | Saratoga County | Source sheet verification: VERIFIED
Mohawk Golf Club,,Schenectady,,Private,,,,no,low,Capital Region region | Schenectady County | Source sheet verification: Private
Schenectady Municipal Golf Course,,Schenectady,,Municipal,https://schenectadygolf.com/,foreup,https://foreupsoftware.com/index.php/booking/20480/4739,yes,high,Pro shop https://schenectadygolf.com/ | 18-hole; City of Schenectady owned; 400 Oregon Ave; online booking engine not resolved in sandbox — City of Schenectady muni; ForeUp is the live booking engine (course-specific booking/20480/4739); a stale Chronogolf listing also exists | Capital Region region | Schenectady County | Source sheet verification: VERIFIED
Stadium Golf Club,,Schenectady,,Public,https://www.stadiumgolfclub.com/,foreup,https://foreupsoftware.com/index.php/booking/index/3332#teetimes,yes,high,Pro shop (518) 374-9104 | 18-hole public on 120 acres; followed own-site Book link to ForeUp; 333 Jackson Ave | Capital Region region | Schenectady County | Source sheet verification: VERIFIED
Cobleskill Golf & Country Club,,Cobleskill,,Semi-Private,golfcobleskill.com,clubcaddie,https://golfcobleskill.com/book-a-tee-time/,yes,high,18 holes; own website unreachable and not on TeeItUp; booking method unconfirmed (likely phone); coords approx to village — 18-hole; own site unreachable; not on TeeItUp; booking method unconfirmed (likely phone) — Own book-a-tee-time page embeds a Club Caddie online booking widget | Capital Region region | Schoharie County | Source sheet verification: VERIFIED
Cronin's Golf Resort,,Warrensburg,,Public,https://www.croninsgolfresort.com/,,,no,low,Pro shop (518) 623-9336 | Capital Region region | Warren County | Source sheet verification: NO_ONLINE
Glens Falls Country Club,,Queensbury,,Private,https://www.glensfallscountryclub.com/,,,no,low,Pro shop (518) 792-1186 | Capital Region region | Warren County | Source sheet verification: Private
Hiland Golf Club,,Queensbury,,Semi-Private,,teeitup,https://hiland-golf-course.book.teeitup.com/,yes,high,18 holes; live TeeItUp booking subdomain; address 195 Haviland Rd verified; official domain currently redirects offsite | Capital Region region | Warren County | Source sheet verification: VERIFIED
The Sagamore Golf Club,,Bolton Landing,,Resort,https://www.thesagamore.com/,agilysys,https://book.onagilysys.com/onecart/golf/courses/2259/Sagamore,yes,high,18-hole Donald Ross resort course; not on TeeItUp; booking via resort or phone not confirmed; coords approx to resort — 18-hole Donald Ross resort course; booking via resort/phone not confirmed via live source — Resort golf page BOOK TEE TIMES ONLINE to Agilysys course 2259 | Capital Region region | Warren County | Source sheet verification: VERIFIED
Top of the World Golf Resort,,Lake George,,Resort,https://www.topoftheworldgolfresort.com/,teeitup,https://top-of-the-world-golf-resort.book.teeitup.com/,yes,high,Pro shop (518) 668-3000 | 18 holes atop French Mountain; own-site Book link resolves to TeeItUp; address 441 Lockhart Mountain Rd | Capital Region region | Warren County | Source sheet verification: VERIFIED
Battenkill Country Club,,Greenwich,,Semi-Private,battenkillcc.com,,,no,low,Pro shop (518) 692-9179 | Capital Region region | Washington County | Source sheet verification: NO_ONLINE
Skene Valley Country Club,,Whitehall,,Public,https://www.skenevalley.com/,,,no,low,Capital Region region | Washington County | Source sheet verification: NO_ONLINE
Fox Run Golf Course,,Johnstown,,Public,https://www.foxrungolf.club,teeitup,https://fox-run-golf-course-v2.book.teeitup.com/,yes,high,Public (GNIS locale Hale Mills) OSM likely operating; distinct from Schuyler Co Fox Run; completeness-pass add; booking not yet verified — Own site foxrungolf.club/teetime hosts embedded TeeItUp booking; teeitup host live | Mohawk Valley region | Fulton County | Source sheet verification: VERIFIED
Hales Mills Country Club,,Johnstown,,Semi-Private,https://www.halesmillscountryclub.com,chronogolf,https://www.chronogolf.ca/club/hales-mills-country-club,yes,high,Semi-private country club; GNIS-listed; completeness-pass add; booking not yet verified — Own site Book a Tee Time link points to Chronogolf (.ca); bookable-state needs browser — Own site Book a Tee Time to live Chronogolf engine; tee times confirmed | Mohawk Valley region | Fulton County | Source sheet verification: VERIFIED
Holland Meadows Golf Course,,Broadalbin,,Public,https://www.hollandmeadowsgolfcourse.com,teeitup,https://holland-meadows-golf-course.book.teeitup.com,yes,high,Pro shop 518-883-3318 | Public (GNIS locale Vail Mills); completeness-pass add; booking not yet verified — Own site directs to call Pro Shop 518-883-3318; GolfNow facility 16926 also lists course; own online host unconfirmed — /tee-times embeds TeeItUp engine | Mohawk Valley region | Fulton County | Source sheet verification: VERIFIED
Kingsboro Golf Club,,Gloversville,,Semi-Private,https://www.kingsborogolfclub.com/,,,no,low,Pro shop (518) 961-4881 | Mohawk Valley region | Fulton County | Source sheet verification: NO_ONLINE
Nick Stoner Golf Course,,Caroga Lake,,Municipal,https://www.townofcaroga.com/golf/,,,no,low,Pro shop 518-835-4220 | Mohawk Valley region | Fulton County | Source sheet verification: NO_ONLINE
Pine Brook Golf Club,,Gloversville,,Public,http://www.pinebrookgolfcourse.com,,,no,low,Mohawk Valley region | Fulton County | Source sheet verification: NO_ONLINE
Sacandaga Golf Club,,Northville,,Public,,,,no,low,Pro shop 518-863-4887 | Mohawk Valley region | Fulton County | Source sheet verification: NO_ONLINE
Cedar Lake Golf Club,,West Winfield,,Public,,,,no,low,Mohawk Valley region | Herkimer County | Source sheet verification: UNVERIFIED
Little Falls Municipal Golf Course,,Little Falls,,Municipal,,teeitup,https://little-falls-golf-course.book.teeitup.com/,yes,high,"Municipal; GNIS-listed; completeness-pass add; booking not yet verified — Chronogolf slug found; bookable-state needs browser — Chronogolf listing is a phone-only placeholder (browser-confirmed); engine may have migrated, own-site check pending — Own site littlefallsgolf.com Book Now link resolves to TeeItUp; migrated off Chronogolf | Mohawk Valley region | Herkimer County | Source sheet verification: VERIFIED"
The Golf Club of Newport,,Newport,,Public,https://golfclubofnewport.com/,foreup,https://foreupsoftware.com/index.php/booking/22293#/teetimes,yes,high,Pro shop 315-845-8333 | Public; GNIS-listed; completeness-pass add; booking not yet verified — Booking not confirmed — Own site golfclubofnewport.com has a Book a Tee Time button to ForeUp booking 22293 | Mohawk Valley region | Herkimer County | Source sheet verification: VERIFIED
Thendara Golf Club,,Thendara,,Public,https://thendaragolfclub.com/,clubprophet,https://thendaragc.cps.golf,yes,high,Pro shop (315) 369-3136 | 18 holes; Old Forge/Thendara area; seasonal May-Oct; own-site Book link resolves to ClubProphet (cps.golf); coords approx to Thendara | Mohawk Valley region | Herkimer County | Source sheet verification: VERIFIED
Amsterdam Municipal Golf Course,,Amsterdam,,Municipal,,teeitup,https://amsterdam-municipal-golf-course.book.teeitup.com/,yes,high,18-hole city municipal; live TeeItUp booking subdomain; address 100 Upper Van Dyke Ave | Mohawk Valley region | Montgomery County | Source sheet verification: VERIFIED
Canajoharie Country Club,,Canajoharie,,Semi-Private,,teeitup,https://canajoharie-country-club.book.teeitup.com/,yes,high,9 holes; live TeeItUp booking subdomain; coords approx to village | Mohawk Valley region | Montgomery County | Source sheet verification: VERIFIED
Rolling Hills Country Club,,Fort Johnson,,Semi-Private,https://www.antlersgolf.com,,,no,low,Pro shop 518-829-4007 | Mohawk Valley region | Montgomery County | Source sheet verification: NO_ONLINE
St. Johnsville Municipal Golf Course,,St. Johnsville,,Municipal,,,,no,low,Mohawk Valley region | Montgomery County | Source sheet verification: UNVERIFIED
Barker Brook Golf Club,,Oriskany Falls,,Public,https://www.barkerbrook.com/,foreup,https://foreupsoftware.com/index.php/booking/20417,yes,high,"18 holes; public daily-fee (6080 Rogers Rd); own site rate-limited (HTTP 429) this session, booking host unconfirmed — Teesnap host returned under-maintenance; GolfNow facility 16886 also lists course; live bookable-state needs browser — barkerbrook.com redirects to skenandoa.com; Barker Tee Times to ForeUp 20417 | Mohawk Valley region | Oneida County | Source sheet verification: VERIFIED"
Crestwood Golf Club,,Marcy,,Public,https://crestwoodgolf.com,,,no,low,Pro shop +1-315-736-0478 | Mohawk Valley region | Oneida County | Source sheet verification: NO_ONLINE
Delta Knolls Golf Course,,Rome,,Public,,,,no,low,Pro shop 315-339-1280 | Mohawk Valley region | Oneida County | Source sheet verification: NO_ONLINE
Hamilton College Golf Course,,Clinton,,Private,https://www.hamilton.edu,,,no,low,Pro shop 315-859-4011 | Mohawk Valley region | Oneida County | Source sheet verification: NO_ONLINE
Hidden Valley Golf Club,,Whitesboro,,Public,https://www.golfhiddenvalley.com,foreup,https://foreupsoftware.com/index.php/booking/22160/9995,yes,high,"Pro shop +1-315-736-9953 | Public; GNIS/OSM likely operating; addr 189 Castle Rd; completeness-pass add; booking not yet verified — Chronogolf slug + GolfNow facility 18170; own site golfhiddenvalley.com book host not extractable; needs browser — Chronogolf listing is a phone-only placeholder (browser-confirmed); engine may have migrated, own-site check pending — Own Book A Tee Time link resolves to ForeUp; migrated off Chronogolf | Mohawk Valley region | Oneida County | Source sheet verification: VERIFIED"
McConnellsville Golf Course,,McConnellsville,,Public,https://www.mcconnellsvillecountryclub.com,golfnow,https://www.golfnow.com/tee-times/facility/10182-mcconnellsville-country-club/search,yes,high,"Pro shop 315-245-1157 | 18 holes; public daily-fee (3007 McConnellsville Rd, Blossvale, town of Vienna); booking platform unconfirmed — Booking platform unconfirmed; not searched this session — Own site (mcconnellsvillecountryclub.com) has a tee-time booking section (temporarily down for maintenance); bookable via GolfNow facility 10182 | Mohawk Valley region | Oneida County | Source sheet verification: VERIFIED"
Rome Country Club,,Rome,,Semi-Private,https://www.romecountryclub.com/,,,no,low,Pro shop (315) 336-6464 | Mohawk Valley region | Oneida County | Source sheet verification: NO_ONLINE
Sadaquada Golf Club,,Whitesboro,,Private,,,,no,low,Mohawk Valley region | Oneida County | Source sheet verification: Private
Sauquoit Knolls Golf Club,,Sauquoit,,Public,,,,no,low,Pro shop 315-737-8959 | Mohawk Valley region | Oneida County | Source sheet verification: NO_ONLINE
Shamrock Golf and Country Club,,Oriskany,,Semi-Private,,,,no,low,Pro shop +1-315-336-9858 | Mohawk Valley region | Oneida County | Source sheet verification: NO_ONLINE
Skenandoa Club,,Clinton,,Private,,,,no,low,Mohawk Valley region | Oneida County | Source sheet verification: Private
Teugega Country Club,,Rome,,Private,https://www.teugega.com/,,,no,low,Pro shop (315) 337-7150 | Mohawk Valley region | Oneida County | Source sheet verification: Private
Turning Stone Resort - Atunyote,,Verona,,Resort,https://www.turningstone.com/golf,clubprophet,https://turningstone.chelseareservations.com/gpinprocess/code/Booking/booking1.aspx,yes,high,Pro shop (315) 361-7850 | 18 holes; Oneida Indian Nation resort; Tom Fazio championship course; resort golf booking resolves to ClubProphet (Chelsea Reservations); select course within tee sheet | Mohawk Valley region | Oneida County | Source sheet verification: VERIFIED
Turning Stone Resort - Kaluhyat,,Verona,,Resort,https://www.turningstone.com/golf,clubprophet,https://turningstone.chelseareservations.com/gpinprocess/code/Booking/booking1.aspx,yes,high,Pro shop (315) 361-7850 | 18 holes; Oneida Indian Nation resort; Robert Trent Jones Jr. championship course; shared ClubProphet resort tee sheet | Mohawk Valley region | Oneida County | Source sheet verification: VERIFIED
Turning Stone Resort - Pleasant Knolls,,Verona,,Executive/Par-3,https://www.turningstone.com/golf,,,no,low,Pro shop (315) 361-7850 | Mohawk Valley region | Oneida County | UNCONFIRMED platform hint: Chelsea Reservations (resort) —  | Source sheet verification: NO_ONLINE
Turning Stone Resort - Sandstone Hollow,,Verona,,Executive/Par-3,https://www.turningstone.com/golf,,,no,low,Pro shop (315) 361-7850 | Mohawk Valley region | Oneida County | UNCONFIRMED platform hint: Chelsea Reservations (resort) —  | Source sheet verification: NO_ONLINE
Turning Stone Resort - Shenendoah,,Verona,,Resort,https://www.turningstone.com/golf,clubprophet,https://turningstone.chelseareservations.com/gpinprocess/code/Booking/booking1.aspx,yes,high,Pro shop (315) 361-7850 | 18 holes (~7000+ yds); Oneida Indian Nation resort; first TS course (Rick Smith); shared ClubProphet resort tee sheet | Mohawk Valley region | Oneida County | Source sheet verification: VERIFIED
Twin Ponds Golf & Country Club,,New York Mills,,Semi-Private,https://www.twinpondsgolf.net/,foreup,https://foreupsoftware.com/index.php/booking/20726/5629,yes,high,"18 holes; public-access championship course (169 Main St); site has Book Now button but booking host not extractable this session — Chronogolf slug found; bookable-state needs browser — Chronogolf listing is a phone-only placeholder (browser-confirmed); engine may have migrated, own-site check pending — Own Book A Tee Time link resolves to ForeUp; migrated off Chronogolf | Mohawk Valley region | Oneida County | Source sheet verification: VERIFIED"
Valley View Golf Course,,Utica,,Municipal,https://www.valleyviewgolfclub.org,,,no,low,Mohawk Valley region | Oneida County | Source sheet verification: NO_ONLINE
Woodgate Pines Golf Club,,Boonville,,Public,www.woodgatepines.com,teesnap,https://woodgatepines.teesnap.net/,yes,high,Pro shop +1-315-942-5442 | 18-hole public; GNIS/OSM likely operating; addr 2965 Hayes Rd West; completeness-pass add; booking not yet verified — Own site Schedule Tee Times link points to Teesnap host | Mohawk Valley region | Oneida County | Source sheet verification: VERIFIED
Woods Valley Golf Club,,Westernville,,Public,woodsvalleygolfclub.com (hijacked),,,no,low,Mohawk Valley region | Oneida County | Source sheet verification: UNVERIFIED
Yahnundasis Golf Club,,New Hartford,,Private,,,,no,low,Mohawk Valley region | Oneida County | Source sheet verification: Private
Canadarago Golf Club,,Richfield Springs,,Public,,,,no,low,Mohawk Valley region | Otsego County | Source sheet verification: UNVERIFIED
Colonial Ridge Golf Course,,Oneonta,,Public,https://www.colonialridgegolf.com/,other:calendar,https://calendar.app.google/b5JwGmjySJ8yuovW7,yes,high,Pro shop 607-263-5291 | Public (GNIS locale West Laurens); completeness-pass add; booking not yet verified — Booking not confirmed — Online booking via Google Calendar appointments (18-hole link; separate 9-hole link also exists); site colonialridgegolf.com | Mohawk Valley region | Otsego County | Source sheet verification: VERIFIED
Edgewood Golf Course,,Laurens,,Public,,,,no,low,Pro shop 607-432-2713 | Mohawk Valley region | Otsego County | Source sheet verification: NO_ONLINE
Leatherstocking Golf Course,,Cooperstown,,Resort,https://www.otesaga.com/,ezlinks,https://leatherstockingpub.ezlinksgolf.com/index.html#/search,yes,high,Pro shop (607) 547-9931 | 18 holes; at The Otesaga Resort Hotel on Otsego Lake; public-access resort course; seasonal; own-site Book Tee Time resolves to EZLinks | Mohawk Valley region | Otsego County | Source sheet verification: VERIFIED
Oneonta Country Club,,Oneonta,,Semi-Private,https://www.oneontacountryclub.com/,foreup,https://foreupsoftware.com/index.php/booking/21124/7005#teetimes,yes,high,Pro shop (607) 432-8950 | 18 holes; ~100-yr-old club now open to public with guest tee times; own-site Tee Times resolves to ForeUp; coords approx to Oneonta | Mohawk Valley region | Otsego County | Source sheet verification: VERIFIED
Otsego Golf Club,,Springfield Center,,Public,https://www.otsegogolfclub.com/,,,no,low,Pro shop (607) 547-9290 | Mohawk Valley region | Otsego County | Source sheet verification: NO_ONLINE
Woodhaven Golf Course,,West Oneonta,,Public,,,,no,low,Pro shop 607-433-2301 | Mohawk Valley region | Otsego County | Source sheet verification: NO_ONLINE
Adirondack Golf & Country Club,,Peru,,Semi-Private,https://adirondackgolfclub.com/,,,no,low,Pro shop (518) 643-8403 | Adirondacks / North Country region | Clinton County | Source sheet verification: NO_ONLINE
Ausable Valley Golf Course,,Au Sable Forks,,Closed,,,,no,low,Adirondacks / North Country region | Clinton County | Source sheet verification: Closed
Bluff Point Golf & Country Club,,Plattsburgh,,Public,https://bluffpoint.com/,chronogolf,https://www.chronogolf.com/club/bluff-point-golf-resort,yes,high,Pro shop (518) 563-3420 | 18 holes; historic course est 1890 (former Hotel Champlain); operator filed Chapter 11 ~2019 and current operation unconfirmed; official site not reachable; coords approx — Resort open in 2026; own site (bluffpoint.com) Book Your Tee Time routes to Chronogolf; phone alt 518-563-3420 / 800-438-0985; bookable-state needs browser — Live Chronogolf confirmed in browser (Reserve now pay later); resort course | Adirondacks / North Country region | Clinton County | Source sheet verification: VERIFIED
Ausable Club,,St. Huberts,,Private,https://ausableclub.org/,,,no,low,Pro shop (518) 576-4411 | Adirondacks / North Country region | Essex County | Source sheet verification: Private
Cobble Hill Golf Course,,Elizabethtown,,Public,,,,no,low,Adirondacks / North Country region | Essex County | Source sheet verification: NO_ONLINE
Craig Wood Golf Course,,Lake Placid,,Municipal,https://www.craigwoodgolfclub.com/,clubprophet,https://www.craigwoodgolfclub.com/tee-times,yes,high,Pro shop (518) 523-9811 | 18 holes par 72; owned by Town of North Elba; Seymour Dunn design; own-site Book A Tee Time opens embedded ClubProphet widget; coords approx | Adirondacks / North Country region | Essex County | Source sheet verification: VERIFIED
Lake Placid Club - Links Course,,Lake Placid,,Resort,https://www.lakeplacidresort.com/golf/,other:easytee,https://app.easyteegolf.com/course/lake-placid-club-links-course/,yes,high,Pro shop (518) 523-4460 | 18 holes; Seymour Dunn design at Lake Placid Resort; resort golf site robots-blocked to fetch; reservations by phone; shares resort address — Official golf site lakeplacidclubgolf.com links Links course to EasyTee booking; phone (518) 523-4460 | Adirondacks / North Country region | Essex County | Source sheet verification: VERIFIED
Lake Placid Club - Mountain Course,,Lake Placid,,Resort,https://www.lakeplacidresort.com/golf/,other:easytee,https://app.easyteegolf.com/course/lake-placid-club-mountain-course/,yes,high,Pro shop (518) 523-4460 | 18 holes; Findlay/MacKenzie design at Lake Placid Resort; resort golf site robots-blocked to fetch; reservations by phone; shares resort address — Official golf site lakeplacidclubgolf.com links Mountain course to EasyTee booking; phone (518) 523-4460 | Adirondacks / North Country region | Essex County | Source sheet verification: VERIFIED
Lake Placid Club - Pristine 9,,Lake Placid,,Resort,https://www.lakeplacidresort.com/golf/,other:easytee,https://app.easyteegolf.com/course/lake-placid-club-pristine-9/,yes,high,Pro shop (518) 523-4460 | 9 holes (executive-length); Alexander Findlay design at Lake Placid Resort; current operating status of the 9 unconfirmed; site robots-blocked; shares resort address — Official golf site lakeplacidclubgolf.com lists Pristine 9 with EasyTee booking (facility markets 45 holes across 3 courses); phone (518) 523-4460 | Adirondacks / North Country region | Essex County | Source sheet verification: VERIFIED
Schroon Lake Golf Course,,Schroon Lake,,Municipal,schroon.net/golf-course,,,no,low,Pro shop (518) 532-9359 | Adirondacks / North Country region | Essex County | Source sheet verification: NO_ONLINE
Ticonderoga Golf Course,,Ticonderoga,,Public,https://www.ticonderogagolfcourse.com/,chronogolf,https://www.chronogolf.com/club/10931/widget,yes,high,Pro shop (518) 585-2801 | 18 holes; public; own site Book link resolves to numeric Chronogolf widget (club 10931); adjacent Five Nations is range/mini-golf only and excluded | Adirondacks / North Country region | Essex County | Source sheet verification: VERIFIED
Westport Country Club,,Westport,,Semi-Private,https://www.westportcountryclub.com/,,,no,low,Pro shop (518) 962-4470 | Adirondacks / North Country region | Essex County | Source sheet verification: NO_ONLINE
Whiteface Club & Resort Golf Course,,Lake Placid,,Resort,https://whitefaceclubresort.com/golf/,,,no,low,Pro shop (518) 523-2551 | Adirondacks / North Country region | Essex County | Source sheet verification: NO_ONLINE
Malone Golf Club - East Course,,Malone,,Semi-Private,https://www.malonegolfclub.com/,chronogolf,https://www.chronogolf.com/club/malone-golf-club,yes,high,"Pro shop (518) 483-2926 | 18 holes; part of 36-hole Robert Trent Jones facility; private with public play; own site names Chronogolf but only a slug page (chronogolf.com/club/malone-golf-club) seen, live numeric widget not confirmed — Own site (malonegolfclub.com) Book A Tee Time buttons route to single Chronogolf club page covering both courses; bookable-state needs browser — Live Chronogolf tee sheet confirmed in browser (Reserve now pay later); 36 holes E/W | Adirondacks / North Country region | Franklin County | Source sheet verification: VERIFIED"
Malone Golf Club - West Course,,Malone,,Semi-Private,https://www.malonegolfclub.com/,chronogolf,https://www.chronogolf.com/club/malone-golf-club,yes,high,"Pro shop (518) 483-2926 | 18 holes; part of 36-hole Robert Trent Jones facility; private with public play; own site names Chronogolf but only a slug page seen, live numeric widget not confirmed; shares facility address — Own site Book A Tee Time routes to shared Chronogolf club page (malone-golf-club) covering East and West; bookable-state needs browser — Live Chronogolf tee sheet confirmed in browser (Reserve now pay later); 36 holes E/W | Adirondacks / North Country region | Franklin County | Source sheet verification: VERIFIED"
Saranac Inn Golf & Country Club,,Saranac Inn,,Public,https://www.saranacinn.com/,other:teewire,https://teewire.app/saranac-inn,yes,high,Pro shop (518) 891-1402 | 18 holes; own site Book link resolves to TeeWire booking app (non-standard platform); Santa Clara/Saranac Inn hamlet; coords approx | Adirondacks / North Country region | Franklin County | Source sheet verification: VERIFIED
Saranac Lake Golf Club,,Saranac Lake,,Public,saranaclakegolf.com,,,no,low,Pro shop (518) 891-2675 | Adirondacks / North Country region | Franklin County | Source sheet verification: NO_ONLINE
Tupper Lake Golf Club,,Tupper Lake,,Semi-Private,https://www.tupperlakegolf.com/,,,no,low,Pro shop (518) 359-3701 | Adirondacks / North Country region | Franklin County | Source sheet verification: NO_ONLINE
Cedar River Golf Club,,Indian Lake,,Municipal,,,,no,low,Adirondacks / North Country region | Hamilton County | Source sheet verification: NO_ONLINE
Inlet Golf Club,,Inlet,,Public,https://www.inletgolfclub.com/,other:easytee,https://app.easyteegolf.com/course/inlet/,yes,high,Pro shop (315) 360-6771 | 9 holes; public; own site Book link resolves to EasyTee Golf app (non-standard platform) | Adirondacks / North Country region | Hamilton County | Source sheet verification: VERIFIED
Lake Pleasant Golf Course,,Lake Pleasant,,Municipal,,,,no,low,Adirondacks / North Country region | Hamilton County | Source sheet verification: NO_ONLINE
Alexandria Bay Municipal Golf Course,,Alexandria Bay,,Municipal,,,,no,low,Adirondacks / North Country region | Jefferson County | Source sheet verification: NO_ONLINE
Carthage Country Club,,West Carthage,,Semi-Private,,,,no,low,Adirondacks / North Country region | Jefferson County | Source sheet verification: UNVERIFIED
Clayton Country Club,,Clayton,,Public,https://www.claytoncountryclub.com/,,,no,low,Pro shop (315) 686-4242 | Adirondacks / North Country region | Jefferson County | Source sheet verification: NO_ONLINE
Highland Meadows Golf & Country Club,,Watertown,,Semi-Private,golf342.com,clubcaddie,https://golf342.com/,yes,high,Pro shop (315) 785-0108 | 18 holes; listed in 1000 Islands golf directory; official site not reachable; coords approx — 18 holes; official site not reachable; no online engine found — Own site (golf342.com) offers online tee reservations powered by a Club Caddie widget; membership-oriented but public online booking present | Adirondacks / North Country region | Jefferson County | Source sheet verification: VERIFIED
Ives Hill Country Club,,Watertown,,Semi-Private,https://iveshill.com/,,,no,low,Pro shop (315) 775-4653 | Adirondacks / North Country region | Jefferson County | Source sheet verification: NO_ONLINE
Natali's C-Way Resort & Golf Club,,Clayton,,Resort,https://cwayresort.com/,,,no,low,Adirondacks / North Country region | Jefferson County | Source sheet verification: NO_ONLINE
Thousand Islands Country Club - Lake Course,,Wellesley Island,,Semi-Private,https://www.ticountryclub.com/,foreup,https://foreupsoftware.com/index.php/booking/21522/8216,yes,high,"18 holes; one of two TICC courses on Wellesley Island; official site not reachable; coords approx — Own site (ticountryclub.com) Book Now link present; Chronogolf slug thousand-islands-country-club found (single club page for both loops); bookable-state needs browser — Chronogolf listing is a phone-only placeholder (browser-confirmed); engine may have migrated, own-site check pending — Own Book a Tee Time link resolves to ForeUp; migrated off Chronogolf | Adirondacks / North Country region | Jefferson County | Source sheet verification: VERIFIED"
Thousand Islands Country Club - Old Course,,Wellesley Island,,Semi-Private,https://www.ticountryclub.com/,foreup,https://foreupsoftware.com/index.php/booking/21522/8216,yes,high,"Second TICC loop on Wellesley Island (historic Old Course); operating status/holes not re-confirmed; official site not reachable; coords approx — Own site Book Now link present; Chronogolf slug thousand-islands-country-club found (shared club page with Lake Course); bookable-state needs browser — Chronogolf listing is a phone-only placeholder (browser-confirmed); engine may have migrated, own-site check pending — Same ForeUp booking covers both TI courses; migrated off Chronogolf | Adirondacks / North Country region | Jefferson County | Source sheet verification: VERIFIED"
Watertown Golf Club,,Watertown,,Private,,,,no,low,Adirondacks / North Country region | Jefferson County | Source sheet verification: Private
Wellesley Island State Park Golf Course (Barrington Links),,Fineview,,Public,https://barringtonlinks.com/,teesnap,https://barringtonlinks.teesnap.net/,yes,high,Pro shop (315) 215-4066 | 9 holes (playable as 18); NY State Park course operated as Barrington Links; concessionaire site links Teesnap booking | Adirondacks / North Country region | Jefferson County | Source sheet verification: VERIFIED
Willowbrook Golf Club,,Watertown,,Public,willowbrookgolfclubwatertown.com,,,no,low,Pro shop (315) 782-8192 | Adirondacks / North Country region | Jefferson County | Source sheet verification: NO_ONLINE
Langbrook Meadows Golf & Country Club,,Brier Hill,,Semi-Private,https://langbrookmeadows.com/,,,no,low,Pro shop (315) 375-6372 | Adirondacks / North Country region | St. Lawrence County | Source sheet verification: NO_ONLINE
Massena Country Club,,Massena,,Semi-Private,massenacountryclub.com,,,no,low,Pro shop (315) 769-2293 | Adirondacks / North Country region | St. Lawrence County | Source sheet verification: NO_ONLINE
Oliver D. Appleton Golf Course,,Canton,,Public,,,,no,low,Adirondacks / North Country region | St. Lawrence County | Source sheet verification: NO_ONLINE
Partridge Run Golf & Country Club,,Canton,,Semi-Private,https://partridgerungolf.com/,,,no,low,Pro shop (315) 386-4444 | Adirondacks / North Country region | St. Lawrence County | Source sheet verification: NO_ONLINE
Potsdam Town & Country Club,,Potsdam,,Semi-Private,https://potsdamgolf.com/,,,no,low,Pro shop (315) 265-2141 | Adirondacks / North Country region | St. Lawrence County | Source sheet verification: NO_ONLINE
River Course at Louisville Landing,,Louisville,,Public,https://rivercourselouisvillelanding.com/,foreup,https://foreupsoftware.com/index.php/booking/19318/7368#teetimes,yes,high,Pro shop (315) 769-2293 | 18 holes; public; own site Book link resolves to ForeUp (facility 19318); on the St. Lawrence River; coords approx | Adirondacks / North Country region | St. Lawrence County | Source sheet verification: VERIFIED
St. Lawrence State Park Golf Course,,Ogdensburg,,Public,https://parks.ny.gov/visit/golf-courses/st-lawrence-state-park-golf-course,,,no,low,Pro shop (315) 393-2286 | Adirondacks / North Country region | St. Lawrence County | Source sheet verification: NO_ONLINE
Dutch Hollow Country Club,,Owasco,,Public,https://dutchhollowcc.com/,chronogolf,https://www.chronogolf.com/club/dutch-hollow-country-club,yes,high,18 holes; public course near Auburn; official site has an online tee-times page but platform not captured (JS-rendered); coords approx — 18-hole public near Auburn; Chronogolf bookable club page; own legacy PHP site did not surface the link in nav; private_api blocked so confirmed via Chronogolf club booking page | Central New York region | Cayuga County | Source sheet verification: VERIFIED
Fillmore Golf Club,,Locke,,Public,https://fillmoregolfclub.com/,teesnap,https://fillmoregolfclub.teesnap.net,yes,high,"Pro shop (315) 497-3145 | 18 holes; public, overlooks Owasco Lake; Teesnap booking confirmed on official site | Central New York region | Cayuga County | Source sheet verification: VERIFIED"
Highland Park Golf Club,,Auburn,,Municipal,,chronogolf,https://www.chronogolf.com/club/highland-park-golf-club-new-york,yes,high,Auburn municipal; OSM likely operating; completeness-pass add; booking not yet verified — Auburn muni; own booking page highlandparkgolfclub.com/teetimes; confirmed via Chronogolf bookable club page (private_api blocked) | Central New York region | Cayuga County | Source sheet verification: VERIFIED
King Ferry Golf Course,,King Ferry,,Public,,golfnow,https://www.golfnow.com/tee-times/facility/18959-king-ferry-golf-club/search,yes,high,Public; GNIS-listed; completeness-pass add; booking not yet verified — Public; GNIS-listed; completeness-pass add; no reachable site; platform unconfirmed — GolfNow facility 18959 listed but not confirmed bookable; no reachable own site found — GolfNow facility 18959 confirmed King Ferry Golf Club King Ferry NY with live bookable tee times | Central New York region | Cayuga County | Source sheet verification: VERIFIED
Meadowbrook Golf Course,,Weedsport,,Public,meadowbrookgolfclub.net,golfnow,https://www.golfnow.com/tee-times/facility/12986-meadowbrook-golf-club/search,yes,high,Pro shop (315) 834-9358 | Public (GNIS locale Centerport near Weedsport); completeness-pass add; booking not yet verified — Public (near Weedsport); completeness-pass add; no reachable site; platform unconfirmed — Own site meadowbrookgolfclub.net has a Book Now button but destination host unresolved (403/blocked in sandbox); GolfNow facility 12986 and TeeOff listed; engine unconfirmed — Own-site Book Now/tee-times page embeds a GolfNow-powered widget; GolfNow facility 12986 confirmed Meadowbrook Weedsport with live tee times | Central New York region | Cayuga County | Source sheet verification: VERIFIED
Owasco Country Club,,Auburn,,Private,https://www.owascocountryclub.com/,,,no,low,Central New York region | Cayuga County | Source sheet verification: Private
Springbrook Greens Golf Course,,Fair Haven,,Public,springbrookgreensgc.com,,,no,low,Pro shop 315-947-4000 | Central New York region | Cayuga County | Source sheet verification: NO_ONLINE
Cortland Country Club,,Cortland,,Private,https://www.cortlandcountryclub.com/,,,no,low,Pro shop (607) 753-3336 | Central New York region | Cortland County | Source sheet verification: Private
Elm Tree Golf Course,,Cortland,,Public,http://elmtreegolfcourse.com/,teesnap,https://elmtreegolfcourse.com/book-a-tee-time/,yes,high,Pro shop (607) 753-1341 | 18 holes (par 70); public; site powered by Teesnap with Tee Times booking link | Central New York region | Cortland County | Source sheet verification: VERIFIED
Knickerbocker Country Club,,Cincinnatus,,Semi-Private,https://knickerbockercc.com/,,,no,low,Pro shop (607) 863-3800 | Central New York region | Cortland County | Source sheet verification: NO_ONLINE
Maple Hill Golf Club,,Marathon,,Public,https://www.golfmaplehillgc.com/,,,no,low,Pro shop (607) 849-3285 | Central New York region | Cortland County | Source sheet verification: NO_ONLINE
Walden Oaks Country Club,,Cortland,,Semi-Private,http://www.waldenoakscc.com/,,,no,low,Pro shop (607) 753-9452 | Central New York region | Cortland County | Source sheet verification: NO_ONLINE
Willowbrook Golf Club,,Cortland,,Public,https://willowbrookcortland.com/,,,no,low,Pro shop (607) 756-7382 | Central New York region | Cortland County | Source sheet verification: NO_ONLINE
Casolwood Golf Course,,Canastota,,Public,casolwoodgc.com,,,no,low,Pro shop (315) 697-9164 | Central New York region | Madison County | Source sheet verification: NO_ONLINE
Cazenovia Golf Club,,Cazenovia,,Private,,,,no,low,Central New York region | Madison County | Source sheet verification: Private
Kanon Valley Country Club,,Oneida,,Semi-Private,https://www.kanonvalley.com/,foreup,https://foreupsoftware.com/index.php/booking/23211,yes,high,"18 holes; country club (driving range, PGA instruction) in city of Oneida (Madison Co); booking platform unconfirmed; coords approx — 18-hole country club; own site reachable but no booking link exposed; platform unconfirmed — Book Tee Time link to ForeUp 23211 | Central New York region | Madison County | Source sheet verification: VERIFIED"
Oneida Community Golf Club,,Oneida,,Public,oneidagolf.com,,,no,low,Pro shop (315) 361-6111 | Central New York region | Madison County | Source sheet verification: NO_ONLINE
Seven Oaks Golf Club,,Hamilton,,Public,https://sevenoaksgolf.com/,teeitup,https://seven-oaks-golf-club.book.teeitup.golf/,yes,high,"Pro shop (315) 824-1432 | 18 holes; owned by Colgate University, open to public; Robert Trent Jones Sr. design; own-site Book link resolves to TeeItUp; coords approx to Hamilton | Central New York region | Madison County | Source sheet verification: VERIFIED"
Arrowhead Golf Course,,Kirkville,,Public,arrowheadcny.com,,,no,low,Pro shop (315) 656-7563 | Central New York region | Onondaga County | Source sheet verification: NO_ONLINE
Bellevue Country Club,,Syracuse,,Private,https://www.bellevuecc.org/,,,no,low,Pro shop (315) 446-5300 | Central New York region | Onondaga County | Source sheet verification: Private
Camillus Country Club,,Camillus,,Semi-Private,https://www.camilluscountryclub.com/,,,no,low,Pro shop (315) 672-3770 | Central New York region | Onondaga County | Source sheet verification: NO_ONLINE
Cedarvale Golf Club,,Marietta,,Public,,,,no,low,Central New York region | Onondaga County | Source sheet verification: UNVERIFIED
Drumlins Country Club (East Course),,Syracuse,,Semi-Private,https://www.drumlins.com/,chronogolf,https://www.chronogolf.com/club/drumlins-country-club,yes,high,18 holes; Syracuse University-owned; East is the championship course; official site blocked automated access (HTTP 403) so booking not confirmed — Syracuse University owned; single Chronogolf facility booking page (select course); East is the championship loop and leans members/private; private_api blocked so confirmed via Chronogolf bookable club page | Central New York region | Onondaga County | Source sheet verification: VERIFIED
Drumlins Country Club (West Course),,Syracuse,,Semi-Private,https://www.drumlins.com/,chronogolf,https://www.chronogolf.com/club/drumlins-country-club,yes,high,18 holes (shorter loop); Syracuse University-owned; site blocked automated access (403); booking not confirmed — Syracuse University owned; West is the public loop; same Chronogolf facility booking page (select course); private_api blocked so confirmed via Chronogolf bookable club page | Central New York region | Onondaga County | Source sheet verification: VERIFIED
Green Lakes State Park Golf Course,,Fayetteville,,Public,https://parks.ny.gov/golf-courses/,foreup,https://foreupsoftware.com/index.php/booking/19759/2446,yes,high,18 holes; NY State Park; Robert Trent Jones design; reserve link from parks.ny.gov resolves to ForeUp | Central New York region | Onondaga County | Source sheet verification: VERIFIED
LaFayette Country Club,,LaFayette,,Closed,,,,no,low,Central New York region | Onondaga County | Source sheet verification: Closed
Liverpool Golf and Public Country Club,,Liverpool,,Closed,,,,no,low,Central New York region | Onondaga County | Source sheet verification: Closed
Onondaga Golf and Country Club,,Fayetteville,,Private,https://www.onondagacc.org/,,,no,low,Central New York region | Onondaga County | Source sheet verification: Private
Orchard Valley Golf Club,,LaFayette,,Public,,quick18,https://orchard.quick18.com,yes,high,Pro shop (315) 677-3303 | 18 holes; public daily-fee on US-20; no reachable official site found; booking not verified — 18-hole public daily-fee on US-20; no reachable official site; platform unconfirmed — Management site (RJ Graham Golf) Book Tee Time link points to Orchard Vali Quick18 engine (subdomain confirmed live) | Central New York region | Onondaga County | Source sheet verification: VERIFIED
Pompey Club,,Pompey,,Public,pompeyclub.com,,,no,low,Pro shop (315) 677-3559 | Central New York region | Onondaga County | Source sheet verification: Private
Radisson Greens Golf Course,,Baldwinsville,,Semi-Private,https://www.radissongreens.com/,chronogolf,https://www.chronogolf.com/club/radisson-greens-golf-course,yes,high,Pro shop (315) 638-0092 | 18 holes; Town of Lysander-owned semiprivate (opened 1978 RTJ Sr); site has Book a Tee Time button but booking URL not machine-readable via proxy — Town of Lysander semiprivate; own booking page radissongreens.com/online-tee-times; own domain unreachable in sandbox; confirmed via Chronogolf bookable club page | Central New York region | Onondaga County | Source sheet verification: VERIFIED
Rogues Roost Golf Club (East Course),,Bridgeport,,Public,https://www.roguesroost.com/,teeitup,https://vip.teeitup.com/6339406/teetimes/,yes,high,18 holes; part of 36-hole East/West facility on NY-31; official site blocked automated access (403); coords approx — Course's own Online Tee Times page on TeeItUp/EZLinks (vip.teeitup.com id 6339406) covers the 36-hole facility; select East; also mirrored on GolfNow facility 8436 | Central New York region | Onondaga County | Source sheet verification: VERIFIED
Rogues Roost Golf Club (West Course),,Bridgeport,,Public,https://www.roguesroost.com/,teeitup,https://vip.teeitup.com/6339406/teetimes/,yes,high,18 holes (shorter); part of 36-hole East/West facility; site blocked automated access (403); coords approx — Course's own Online Tee Times page on TeeItUp/EZLinks (vip.teeitup.com id 6339406) covers the 36-hole facility; select West; also mirrored on GolfNow facility 8437 | Central New York region | Onondaga County | Source sheet verification: VERIFIED
Skaneateles Country Club,,Skaneateles,,Private,https://www.skaneatelescc.org/,,,no,low,Central New York region | Onondaga County | Source sheet verification: Private
Sunnycrest Golf Course,,Syracuse,,Municipal,,chronogolf,https://www.chronogolf.com/club/sunnycrest-golf-course,yes,high,9 holes; City of Syracuse municipal course at Sunnycrest Park; booking not verified; coords approx — City of Syracuse muni; Chronogolf bookable club page; private_api blocked so confirmed via club booking page | Central New York region | Onondaga County | Source sheet verification: VERIFIED
Tanner Valley Golf Course,,Nedrow,,Public,,quick18,https://tannervalley.quick18.com,yes,high,Pro shop (315) 492-8113 | 18 holes; public course south of Syracuse; no reachable official site found; booking not verified; coords approx — 18-hole public; no reachable official site; platform unconfirmed — Management site (RJ Graham Golf) Book Tee Time link points to Tanner Valley Quick18 engine (subdomain confirmed live) | Central New York region | Onondaga County | Source sheet verification: VERIFIED
The Cavalry Club,,Manlius,,Private,https://thecavalryclub.com/,,,no,low,Central New York region | Onondaga County | Source sheet verification: Private
The Links at Erie Village,,East Syracuse,,Public,,teeitup,https://the-links-at-erie-village.book.teeitup.com/,yes,high,18 holes; public course in Erie Village; no reachable official site found; booking not verified; coords approx — Course's own TeeItUp booking subdomain (the-links-at-erie-village.book.teeitup.com); also mirrored on GolfNow/TeeOff facility 16452 | Central New York region | Onondaga County | Source sheet verification: VERIFIED
Timber Banks Golf Club,,Baldwinsville,,Public,https://www.timberbanks.com/,clubprophet,https://timberbankspublic.cps.golf/onlineresweb/search-teetime,yes,high,Pro shop (315) 635-8800 | 18 holes; booking via CPS Golf (Club Prophet Systems) confirmed on official site | Central New York region | Onondaga County | Source sheet verification: VERIFIED
Tuscarora Golf Club,,Marcellus,,Semi-Private,https://www.tuscaroragolfclub.com/,other:tee-on,,yes,high,Pro shop (315) 673-2679 | 18 holes; est 1923 privately owned; official site names Tee-On booking (course code TUGC) at tee-on.com; exact URL not opened | Central New York region | Onondaga County | Source sheet verification: VERIFIED
Vesper Hills Golf Club,,Tully,,Public,https://vesperhills.com/,,,no,low,Pro shop (315) 696-8328 | Central New York region | Onondaga County | Source sheet verification: NO_ONLINE
West Hill Golf Course,,Camillus,,Executive/Par-3,https://westhillgolf.com/,,,no,low,Pro shop (315) 672-8677 | Central New York region | Onondaga County | Source sheet verification: NO_ONLINE
Battle Island State Park Golf Course,,Fulton,,Public,https://parks.ny.gov/golf-courses/,foreup,https://foreupsoftware.com/index.php/booking/19764/2444,yes,high,18 holes; NY State Park; reserve link from parks.ny.gov resolves to ForeUp | Central New York region | Oswego County | Source sheet verification: VERIFIED
Emerald Crest Golf Club,,Fulton,,Public,https://www.facebook.com/EmeraldCrestGolf/,,,no,low,Pro shop (315) 593-1016 | Central New York region | Oswego County | Source sheet verification: NO_ONLINE
Evergreen Hills Golf Course,,Oswego,,Public,https://www.evergreenhillsgolfbfc.com/,,,no,low,Pro shop (315) 216-4639 | Central New York region | Oswego County | Source sheet verification: NO_ONLINE
Glennwood Golf Course,,West Monroe,,Public,https://www.facebook.com/profile.php?id=100083190189417,,,no,low,Pro shop (315) 676-3114 | Central New York region | Oswego County | Source sheet verification: NO_ONLINE
Greenview Country Club,,West Monroe,,Semi-Private,https://www.greenviewcc.com/,chronogolf,https://www.chronogolf.com/club/greenview-country-club,yes,high,Pro shop (315) 668-2244 | 18 holes; semi-private near Oneida Lake; site advertises Online Reservations but platform not captured (site under construction) — Semi-private near Oneida Lake; site advertises Online Reservations; confirmed via Chronogolf bookable club page (private_api blocked) | Central New York region | Oswego County | Source sheet verification: VERIFIED
Oswego Country Club,,Oswego,,Private,https://oswegocountryclub.com/,,,no,low,Pro shop (315) 343-1941 | Central New York region | Oswego County | Source sheet verification: Private
Stone Creek Golf Club,,Oswego,,Public,http://www.stonecreekgolfoswegony.com/,foreup,https://foreupsoftware.com/index.php/booking/21183,yes,high,Pro shop (315) 343-2996 | 18 holes; public with memberships; ForeUp booking confirmed on official site | Central New York region | Oswego County | Source sheet verification: VERIFIED
Streamside RV Park and Golf Course,,Pulaski,,Public,http://www.streamsidecg.com/,,,no,low,Pro shop (315) 298-6887 | Central New York region | Oswego County | Source sheet verification: NO_ONLINE
Tamarack Golf Club,,Oswego,,Public,http://golftamarack.com/,other:square,https://square.site/book/Y87V0M7W4DBXS/tamarack-golf-club-oswego-ny,yes,high,Pro shop (315) 342-6614 | 18 holes; est 1999; online booking via Square confirmed on official site | Central New York region | Oswego County | Source sheet verification: VERIFIED
The Elms Golf Course,,Sandy Creek,,Public,https://theelmsgolfclub.com/,,,no,low,Pro shop (315) 387-5297 | Central New York region | Oswego County | Source sheet verification: NO_ONLINE
Chemung Golf Course,,Chemung,,Public,,,,no,low,Pro shop (607) 565-2323 | Finger Lakes region | Chemung County | Source sheet verification: NO_ONLINE
Elmira Country Club,,Elmira,,Private,https://www.elmiracountryclub.com/,,,no,low,Pro shop (607) 734-6251 | Finger Lakes region | Chemung County | Source sheet verification: Private
Mark Twain Golf Course,,Elmira,,Municipal,https://golftwain.com/,teesnap,https://golftwain.teesnap.net,yes,high,Pro shop (607) 737-5770 | 18 holes; owned/operated by City of Elmira; own-site Book a Tee Time resolves to Teesnap | Finger Lakes region | Chemung County | Source sheet verification: VERIFIED
Soaring Eagles Golf Club,,Horseheads,,Public,https://parks.ny.gov/visit/golf-courses/soaring-eagles-golf-course-mark-twain-state-park,foreup,https://foreupsoftware.com/index.php/booking/19762/2447,yes,high,Public 18-hole (Pine Valley/Horseheads); official site domains unreachable; not on TeeItUp; coords from USGS GNIS — Mark Twain State Park course; NY State Parks page Book Online link points to ForeUp booking 19762/2447 | Finger Lakes region | Chemung County | Source sheet verification: VERIFIED
Willowcreek Golf Club,,Big Flats,,Public,https://www.willowcreekgolfclub.com/,teesnap,https://willowcreekgolfclub.teesnap.net,yes,high,Pro shop (607) 562-8898 | 27-hole facility; main 18; open to public; own-site Book link resolves to Teesnap | Finger Lakes region | Chemung County | Source sheet verification: VERIFIED
Willows Course at Willowcreek Golf Club,,Big Flats,,Executive/Par-3,https://www.willowcreekgolfclub.com/,teesnap,https://willowcreekgolfclub.teesnap.net,yes,high,Pro shop (607) 562-8898 | 9-hole executive loop (the Willows) within Willowcreek 27-hole facility; same Teesnap tee sheet | Finger Lakes region | Chemung County | Source sheet verification: VERIFIED
Brae Burn Golf Course,,Dansville,,Public,https://braeburn1898.com/,,,no,low,Pro shop (585) 335-8840 | Finger Lakes region | Livingston County | Source sheet verification: NO_ONLINE
Caledonia Country Club,,Caledonia,,Semi-Private,https://www.caledoniacc.com/,,,no,low,Pro shop (585) 538-9956 | Finger Lakes region | Livingston County | Source sheet verification: NO_ONLINE
Conesus Golf Club,,Conesus,,Semi-Private,https://conesusgolfclub.com/,,,no,low,Pro shop (585) 346-2100 | Finger Lakes region | Livingston County | Source sheet verification: NO_ONLINE
FarView Golf Course,,Avon,,Public,https://www.farviewgc.com/,,,no,low,Pro shop (585) 226-8210 | Finger Lakes region | Livingston County | Source sheet verification: NO_ONLINE
Lima Golf and Country Club,,Lima,,Semi-Private,limagolf.com,golfnow,https://www.golfnow.com/tee-times/facility/5436-lima-golf-cc-charleston-pines/search,yes,high,18 holes; Lima; official site not reached in sandbox; booking method not confirmed; coords from USGS GNIS — Official site not reached (guessed domains unresolved); booking engine unconfirmed — Public; two bookable GolfNow facilities 5436 (Charleston Pines) and 11381 (Island Oaks); own site limagolf.com | Finger Lakes region | Livingston County | Source sheet verification: VERIFIED
Livingston Country Club,,Geneseo,,Public,https://www.livingstoncc.com/,chronogolf,https://www.chronogolf.com/club/10618,yes,high,Pro shop (585) 243-4430 | 18-hole championship; open to public with memberships; own-site Book link resolves to Chronogolf club 10618 | Finger Lakes region | Livingston County | Source sheet verification: VERIFIED
Old Hickory Golf Club,,Livonia,,Public,https://www.theoldhickorygolfclub.com/,teeitup,https://old-hickory-golf-club-3.book.teeitup.com/,yes,high,Pro shop (585) 346-2450 | 18 holes on Big Tree Rd; public with memberships; own-site tee-times page links to TeeItUp | Finger Lakes region | Livingston County | Source sheet verification: VERIFIED
Sonyea Golf Course,,Sonyea,,Public,,,,no,low,Finger Lakes region | Livingston County | Source sheet verification: UNVERIFIED
Woodlynn Hills Golf Course,,Nunda,,Public,https://www.woodlynnhills.com/,,,no,low,Pro shop 585-468-5010 | Finger Lakes region | Livingston County | Source sheet verification: NO_ONLINE
Braemar Country Club,,Spencerport,,Public,https://braemarcc.com/,foreup,https://foreupsoftware.com/index.php/booking/21069/7001#teetimes,yes,high,"Pro shop 585-352-5360 | 18 holes par 72 (front nine 1928, back nine 1967); family-managed public daily-fee; own-site Book Tee Time link resolves to ForeUp; 4704 Ridge Rd W | Finger Lakes region | Monroe County | Source sheet verification: VERIFIED"
Brook-Lea Country Club,,Rochester,,Private,,,,no,low,Finger Lakes region | Monroe County | Source sheet verification: Private
Churchville Golf Course,,Churchville,,Municipal,https://monroecountyparksgolf.com/,,,no,low,Pro shop 585-424-2920 | Finger Lakes region | Monroe County | Source sheet verification: NO_ONLINE
Country Club of Rochester,,Rochester,,Private,,,,no,low,Finger Lakes region | Monroe County | Source sheet verification: Private
Cragie Brae Golf Club,,Scottsville,,Public,https://cragiebrae.com/,,,no,low,Finger Lakes region | Monroe County | Source sheet verification: UNVERIFIED
Deerfield Country Club,,Brockport,,Public,https://www.deerfieldcc.com/,,,no,low,Pro shop 585-392-8080 | Finger Lakes region | Monroe County | Source sheet verification: NO_ONLINE
Durand Eastman Golf Course,,Rochester,,Municipal,https://monroecountyparksgolf.com/,foreup,https://foreupsoftware.com/index.php/booking/19801/2489,yes,high,18 holes; Monroe County Parks-owned (Durand Eastman Park); county golf site references online booking but no booking host resolved in sandbox and course page directs to pro shop; 1200 Kings Highway N — Chronogolf listing shows no-online-booking pin; county Parks site has no booking link and directs to pro shop; GolfNow facility 12878 listed but live bookability not confirmed (JS); do not treat as live — Monroe County Parks golf site Book Tee Time - Durand Eastman to ForeUp 19801/2489 | Finger Lakes region | Monroe County | Source sheet verification: VERIFIED
Eagle Vale Golf Course,,Fairport,,Public,https://www.eaglevale.com/,teeitup,https://eagle-vale-golf-course.book.teeitup.com/,yes,high,18-hole public; completeness-pass add; booking not yet verified — Own site (eaglevale.com/teetimes) Book a Tee Time link points to TeeItUp | Finger Lakes region | Monroe County | Source sheet verification: VERIFIED
Genesee Valley Golf Course - North Course,,Rochester,,Municipal,https://monroecountyparksgolf.com/,,,no,low,Pro shop 585-424-2920 | Finger Lakes region | Monroe County | Source sheet verification: NO_ONLINE
Genesee Valley Golf Course - South Course,,Rochester,,Municipal,https://monroecountyparksgolf.com/,,,no,low,Pro shop 585-424-2920 | Finger Lakes region | Monroe County | Source sheet verification: NO_ONLINE
Irondequoit Country Club,,Rochester,,Private,,,,no,low,Finger Lakes region | Monroe County | Source sheet verification: Private
Lake Shore Country Club,,Rochester,,Private,,,,no,low,Finger Lakes region | Monroe County | Source sheet verification: Private
Locust Hill Country Club,,Pittsford,,Private,,,,no,low,Finger Lakes region | Monroe County | Source sheet verification: Private
Midvale Country Club,,Penfield,,Private,,,,no,low,Finger Lakes region | Monroe County | Source sheet verification: Private
Mill Creek Golf Club,,Churchville,,Public,https://www.millcreekgolf.com/,teeitup,https://mill-creek-golf-club-3.book.teeitup.com/teetimes,yes,high,"Pro shop 585-889-4110 | 18-hole public championship course; own-site BOOK NOW link resolves to TeeItUp (8-day advance, max 4 players); 128 Cedars Ave | Finger Lakes region | Monroe County | Source sheet verification: VERIFIED"
Monroe Golf Club,,Pittsford,,Private,,,,no,low,Finger Lakes region | Monroe County | Source sheet verification: Private
Oak Hill Country Club - East Course,,Pittsford,,Private,,,,no,low,Finger Lakes region | Monroe County | Source sheet verification: Private
Oak Hill Country Club - West Course,,Pittsford,,Private,,,,no,low,Finger Lakes region | Monroe County | Source sheet verification: Private
Penfield Country Club,,Penfield,,Private,,,,no,low,Finger Lakes region | Monroe County | Source sheet verification: Private
Perinton Golf and Country Club,,Fairport,,Semi-Private,https://countryclubofperinton.com/,quick18,http://perinton.quick18.com,yes,high,18-hole semi-private; completeness-pass add; booking not yet verified — Country Club of Perinton; own site Book a Tee-Time button points to Quick18; semi-private with public online booking | Finger Lakes region | Monroe County | Source sheet verification: VERIFIED
Ridgemont Country Club,,Rochester,,Private,,,,no,low,Finger Lakes region | Monroe County | Source sheet verification: Private
Salmon Creek Country Club,,Spencerport,,Public,https://www.salmoncreekcountryclub.com/,,,no,low,Pro shop 585-352-3664 | Finger Lakes region | Monroe County | Source sheet verification: NO_ONLINE
Shadow Lake Executive Course,,Penfield,,Executive/Par-3,https://www.shadowlakegolf.com/,chronogolf,https://chronogolf.com/club/10816,yes,high,Pro shop 585-385-2010 | 9-hole executive course at Shadow Lake Golf & Racquet Club (27 holes total with the 18); own site no online booking link resolved; 1850 Five Mile Line Rd — Own site surfaced no online booking link; 9-hole executive at Shadow Lake G&RC; engine unresolved — Same Shadow Lake club Chronogolf engine (10816); course selectable | Finger Lakes region | Monroe County | Source sheet verification: VERIFIED
Shadow Lake Golf Course,,Penfield,,Public,https://www.shadowlakegolf.com/,chronogolf,https://chronogolf.com/club/10816,yes,high,Pro shop 585-385-2010 | 18-hole regulation course (part of 27-hole Shadow Lake Golf & Racquet Club); own site surfaced no online booking link and not on TeeItUp; booking host unresolved; 1850 Five Mile Line Rd — Own site surfaced no online booking link; not on TeeItUp; engine unresolved (phone 585-385-2010 listed) — /tee-times booking widget loads Chronogolf club 10816 | Finger Lakes region | Monroe County | Source sheet verification: VERIFIED
Shadow Pines Golf Club,,Penfield,,Closed,,,,no,low,Finger Lakes region | Monroe County | Source sheet verification: Closed
The Links at Woodcliff,,Fairport,,Public,https://www.woodcliffgolf.com/,,,no,low,Pro shop 585-248-4880 | Finger Lakes region | Monroe County | Source sheet verification: NO_ONLINE
Webster Golf Club - East Course,,Webster,,Public,https://webstergolf.com/,other:eagleclubsystems,https://player.eagleclubsystems.online/#/tee-slot?dbname=webster20250415,yes,high,18 holes; one of two 18-hole loops (East and West) at a public-rate daily-fee facility; ownership (town vs private) unconfirmed; own site surfaced no resolvable online booking and not on TeeItUp; 440 Salt Rd — Own site Book link points to Eagle Club Systems; single booking system serves both East and West loops | Finger Lakes region | Monroe County | Source sheet verification: VERIFIED
Webster Golf Club - West Course,,Webster,,Public,https://webstergolf.com/,other:eagleclubsystems,https://player.eagleclubsystems.online/#/tee-slot?dbname=webster20250415,yes,high,18 holes; second of two 18-hole loops (East and West) public-rate daily-fee; ownership unconfirmed; online booking host not resolved; 440 Salt Rd — Own site Book link points to Eagle Club Systems; single booking system serves both East and West loops | Finger Lakes region | Monroe County | Source sheet verification: VERIFIED
Wild Wood Country Club,,Rush,,Public,https://wildwoodgolfclub.com/,clubcaddie,https://apimanager-cc29.clubcaddie.com/webapi/view/iefdabab,yes,high,Public daily-fee (18 holes); own website not reachable in sandbox (robots-blocked); booking host unresolved; coords approx to Rush — Former domain wildwoodgolfclub.com is parked/for-sale; no booking engine resolved this session — Current site golfwildwood.com (input wildwoodgolfclub.com is parked/for-sale); Book a tee time to Club Caddie | Finger Lakes region | Monroe County | Source sheet verification: VERIFIED
Big Oak Golf Course,,Geneva,,Executive/Par-3,bigoakgc.com,teequest,https://bookateetime.teequest.com/course/101,yes,high,Short/par-3 course with driving range; 33 Packwood Rd; geocodes to Ontario County; hole count and live booking unconfirmed (not driving-range-only per GolfNow course listing) — Short/par-3 course with range; no booking engine resolved; likely phone — Own site book-tee-time links to TeeQuest engine course 101; also bookable on GolfNow | Finger Lakes region | Ontario County | Source sheet verification: VERIFIED
Bristol Harbour Golf Club,,Canandaigua,,Resort,https://www.bristolharbour.com/,,,no,low,Pro shop (585) 396-2200 | Finger Lakes region | Ontario County | UNCONFIRMED platform hint: GolfNow (unconfirmed) —  | Source sheet verification: NO_ONLINE
Canandaigua Country Club,,Canandaigua,,Private,,,,no,low,Finger Lakes region | Ontario County | Source sheet verification: Private
CenterPointe Country Club,,Canandaigua,,Semi-Private,https://centerpointegolfclub.com/,,,no,low,Finger Lakes region | Ontario County | UNCONFIRMED platform hint: GolfNow (unconfirmed) —  | Source sheet verification: NO_ONLINE
Clifton Springs Country Club,,Clifton Springs,,Semi-Private,cliftonspringscc.com,,,no,low,Finger Lakes region | Ontario County | Source sheet verification: Private
Cobblestone Creek Country Club,,Victor,,Private,,,,no,low,Finger Lakes region | Ontario County | Source sheet verification: Private
Geneva Country Club,,Geneva,,Private,,,,no,low,Finger Lakes region | Ontario County | Source sheet verification: Private
Parkview Fairways Golf Club,,Victor,,Public,https://parkviewgc.com/,other:tee-on,https://www.tee-on.com/PubGolf/servlet/com.teeon.teesheet.servlets.golfersection.WebBookingSearchSteps?CourseCode=PARK&CourseGroupID=11881&FromCourseWebsite=true,yes,high,18-hole public daily-fee; 7100 Boughton Rd; booking platform not confirmed this session — Own site (parkviewgc.com) Book link points to Tee-On; CourseCode=PARK CourseGroupID=11881 | Finger Lakes region | Ontario County | Source sheet verification: VERIFIED
Ravenwood Golf Club,,Victor,,Public,https://www.ravenwoodgolf.com/,clubcaddie,https://apimanager-cc36.clubcaddie.com/webapi/view/iefdabab,yes,high,Pro shop (585) 924-5100 | 18-hole public daily-fee; 929 Lynaugh Rd; own site has a Book Online button but no foreup/chronogolf/teeitup/golfnow/teesnap link surfaced this session; engine unresolved — Own site Book Online button is JS-gated (could not resolve target); Chronogolf no-online-booking pin; GolfNow facility 4038 listed but engine not confirmed — Book Online to /tee-times; Club Caddie clubid 103448 | Finger Lakes region | Ontario County | Source sheet verification: VERIFIED
Reservoir Creek Golf Club,,Naples,,Public,,,,no,low,Pro shop (585) 374-8010 | Finger Lakes region | Ontario County | Source sheet verification: NO_ONLINE
Seneca Lake Country Club,,Geneva,,Private,,,,no,low,Finger Lakes region | Ontario County | Source sheet verification: Private
Victor Hills Golf Club - East Course,,Victor,,Public,https://www.victorhills.com/,foreup,https://foreupsoftware.com/index.php/booking/19508/1770#teetimes,yes,high,Pro shop (585) 924-0700 | 18-hole public at 1397 Brace Rd (separate pro shop 585-924-0700); booking via Victor Hills ForeUp portal; coords approx to Brace Rd facility | Finger Lakes region | Ontario County | Source sheet verification: VERIFIED
Victor Hills Golf Club - Executive Course,,Victor,,Executive/Par-3,https://www.victorhills.com/,foreup,https://foreupsoftware.com/index.php/booking/19508/1770#teetimes,yes,high,Pro shop (585) 924-3480 | 9-hole executive; part of Victor Hills facility (1450 Brace Rd); shares ForeUp portal | Finger Lakes region | Ontario County | Source sheet verification: VERIFIED
Victor Hills Golf Club - North Course,,Victor,,Public,https://www.victorhills.com/,foreup,https://foreupsoftware.com/index.php/booking/19508/1770#teetimes,yes,high,Pro shop (585) 924-3480 | 18-hole public; part of 63-hole Victor Hills facility (North/South/Executive at 1450 Brace Rd); own-site book link resolves to ForeUp; select course within portal | Finger Lakes region | Ontario County | Source sheet verification: VERIFIED
Victor Hills Golf Club - South Course,,Victor,,Public,https://www.victorhills.com/,foreup,https://foreupsoftware.com/index.php/booking/19508/1770#teetimes,yes,high,Pro shop (585) 924-3480 | 18-hole public; shares Victor Hills ForeUp portal (1450 Brace Rd); coords shared with facility clubhouse | Finger Lakes region | Ontario County | Source sheet verification: VERIFIED
Winged Pheasant Golf Links,,Shortsville,,Public,https://www.wingedpheasant.com/,,,no,low,Pro shop (585) 289-8846 | Finger Lakes region | Ontario County | Source sheet verification: NO_ONLINE
Fox Run Golf Course,,Reading Center,,Public,,golfnow,https://www.golfnow.com/tee-times/facility/7635-fox-run-golf-course/search,yes,high,Pro shop (607) 535-4413 | Small public course near Watkins Glen (Reading Center hamlet); NOT found in GolfNow directory this session so status uncertain (possibly closed/seasonal); coords approx to Reading Center; no address confirmed — Status uncertain (possibly closed/seasonal); not found in GolfNow directory; no address or booking confirmed — NY course near Rock Stream appears only in directories (GolfPass 9683); name collides with unrelated Fox Run courses in WI and IL; no own site resolved — Course in Rock Stream NY (Schuyler); bookable GolfNow facility 7635; distinct from the Johnstown Fox Run | Finger Lakes region | Schuyler County | Source sheet verification: VERIFIED
Watkins Glen Golf Course,,Watkins Glen,,Public,,,,no,low,Pro shop (607) 535-2340 | Finger Lakes region | Schuyler County | Source sheet verification: NO_ONLINE
Bonavista Golf Club,,Ovid,,Public,https://parks.ny.gov/visit/golf-courses/bonavista-state-park-golf-course,,,no,low,Pro shop (607) 869-9909 | Finger Lakes region | Seneca County | Source sheet verification: NO_ONLINE
Silver Creek Golf Club,,Waterloo,,Public,https://www.silvercreekgc.com/,other:tee-on,https://www.tee-on.com/PubGolf/servlet/com.teeon.teesheet.servlets.trail.TrailSearch?CourseGroupID=11152&CourseCode=SLVC&FromCourseWebsite=true,yes,high,"18-hole public; 1790 East River Rd; still listed active on GolfNow and address geocodes, but former domain silvercreekgolfclub.com is parked so booking engine unconfirmed — Own site (silvercreekgc.com) Book Online link points to Tee-On; CourseCode=SLVC CourseGroupID=11152 | Finger Lakes region | Seneca County | Source sheet verification: VERIFIED"
Bath Country Club,,Bath,,Semi-Private,https://www.bathcountryclub.net/,foreup,https://foreupsoftware.com/index.php/booking/22073/9766,yes,high,"Pro shop (607) 776-5043 | 18 holes (orig 9 in 1954, second 9 in 1994); member-founded club with public play; site reachable but booking method not confirmed — Own site (bathcountryclub.net) reachable but shows only history, no online booking engine; likely phone — Book A Tee Time to ForeUp 22073/9766 | Finger Lakes region | Steuben County | Source sheet verification: VERIFIED"
Corning Country Club,,Corning,,Private,,,,no,low,Finger Lakes region | Steuben County | Source sheet verification: Private
Hornell Country Club,,Hornell,,Semi-Private,hornellgolf.com,golfnow,https://www.golfnow.com/tee-times/facility/10711-hornell-golf-club/search,yes,high,Pro shop (607) 324-1735 | 18 holes; North Hornell; semi-private with public play; official site unreachable in sandbox; coords from USGS GNIS — Official site not reached (guessed domains unresolved); booking engine unconfirmed — Listed as Hornell Golf Club; bookable GolfNow facility 10711; own site hornellgolf.com has a book link too | Finger Lakes region | Steuben County | Source sheet verification: VERIFIED
Pinnacle State Park Golf Course,,Addison,,Public,,,,no,low,Pro shop (607) 359-2767 | Finger Lakes region | Steuben County | Source sheet verification: NO_ONLINE
Twin Hickory Golf Club,,Hornell,,Public,twinhickorygolfclub.com,foreup,https://foreupsoftware.com/index.php/booking/22383/10596,yes,high,Pro shop (607) 324-1441 | Public daily-fee near Hornell; official site TLS/cert broken so booking not verifiable; coords from USGS GNIS — Official site TLS/DNS unresolved; booking engine not verifiable this session — Own site twinhickorygolfclub.com robots/TLS blocked; only directory listings; online engine not confirmed — Own-site Tee Times and Book a Tee Time links resolve to ForeUp booking 22383/10596 | Finger Lakes region | Steuben County | Source sheet verification: VERIFIED
Country Club of Ithaca,,Ithaca,,Private,,,,no,low,Finger Lakes region | Tompkins County | Source sheet verification: Private
Hillendale Golf Course,,Ithaca,,Public,https://www.hillendale.com/,clubprophet,https://secure.east.prophetservices.com/HillendaleV3,yes,high,"18-hole public; 218 Applegate Rd N, Enfield; booking platform unconfirmed this session — Own site (hillendale.com/tee-times) Book link points to ClubProphet (Prophet Services) HillendaleV3 | Finger Lakes region | Tompkins County | Source sheet verification: VERIFIED"
Newman Municipal Golf Course,,Ithaca,,Municipal,cityofithacany.gov,,,no,low,Pro shop (607) 273-6262 | Finger Lakes region | Tompkins County | Source sheet verification: NO_ONLINE
Robert Trent Jones Golf Course at Cornell,,Ithaca,,Public,cornellgolf.com,,,no,low,Pro shop (607) 254-6531 | Finger Lakes region | Tompkins County | Source sheet verification: NO_ONLINE
Stonehedges Country Club,,Groton,,Semi-Private,https://www.stonehedgesgolfcourse.com/,clubprophet,https://sc.cps.golf/StonehedgeV3,yes,high,18-hole semi-private public-access; 549 Stevens Rd; Census no match so coords approx to SW of Groton; booking platform unconfirmed — Online tee times hosted on ClubProphet cps.golf (StonehedgeV3); semi-private public-access | Finger Lakes region | Tompkins County | Source sheet verification: VERIFIED
Trumansburg Golf Club,,Trumansburg,,Public,https://www.trumansburggolfclub.com/,other:simplybook,https://trumansburggolfclub.simplybook.me/,yes,high,"Pro shop (607) 387-8844 | 18-hole public; 23 Halsey St; own site books via SimplyBook.me (out-of-standard-list platform, recorded verbatim) | Finger Lakes region | Tompkins County | Source sheet verification: VERIFIED"
Blue Heron Hills Country Club,,West Walworth,,Semi-Private,https://blueheronhillsgc.com/,teeitup,https://the-golf-club-at-blue-heron-hills.book.teeitup.com/,yes,high,"18-hole (West Walworth, town of Walworth); official site blueheronhills.com is JS-rendered and did not surface a booking link; no street address confirmed so coords approx to West Walworth — Now branded The Golf Club at Blue Heron Hills (Macedon); own site (blueheronhillsgc.com) books via TeeItUp | Finger Lakes region | Wayne County | Source sheet verification: VERIFIED"
Brookwoods Country Club,,Ontario,,Semi-Private,,golfnow,https://www.golfnow.com/tee-times/facility/8272-the-brookwoods-country-club/search,yes,high,"18-hole; 2101 Country Club Ln, Ontario NY; booking platform unconfirmed this session — No official site domain resolved; booking engine unconfirmed this session — Bookable GolfNow facility 8272; also on Chronogolf | Finger Lakes region | Wayne County | Source sheet verification: VERIFIED"
Crooked Pines Golf Club,,Macedon,,Public,,golfnow,https://www.golfnow.com/tee-times/facility/8557-crooked-pines-golf-club/search,yes,high,9-hole public; 1148 Wayneport Rd (Wayneport); booking platform unconfirmed this session — 9-hole public; no official site or booking engine resolved this session — Bookable GolfNow facility 8557 (also TeeOff/Chronogolf) | Finger Lakes region | Wayne County | Source sheet verification: VERIFIED
Erie Falcon Golf and Recreation,,Newark,,Closed,,,,no,low,Finger Lakes region | Wayne County | Source sheet verification: Closed
Greystone Golf Club,,Walworth,,Public,greystonelinks.com,golfnow,https://www.golfnow.com/tee-times/facility/4036-greystone-golf-club/search,yes,high,18-hole public daily-fee; 1400 Atlantic Ave; guessed domains greystonegolf.com/greystonegolfclub.com are parked so official site/booking unconfirmed — Guessed domains parked/unresolved; official site and booking engine unconfirmed — Bookable GolfNow facility 4036 confirmed; own site greystonelinks.com also has tee-times page | Finger Lakes region | Wayne County | Source sheet verification: VERIFIED
Port Bay Golf Club,,Wolcott,,Public,portbaygc.com,golfnow,https://www.golfnow.com/tee-times/facility/8867-port-bay-golf-club/search,yes,high,9-hole public; 7430 East Port Bay Rd near Sodus Bay; booking platform unconfirmed this session — 9-hole public; no official site or booking engine resolved this session — Bookable GolfNow facility 8867; own site portbaygc.com exists | Finger Lakes region | Wayne County | Source sheet verification: VERIFIED
Sodus Bay Heights Golf Club,,Sodus Point,,Semi-Private,https://www.sodusbayheights.com/,,,no,low,Pro shop (315) 483-6777 | Finger Lakes region | Wayne County | Source sheet verification: NO_ONLINE
Taranwould Golf Course,,Newark,,Closed,,,,no,low,Finger Lakes region | Wayne County | Source sheet verification: Closed
Wayne Hills Country Club,,Lyons,,Private,,,,no,low,Finger Lakes region | Wayne County | Source sheet verification: Private
Lakeside Country Club,,Penn Yan,,Semi-Private,lccpy.com,,,no,low,Pro shop (315) 536-7252 | Finger Lakes region | Yates County | Source sheet verification: NO_ONLINE
Majestic Hills Golf Course,,Naples,,Public,https://www.majestichillsgolf.com/,foreup,https://foreupsoftware.com/index.php/booking/20239/4398,yes,high,18-hole public; 3195 Shay Rd in town of Italy (Yates County); still listed on GolfNow; status and booking not fully confirmed this session — Own site (majestichillsgolf.com) Book Online link points to ForeUp booking 20239/4398 | Finger Lakes region | Yates County | Source sheet verification: VERIFIED
Belden Hill Golf Course,,Harpursville,,Public,https://beldenhillgolf.com/,teesnap,https://beldenhillgolf.teesnap.net,yes,high,Pro shop (607) 693-3257 | Public on NYS Rte 7; open to public with memberships; own-site Book link resolves to Teesnap | Southern Tier region | Broome County | Source sheet verification: VERIFIED
Binghamton Country Club,,Endwell,,Private,https://www.binghamtoncountryclub.com/,,,no,low,Pro shop (607) 797-5828 | Southern Tier region | Broome County | Source sheet verification: Private
Chenango Valley State Park Golf Course,,Chenango Forks,,Public,https://parks.ny.gov/golf-courses/20/details.aspx,foreup,https://foreupsoftware.com/index.php/booking/19760/2445#/teetimes,yes,high,Pro shop (607) 648-9700 | 18 holes; NY State Park daily-fee; own-site Reserve link resolves to ForeUp | Southern Tier region | Broome County | Source sheet verification: VERIFIED
Conklin Players Club,,Conklin,,Public,,teeitup,https://conklin-players-club.book.teeitup.com/,yes,high,Public daily-fee in Conklin; TeeItUp subdomain resolves to live tee-times SPA (course operating) | Southern Tier region | Broome County | Source sheet verification: VERIFIED
Dimmock Hill Golf Course,,Binghamton,,Public,https://dimmockhillgolf.com/,,,no,low,Pro shop (607) 729-5511 | Southern Tier region | Broome County | Source sheet verification: NO_ONLINE
Ely Park Municipal Golf Course,,Binghamton,,Municipal,,teeitup,https://ely-park-golf-course.book.teeitup.com/,yes,high,27 holes (18+9); City of Binghamton municipal; TeeItUp subdomain resolves to live tee-times SPA; old elyparkgolf.com domain expired | Southern Tier region | Broome County | Source sheet verification: VERIFIED
En-Joie Golf Club,,Endicott,,Municipal,https://enjoiegolf.com/,clubprophet,https://sc.cps.golf/EnjoieV3,yes,high,Pro shop (607) 785-1661 | 18 holes; Village of Endicott owned (former BC Open/Dick's Open PGA venue); own-site Book resolves to ClubProphet cps.golf | Southern Tier region | Broome County | Source sheet verification: VERIFIED
Endwell Greens Golf Club,,Endwell,,Public,https://www.endwellgreens.com/,,,no,low,Pro shop (607) 785-4653 | Southern Tier region | Broome County | Source sheet verification: NO_ONLINE
Fire Fox Golf Course,,Glen Aubrey,,Public,https://www.firefoxresorts.com/,,,no,low,Pro shop 607-692-4440 | Southern Tier region | Broome County | Source sheet verification: NO_ONLINE
Ford Hill Country Club,,Whitney Point,,Semi-Private,,teeitup,https://ford-hill-country-club.book.teeitup.com/,yes,high,Semi-private with public play near Whitney Point; TeeItUp subdomain resolves to live tee-times SPA | Southern Tier region | Broome County | Source sheet verification: VERIFIED
Golden Oaks Golf Club,,Windsor,,Public,https://goldenoakgolfcourse.com/,golfnow,https://www.golfnow.com/tee-times/facility/7982-golden-oaks-golf-club/search,yes,high,Pro shop 607-655-3217 | Public course in South Windsor NY (not the Fleetwood PA club of same name); site not confirmed; coords from USGS GNIS — Site not confirmed; booking not confirmed — Own site goldenoakgolfcourse.com has no direct engine; bookable via GolfNow facility 7982 | Southern Tier region | Broome County | Source sheet verification: VERIFIED
River Run II Golf Links,,Kirkwood,,Closed,,,,no,low,Southern Tier region | Broome County | Source sheet verification: Closed
Scott's Golf Course,,Deposit,,Closed,https://scottsfamilyresort.com/,,,no,low,Pro shop 607-467-3094 | Southern Tier region | Broome County | Source sheet verification: Closed
Traditions at the Glen,,Johnson City,,Resort,https://traditionsresort.com/,teeitup,https://traditions-at-the-glen.book.teeitup.com/,yes,high,"18-hole championship (John Van Kleek 1937, former IBM CC); resort with lodging; TeeItUp subdomain resolves to live tee-times SPA; coords approx | Southern Tier region | Broome County | Source sheet verification: VERIFIED"
Vestal Hills Country Club,,Vestal,,Public,vestalhillscountryclub.com (dead),,,no,low,Pro shop (607) 723-7579 | Southern Tier region | Broome County | Source sheet verification: NO_ONLINE
Afton Golf Club,,Afton,,Public,https://www.aftongolf.com/,,,no,low,Pro shop 607-639-2454 | Southern Tier region | Chenango County | Source sheet verification: NO_ONLINE
Blue Stone Golf Course,,Oxford,,Public,http://www.bluestonegolf.com/,,,no,low,Pro shop 607-843-8352 | Southern Tier region | Chenango County | Source sheet verification: NO_ONLINE
Canasawacta Country Club,,Norwich,,Semi-Private,canasawactacc.com,teesnap,https://canasawactacc.teesnap.net/,yes,high,"Pro shop 607-336-9214 | Semi-private (~350 members, open to public) at 261 County Rd 44 Norwich; no booking link found on site — Own site has no booking link; semi-private (open to public); booking method unconfirmed — Domain does not resolve (NXDOMAIN); site offline — Live Teesnap booking engine with real bookable tee times and RESERVE buttons; real site is canasawactacc.com (input domain was dead) | Southern Tier region | Chenango County | Source sheet verification: VERIFIED"
Genegantslet Golf Club,,Greene,,Semi-Private,https://www.gennygolf.com/,other:native,https://www.gennygolf.com/teetimebooking,yes,high,Pro shop (607) 656-8191 | Genny; semi-private public-welcome at 686 State Hwy 12 Greene; own-site tee-time booking page live (embedded platform unidentified) | Southern Tier region | Chenango County | Source sheet verification: VERIFIED
Mountain Top Golf Course,,Columbus,,Public,,,,no,low,Pro shop (607) 674-4005 | Southern Tier region | Chenango County | Source sheet verification: NO_ONLINE
Riverbend Golf Course,,Coventry,,Public,,,,no,low,Southern Tier region | Chenango County | Source sheet verification: UNVERIFIED
Delhi College Golf Course,,Delhi,,Public,https://golfcourse.delhi.edu/,teesnap,https://collegegolfcourseatdelhi.teesnap.net/,yes,high,"SUNY Delhi college course, open to public; official golf page not reachable; booking likely phone; coords from USGS GNIS — SUNY Delhi college course; booking likely phone; official page not reachable — SUNY Delhi public 18-hole; Teesnap booking portal; own site golfcourse.delhi.edu | Southern Tier region | Delaware County | Source sheet verification: VERIFIED"
French Woods Golf and Country Club,,Hancock,,Public,https://frenchwoodsgolf.com/,,,no,low,Pro shop 607-637-1800 | Southern Tier region | Delaware County | Source sheet verification: NO_ONLINE
Hanah Country Resort Golf Course,,Margaretville,,Resort,https://www.hanahcountryresort.com/,,,no,low,Pro shop 845-586-4849 | Southern Tier region | Delaware County | Source sheet verification: NO_ONLINE
Hancock Golf Course,,Hancock,,Public,https://hancockgolfandcountryclub.com/,,,no,low,Pro shop 607-637-2480 | Southern Tier region | Delaware County | Source sheet verification: NO_ONLINE
Hardwood Hills Golf Course,,Sidney Center,,Public,https://hardwoodhillsgolfcourse.com/,,,no,low,Pro shop 607-467-1031 | Southern Tier region | Delaware County | Source sheet verification: NO_ONLINE
Ouleout Creek Golf Course,,Franklin,,Public,https://ouleoutgolf.com/,,,no,low,Pro shop 607-829-2100 | Southern Tier region | Delaware County | Source sheet verification: NO_ONLINE
Sidney Golf and Country Club,,Sidney,,Semi-Private,,,,no,low,Pro shop 607-563-8381 | Southern Tier region | Delaware County | Source sheet verification: Private
Stamford Golf Club,,Stamford,,Semi-Private,https://www.stamfordgolfclub.com/,foreup,https://foreupsoftware.com/index.php/booking/22702#/teetimes,yes,high,Pro shop (607) 652-7398 | 18 holes at 163 Taylor Rd Stamford; memberships plus public play; own-site Book resolves to ForeUp | Southern Tier region | Delaware County | Source sheet verification: VERIFIED
Apalachin Golf Course,,Apalachin,,Public,,,,no,low,Pro shop 607-625-2682 | Southern Tier region | Tioga County | Source sheet verification: NO_ONLINE
Catatonk Golf Course,,Candor,,Public,http://www.catatonkgolfclub.com/,,,no,low,Pro shop 607-659-4600 | Southern Tier region | Tioga County | Source sheet verification: NO_ONLINE
Grandview Farms Golf Course,,Berkshire,,Public,,golfnow,https://www.golfnow.com/tee-times/facility/7981-grandview-farms-golf-course/search,yes,high,Public course near Berkshire; official site not located; booking not confirmed; coords from USGS GNIS — Not searched this session (search budget cap); no site located previously — Bookable GolfNow facility 7981; 400 Hartwell Rd Berkshire | Southern Tier region | Tioga County | Source sheet verification: VERIFIED
Hollybrook Country Club,,Spencer,,Public,https://www.hollybrookcc.com,,,no,low,Pro shop 607-589-4431 | Southern Tier region | Tioga County | Source sheet verification: NO_ONLINE
Newark Valley Golf Club,,Newark Valley,,Public,https://newarkvalleygolfclub.com,,,no,low,Pro shop 607-642-3376 | Southern Tier region | Tioga County | Source sheet verification: NO_ONLINE
Shepard Hills Golf Course,,Waverly,,Semi-Private,https://shepardhills.com/,other:native,https://shepardhills.com/post.php?pid=49,yes,high,Pro shop (607) 565-9500 | Course at 17 Chemung St Waverly; own-site tee-time REQUEST form (not real-time engine); memberships/leagues | Southern Tier region | Tioga County | Source sheet verification: VERIFIED
The Links at Hiawatha Landing,,Apalachin,,Public,,teeitup,https://the-links-at-hiawatha.book.teeitup.com/,yes,high,18-hole public links at 2350 Marshland Rd (town of Owego); TeeItUp subdomain resolves to live tee-times SPA | Southern Tier region | Tioga County | Source sheet verification: VERIFIED
Tioga Country Club,,Nichols,,Public,https://tiogadowns.com/golfclub/,,,no,low,Pro shop (888) 946-8464 | Southern Tier region | Tioga County | Source sheet verification: NO_ONLINE
Evergreen Golf Course,,Little Genesee,,Public,,,,no,low,Western New York region | Allegany County | Source sheet verification: UNVERIFIED
Twin Hickory Golf Course,,Hunt,,Public,https://www.twinhickory.com/,foreup,https://foreupsoftware.com/index.php/booking/22383/10596,yes,high,"Public daily-fee course; site twinhickory.com resolves but TLS/robots blocked; COUNTY UNCERTAIN - Hunt NY (town of Portage) may fall in Livingston County (Finger Lakes) rather than Allegany - verify before use; coords approx — Correct site is twinhickorygolfclub.com (Joomla); input domain twinhickory.com has TLS mismatch; no online booking engine surfaced, likely phone; GolfNow shows profile only not a bookable facility — Correct site twinhickorygolfclub.com; Book a Tee Time to ForeUp 22383/10596 | Western New York region | Allegany County | Source sheet verification: VERIFIED"
Wellsville Country Club,,Wellsville,,Semi-Private,,,,no,low,Western New York region | Allegany County | Source sheet verification: NO_ONLINE
Wing Hollow Country Club,,Bolivar,,Public,,,,no,low,Pro shop (585) 928-1266 | Western New York region | Allegany County | Source sheet verification: NO_ONLINE
Bartlett Country Club,,Olean,,Semi-Private,bartlettcountryclub.com,foreup,https://foreupsoftware.com/index.php/booking/20416,yes,high,Pro shop (716) 372-5175 | 18-hole semi-private (public welcome) in Olean; official site not reachable this session; booking unconfirmed; coords approx to Olean — Official site not reachable; booking unconfirmed — Own site golf page links to ForeUp booking 20416 (may require member login; site describes private membership club) | Western New York region | Cattaraugus County | Source sheet verification: VERIFIED
Birch Run Country Club,,Allegany,,Public,,,,no,low,Pro shop (716) 373-3113 | Western New York region | Cattaraugus County | Source sheet verification: NO_ONLINE
Cardinal Hills Golf Course,,Randolph,,Public,cardinalhillsny.com,,,no,low,Pro shop (716) 358-5409 | Western New York region | Cattaraugus County | Source sheet verification: NO_ONLINE
Cattaraugus Country Club,,Cattaraugus,,Semi-Private,,,,no,low,Western New York region | Cattaraugus County | Source sheet verification: UNVERIFIED
Double Black Diamond Golf Course,,Ellicottville,,Resort,https://holidayvalley.com/golf/,,,no,low,Pro shop (716) 699-2345 | Western New York region | Cattaraugus County | Source sheet verification: NO_ONLINE
Elkdale Country Club,,Salamanca,,Semi-Private,https://elkdalecc.com/,clubprophet,https://elkdalecc.cps.golf/,yes,high,Pro shop (716) 945-5553 | 18-hole par 70 6132 yds; semi-private open to public 7 days; site confirms an online tee sheet (members book 10 days out public 5 days out) but the booking platform behind the JS button was not identifiable; 4676 Route 353 geocoded — Own site elkdalecc.com has an online booking link that requires Sign in; JS-rendered engine not identifiable and no Chronogolf/GolfNow slug found — /tee-times embeds elkdalecc.cps.golf; live tee sheet confirmed | Western New York region | Cattaraugus County | Source sheet verification: VERIFIED
Ischua Valley Country Club,,Franklinville,,Semi-Private,https://www.ischuavalleycc.com,,,no,low,Pro shop (716) 676-3630 | Western New York region | Cattaraugus County | Source sheet verification: NO_ONLINE
Saint Bonaventure University Golf Club,,Saint Bonaventure,,Public,sbu.edu,,,no,low,Pro shop (716) 372-7692 | Western New York region | Cattaraugus County | Source sheet verification: NO_ONLINE
Bemus Point Golf Club,,Bemus Point,,Public,bemustaphouse.com,,,no,low,Pro shop (716) 386-2893 | Western New York region | Chautauqua County | Source sheet verification: NO_ONLINE
Cassadaga Country Club,,Cassadaga,,Public,https://www.cassadagacountryclub.com/,,,no,low,Pro shop (716) 595-3003 | Western New York region | Chautauqua County | Source sheet verification: NO_ONLINE
Chautauqua Golf Club - Hill Course,,Chautauqua,,Public,,chronogolf,https://www.chronogolf.com/club/chautauqua-institution-golf-club,yes,high,Pro shop (716) 357-6211 | 18-hole Hill Course (one of two 18s) operated by Chautauqua Institution; open to public; own site (chautauquagolfclub.com) does not resolve and Wikipedia is cache-only so booking unconfirmed; coords approx to Chautauqua — Chronogolf institution-level slug covers both loops; bookable-state needs browser; GolfNow facility 13770 for Hill Course — Live Chronogolf; real tee times shown in browser (from $42); Hill+Lake share club | Western New York region | Chautauqua County | Source sheet verification: VERIFIED
Chautauqua Golf Club - Lake Course,,Chautauqua,,Public,,chronogolf,https://www.chronogolf.com/club/chautauqua-institution-golf-club,yes,high,Pro shop (716) 357-6211 | 18-hole Lake Course (second of the two loops) at Chautauqua Institution; open to public; booking engine unconfirmed; shares clubhouse with Hill Course; coords approx — Chronogolf institution-level slug covers both loops; bookable-state needs browser; GolfNow facility 13769 for Lake Course — Live Chronogolf; real tee times shown in browser (from $42); Hill+Lake share club | Western New York region | Chautauqua County | Source sheet verification: VERIFIED
Maplehurst Country Club,,Frewsburg,,Semi-Private,maplehurstcountryclubwny.com,,,no,low,Pro shop (716) 763-1225 | Western New York region | Chautauqua County | Source sheet verification: NO_ONLINE
Moon Brook Country Club,,Jamestown,,Private,https://www.moonbrookcc.com/,,,no,low,Pro shop (716) 484-1787 | Western New York region | Chautauqua County | Source sheet verification: Private
Peek'n Peak Resort - Lower Course,,Findley Lake,,Resort,https://www.pknpk.com/,ezlinks,https://pknpk.ezlinksgolf.com/index.html,yes,high,"Pro shop (716) 355-4141 | Second 18 of the resort's 36 holes (36-hole total confirmed via Wikipedia); booking engine unconfirmed; coords approx to Findley Lake/Clymer — Chronogolf resort-level slug covers the 36 holes; bookable-state needs browser; GolfNow facility 6051 present — Chronogolf listing is a phone-only placeholder (browser-confirmed); engine may have migrated, own-site check pending — Same EZLinks engine covers both Peek'n Peak courses; migrated off Chronogolf | Western New York region | Chautauqua County | Source sheet verification: VERIFIED"
Peek'n Peak Resort - Upper Course,,Findley Lake,,Resort,https://www.pknpk.com/,ezlinks,https://pknpk.ezlinksgolf.com/index.html,yes,high,"Pro shop (716) 355-4141 | Championship-caliber par 72 bentgrass course (one of the resort's 36 holes); has hosted Korn Ferry Tour events; site says tee times require advance credit-card guarantee (online engine not surfaced); 1405 Olde Rd not geocodable so coords approx to Findley Lake/Clymer — Chronogolf resort-level slug covers the 36 holes; bookable-state needs browser; GolfNow facility 6051 present — Chronogolf listing is a phone-only placeholder (browser-confirmed); engine may have migrated, own-site check pending — Own Book Tee Times Online link resolves to EZLinks; migrated off Chronogolf | Western New York region | Chautauqua County | Source sheet verification: VERIFIED"
Shorewood Country Club,,Dunkirk,,Private,,,,no,low,Pro shop (716) 366-2582 | Western New York region | Chautauqua County | Source sheet verification: Private
South Hills Country Club,,Jamestown,,Semi-Private,,golfnow,https://www.golfnow.com/tee-times/facility/7299-south-hills-country-club/search,yes,high,18-hole semi-private in the Jamestown area; official site returned empty body; booking unconfirmed; coords approx to Jamestown — Bookable GolfNow facility 7299; also on Chronogolf | Western New York region | Chautauqua County | Source sheet verification: VERIFIED
Sugar Hill Golf Course,,Brocton,,Closed,,,,no,low,"Western New York region | Chautauqua County | Source sheet verification: UNVERIFIED | PERMANENTLY CLOSED (verified 2026-08-19): 2026 local coverage (Post-Journal July 2026, Observer Today April 2026) describes the 44-acre site at 7060 East Lake Rd as 'the site of the former Sugar Hill Golf Course'. Owned by WEED Inc. via The Four Winds of Lake Erie LLC, pursuing an AI data centre; the Portland town board passed a supporting resolution in March 2026. GolfPass, GolfNow and iloveny are stale."
Arrowhead Golf Club,,Akron,,Public,https://arrowheadwny.com/,teesnap,https://arrowheadwny.teesnap.net/,yes,high,Daily-fee; Akron (Town of Newstead); online booking not confirmed — Own site arrowheadwny.com Book Tee Times button points to Teesnap | Western New York region | Erie County | Source sheet verification: VERIFIED
Audubon Golf Course,,Amherst,,Municipal,https://www.audubonamherstgolf.com/,teeitup,https://audubon-golf-course.book.teeitup.golf/,yes,high,18 holes; Town of Amherst municipal on Maple Rd; booking not confirmed; coords approx — Own site audubonamherstgolf.com Book button uses TeeItUp (.golf TLD); Town of Amherst muni | Western New York region | Erie County | Source sheet verification: VERIFIED
Beaver Island State Park Golf Course,,Grand Island,,Public,https://parks.ny.gov/golf-courses/,chronogolf,https://www.chronogolf.com/club/beaver-island-state-park-golf-club,yes,high,18 holes; NY State Park on Grand Island; Chronogolf page shows live Reserve/Tee-times flow | Western New York region | Erie County | Source sheet verification: VERIFIED
Boston Hills Country Club,,Boston,,Semi-Private,,,,no,low,Western New York region | Erie County | Source sheet verification: UNVERIFIED
Brierwood Country Club,,Hamburg,,Semi-Private,brierwoodcc.com,golfnow,https://www.golfnow.com/tee-times/facility/4302-brierwood-country-club/search,yes,high,18-hole semi-private; completeness-pass add; booking not yet verified; coords approx — Domain not located on guesses; semi-private; booking not confirmed — Bookable GolfNow facility 4302; own site brierwoodcc.com | Western New York region | Erie County | Source sheet verification: VERIFIED
Brighton Park Golf Course,,Tonawanda,,Municipal,https://www.brightonparkgc.com/,other:chelsea,https://tonawanda.chelseareservations.com/,yes,high,18 holes; Town of Tonawanda municipal; online booking not confirmed — Own site brightonparkgc.com Tee Time Reservation button points to Chelsea Reservations (Town of Tonawanda muni); non-standard platform | Western New York region | Erie County | Source sheet verification: VERIFIED
Brookfield Country Club,,Clarence,,Private,,,,no,low,Western New York region | Erie County | Source sheet verification: Private
Buffalo Tournament Club,,Lancaster,,Public,btcgolf.com,golfnow,https://www.golfnow.com/tee-times/facility/13903-buffalo-tournament-club/search,yes,high,Pro shop (716) 681-4653 | 18 holes; daily-fee (former Bob-O-Link); Lancaster area; booking not confirmed; coords approx — Domain not found on guesses (former Bob-O-Link); booking not located within search budget — Bookable GolfNow facility 13903; own site btcgolf.com also has online tee-time link | Western New York region | Erie County | Source sheet verification: VERIFIED
Cazenovia Golf Course,,Buffalo,,Municipal,https://www.bfloparks.org/golf/,chronogolf,https://www.chronogolf.com/club/cazenovia-park,yes,high,Pro shop 716-823-1517 | 9 holes; City of Buffalo municipal in Cazenovia Park; booking not confirmed; coords approx — Olmsted Parks official page names Chronogolf exclusive; Cazenovia pro shop line | Western New York region | Erie County | Source sheet verification: VERIFIED
Concord Crest Golf Course,,East Concord,,Public,https://www.concordcrest.com/,foreup,https://foreupsoftware.com/index.php/booking/22404/10696,yes,high,18-hole public; completeness-pass add; booking not yet verified — Own site concordcrest.com loads but landing page has no booking link; /tee-times robots-blocked; platform unconfirmed — Tee Times to ForeUp 22404/10696 | Western New York region | Erie County | Source sheet verification: VERIFIED
Country Club of Buffalo,,Williamsville,,Private,,,,no,low,Western New York region | Erie County | Source sheet verification: Private
Crag Burn Golf Club,,East Aurora,,Private,,,,no,low,Western New York region | Erie County | Source sheet verification: Private
Dande Farms Country Club,,Akron,,Public,https://dandefarmsgolf.com/,clubprophet,https://dandefarms.cps.golf/,yes,high,18-hole public; completeness-pass add; booking not yet verified — Own site dandefarmsgolf.com Book a Tee Time uses ClubProphet (cps.golf); Chronogolf listing is placeholder; an older Teesnap page also indexed but own site points to cps.golf | Western New York region | Erie County | Source sheet verification: VERIFIED
Delaware Park Golf Course,,Buffalo,,Municipal,https://www.bfloparks.org/golf/,chronogolf,https://www.chronogolf.com/club/delaware-park-course,yes,high,Pro shop 716-835-2533 | 18-hole short course in Delaware Park; City of Buffalo municipal (Olmsted park); online booking not confirmed — Buffalo Olmsted Parks official golf page names Chronogolf as the exclusive online reservation system; reserve before arrival | Western New York region | Erie County | Source sheet verification: VERIFIED
Diamond Hawk Golf Course,,Cheektowaga,,Public,https://diamondhawk.com/,quick18,https://diamondhawk.quick18.com/teetimes/searchmatrix,yes,high,Pro shop 716-651-0700 | 18 holes; daily-fee; own-site tee-time booking sits behind bot protection so platform not confirmed; coords approx — Own tee-time policy page names Quick18 as tee-time partner; Quick18 subdomain confirmed live via search | Western New York region | Erie County | Source sheet verification: VERIFIED
East Aurora Country Club,,East Aurora,,Private,,,,no,low,Western New York region | Erie County | Source sheet verification: Private
Eden Valley Golf Course,,Eden,,Public,http://www.edenvalleygolf.com/,foreup,https://foreupsoftware.com/index.php/booking/22506/11022,yes,high,18 holes; daily-fee on Sisson Hwy; online booking not confirmed — Own site edenvalleygolf.com has a reserve-a-tee-time.html page but TLS cert invalid and platform behind JS; Chronogolf listing is placeholder; needs browser — Own site links to ForeUp 22506/11022 (also legacy 18849/486) | Western New York region | Erie County | Source sheet verification: VERIFIED
Elma Meadows Golf Course,,Elma,,Municipal,https://www3.erie.gov/parks/golf,chronogolf,https://www.chronogolf.com/club/elma-meadows-golf-course,yes,high,18 holes par 70; Erie County Parks course; county confirms Chronogolf tee-time system on erie.gov; seasonal approx Apr-Nov | Western New York region | Erie County | Source sheet verification: VERIFIED
Fox Valley Golf Club,,Lancaster,,Public,foxvalleyclub.com,golfnow,https://www.golfnow.com/tee-times/facility/17728-the-fox-valley-club/search,yes,high,18 holes; daily-fee on Ransom Rd; online booking not confirmed — foxvalleygolf.com now redirects to Full Send Fitness indoor simulators; course/booking status unclear — Active as The Fox Valley Club (not closed); bookable GolfNow facility 17728; own site foxvalleyclub.com | Western New York region | Erie County | Source sheet verification: VERIFIED
Glen Oak Golf Course,,East Amherst,,Public,https://www.glenoak.com/,golfnow,https://www.golfnow.com/tee-times/facility/17863-glen-oak-golf-club-ny/search,yes,high,Pro shop 716-688-5454 | 18 holes; daily-fee; Chronogolf directory page is a no-online-booking placeholder; own site glenoak.com is source of truth — Chronogolf listing is a no-online-booking placeholder; GolfNow facility 17863 confirmed bookable (own-site button href not directly captured) | Western New York region | Erie County | Source sheet verification: VERIFIED
Gowanda Country Club,,Collins,,Semi-Private,https://www.gowandacc.com/,,,no,low,Pro shop 716-337-2100 | Western New York region | Erie County | Source sheet verification: NO_ONLINE
Grandview Golf Club,,Angola,,Public,https://www.grandviewbaygolfcourse.com/,,,no,low,Western New York region | Erie County | Source sheet verification: NO_ONLINE
Grover Cleveland Golf Course,,Amherst,,Municipal,https://www3.erie.gov/parks/golf,chronogolf,https://www.chronogolf.com/club/grover-cleveland-golf-course,yes,high,18 holes par 69; Erie County Parks course on Main St at Buffalo-Amherst line; Chronogolf confirmed on erie.gov | Western New York region | Erie County | Source sheet verification: VERIFIED
Lancaster Country Club,,East Aurora,,Private,,,,no,low,Western New York region | Erie County | Source sheet verification: Private
Orchard Park Country Club,,Orchard Park,,Private,,,,no,low,Western New York region | Erie County | Source sheet verification: Private
Park Country Club,,Williamsville,,Private,,,,no,low,Western New York region | Erie County | Source sheet verification: Private
River Oaks Golf Club,,Grand Island,,Public,https://www.riveroaksgolfclub.net/,teeitup,https://river-oaks-golf-club.book.teeitup.golf/,yes,high,18 holes; daily-fee on Grand Island; online booking not confirmed — Chronogolf listing is a no-online-booking placeholder; own site riveroaksgolfclub.net uses TeeItUp | Western New York region | Erie County | Source sheet verification: VERIFIED
Rothland Golf Course,,Akron,,Public,rothlandsgolf.com,clubcaddie,https://apimanager-cc36.clubcaddie.com/webapi/view/hcfdabab,yes,high,Pro shop (716) 542-4325 | 27 holes (three nines); daily-fee; Akron; online booking not confirmed — Primary domain rothlandgolf.com is parked/for-sale; online booking not located within search budget — Own site book-a-tee-time links to Club Caddie engine; also bookable on GolfNow facility 4039 | Western New York region | Erie County | Source sheet verification: VERIFIED
Sheridan Park Golf Course,,Tonawanda,,Municipal,https://www3.erie.gov/parks/golf,chronogolf,https://www.chronogolf.com/club/sheridan-park-golf-course,yes,high,Pro shop 716-875-1811 | 18 holes; Erie County Parks course; county confirms Chronogolf on erie.gov though club snapshot showed no live times (off-hours/seasonal) | Western New York region | Erie County | Source sheet verification: VERIFIED
South Park Golf Course,,Buffalo,,Municipal,https://www.bfloparks.org/golf/,chronogolf,https://www.chronogolf.com/club/south-park-golf-course,yes,high,Pro shop 716-609-2004 | 9 holes; City of Buffalo municipal in South Park; booking not confirmed; coords approx — Olmsted Parks official page names Chronogolf exclusive; South Park pro shop line | Western New York region | Erie County | Source sheet verification: VERIFIED
South Shore Country Club,,Hamburg,,Semi-Private,southshoregolfcourse.com,,,no,low,Pro shop (716) 649-6674 | Western New York region | Erie County | Source sheet verification: NO_ONLINE
Springville Country Club,,Springville,,Semi-Private,springvillecc.com,,,no,low,Pro shop (716) 401-2226 | Western New York region | Erie County | Source sheet verification: NO_ONLINE
Transit Valley Country Club,,East Amherst,,Private,,,,no,low,Western New York region | Erie County | Source sheet verification: Private
Wanakah Country Club,,Hamburg,,Private,,,,no,low,Western New York region | Erie County | Source sheet verification: Private
Westwood Country Club,,Williamsville,,Closed,,,,no,low,Western New York region | Erie County | Source sheet verification: Closed
Batavia Country Club,,Batavia,,Public,https://www.bataviacc.com/,teeitup,https://batavia-country-club.book.teeitup.com/,yes,high,"Pro shop (585) 343-7600 | 18-hole public daily-fee; site is JS-rendered (only meta reachable) so booking engine not extractable; coords approx to Batavia — Chronogolf slug found; bookable-state needs browser; GolfNow facility 4033 also present as reseller — Chronogolf listing is a phone-only placeholder (browser-confirmed); engine may have migrated, own-site check pending — Own site Book button resolves to TeeItUp; migrated off Chronogolf | Western New York region | Genesee County | Source sheet verification: VERIFIED"
Chestnut Hill Country Club,,Darien Center,,Public,https://www.chestnuthillgolf.com/,clubprophet,https://www.chestnuthillgolf.com/book-a-tee-time,yes,high,"Pro shop (585) 547-9699 | 18 holes par 72 6653 yds; family-owned public 20 min E of Buffalo; site has a tee-time booking interface but third-party platform not identified; 1330 Broadway Rd geocoded — Chronogolf slug found; own book-a-tee-time page shows Chronogolf-style location/date/holes/players widget; bookable-state needs browser — Chronogolf listing is a phone-only placeholder (browser-confirmed); engine may have migrated, own-site check pending — Own book page hosts a live Club Prophet booking widget; management-software page names Club Prophet; migrated off Chronogolf | Western New York region | Genesee County | Source sheet verification: VERIFIED"
Le Roy Country Club,,Le Roy,,Public,https://leroycc.com/,foreup,,yes,high,Pro shop (585) 768-7015 | 18-hole public; 7759 E Main Rd; own booking page names ForeUP Software as the tee-sheet engine (exact foreupsoftware URL not extractable from JS button) | Western New York region | Genesee County | Source sheet verification: VERIFIED
Stafford Country Club,,Stafford,,Private,,,,no,low,Pro shop (585) 343-4645 | Western New York region | Genesee County | Source sheet verification: Private
Terry Hills Golf Course,,Batavia,,Public,https://terryhills.com/,foreup,https://foreupsoftware.com/index.php/booking/22116/9862,yes,high,"Pro shop (585) 343-0860 | 27 holes (18 championship + 9 executive) plus banquet center; own site (terryhills.com) robots-blocked to fetch so booking engine unconfirmed; address 5122 Clinton Street Rd geocoded precisely — Chronogolf slug found; own site links to online tee times page; bookable-state needs browser; GolfNow facility 4041 also present — Chronogolf listing is a phone-only placeholder (browser-confirmed); engine may have migrated, own-site check pending — Own Book a Tee Time link resolves to ForeUp; migrated off Chronogolf | Western New York region | Genesee County | Source sheet verification: VERIFIED"
Deerwood Golf Course,,North Tonawanda,,Municipal,deerwoodgc.com,golfnow,https://www.golfnow.com/tee-times/facility/10548-deerwood-golf-course/search,yes,high,27 holes; City of North Tonawanda municipal on Sweeney St; booking not confirmed — City of North Tonawanda muni; domain not located; booking not confirmed within search budget — City of North Tonawanda municipal; bookable GolfNow facility 10548; own site deerwoodgc.com | Western New York region | Niagara County | Source sheet verification: VERIFIED
Hyde Park Golf Course,,Niagara Falls,,Municipal,https://www.golfhydepark.com/,other:chelsea,https://niagara.chelseareservations.com/,yes,high,City of Niagara Falls municipal on Porter Rd; historically 36 holes (two courses) not split here; booking not confirmed — Own site golfhydepark.com Book A Tee Time uses Chelsea Reservations (covers North and White courses); GolfNow facilities 16820/16821 also list it | Western New York region | Niagara County | Source sheet verification: VERIFIED
Joseph Davis State Park Golf Course,,Lewiston,,Closed,,,,no,high,Western New York region | Niagara County | Source sheet verification: VERIFIED
Lockport Town & Country Club,,Lockport,,Private,,,,no,low,Western New York region | Niagara County | Source sheet verification: Private
Niagara Falls Country Club,,Lewiston,,Private,,,,no,low,Western New York region | Niagara County | Source sheet verification: Private
Niagara Frontier Country Club,,Youngstown,,Semi-Private,,teesnap,https://niagarafrontier.teesnap.net/,yes,high,18-hole; completeness-pass add; booking not yet verified; coords approx — Domain not located; likely private/members; booking not confirmed — No own site or online engine resolved; likely private/members (not searched within budget) — Teesnap tee-times page confirmed; also site niagarafrontiergolfclub.com; 1055 Lake Rd Youngstown | Western New York region | Niagara County | Source sheet verification: VERIFIED
Niagara Orleans Country Club,,Middleport,,Semi-Private,noccgolf.com,,,no,low,Pro shop (716) 735-9000 | Western New York region | Niagara County | Source sheet verification: NO_ONLINE
Oak Run Golf Club,,Lockport,,Public,oakrungolf.com,,,no,low,Pro shop (716) 434-8851 | Western New York region | Niagara County | Source sheet verification: NO_ONLINE
Shawnee Country Club,,Sanborn,,Private,,,,no,low,Western New York region | Niagara County | Source sheet verification: Private
Tan Tara Golf Club,,North Tonawanda,,Public,https://www.tantaragc.com/,golfnow,https://www.golfnow.com/tee-times/facility/4040-tan-tara-golf-club/search,yes,high,Pro shop 716-694-0366 | 27 holes (three nines); daily-fee on Tonawanda Creek Rd; Chronogolf directory page is a no-online-booking placeholder — Chronogolf listing is placeholder; own site tantaragc.com robots-blocked; GolfNow facility 4040 confirmed bookable | Western New York region | Niagara County | Source sheet verification: VERIFIED
Willowbrook Golf Course,,Lockport,,Public,https://www.willowbrookwny.com/,foreup,https://foreupsoftware.com/index.php/booking/22794/12011,yes,high,27 holes; daily-fee on Lake Ave; online booking not confirmed — Own site willowbrookwny.com Book Your Tee Time button points to ForeUp (booking id 22794/12011) | Western New York region | Niagara County | Source sheet verification: VERIFIED
Harbour Pointe Country Club,,Kent,,Public,,,,no,low,Pro shop (716) 682-3922 | Western New York region | Orleans County | Source sheet verification: NO_ONLINE
Hickory Ridge Golf & Country Club,,Holley,,Public,https://www.hickoryridgegolf.com/,foreup,https://foreupsoftware.com/index.php/booking/19312/2649,yes,high,"Pro shop (585) 638-8083 | 18-hole public daily-fee; own site (hickoryridgegolf.com) robots-blocked so booking engine unconfirmed; 15816 Lynch Rd geocoded precisely — Chronogolf slug found; bookable-state needs browser; GolfNow facility 4037 present; alt site hickoryridgegolfresort.com — Chronogolf listing is a phone-only placeholder (browser-confirmed); engine may have migrated, own-site check pending — Old domain hickoryridgegolf.com is dead (NXDOMAIN); new site hickoryridgegolfresort.com Reserve a Tee-Time resolves to ForeUp; migrated off Chronogolf | Western New York region | Orleans County | Source sheet verification: VERIFIED"
Ricci Meadows Golf Course,,Kent,,Public,,,,no,low,Pro shop (716) 682-3280 | Western New York region | Orleans County | Source sheet verification: NO_ONLINE
Shelridge Country Club,,Medina,,Semi-Private,shelridgecc.com,,,no,low,Pro shop (585) 798-3211 | Western New York region | Orleans County | Source sheet verification: NO_ONLINE
White Birch Golf Course,,Lyndonville,,Public,whitebirchgolfcourse.com,golfnow,https://www.golfnow.com/tee-times/facility/17329-white-birch-golf-course/search,yes,high,18-hole public; completeness-pass add; booking not yet verified; coords approx — Booking not verified; no reachable site this session — Bookable GolfNow facility 17329; own site whitebirchgolfcourse.com | Western New York region | Orleans County | Source sheet verification: VERIFIED
Attica Golf Club,,Attica,,Public,,golfnow,https://www.golfnow.com/tee-times/facility/8528-atticas-10th-hole/search,yes,high,"Public course (9-hole per local knowledge) in Attica; official site not located; booking unconfirmed; coords approx to Attica village — No own site or listing resolved; booking unconfirmed (not searched within budget) — Now Attica's 10th Hole & Golf Course, 95 Bunnell St; bookable GolfNow facility 8528 | Western New York region | Wyoming County | Source sheet verification: VERIFIED"
Byrncliff Golf Resort,,Varysburg,,Resort,https://byrncliff.com/,,,no,low,Pro shop (585) 535-7300 | Western New York region | Wyoming County | Source sheet verification: NO_ONLINE
Castile Country Club,,Castile,,Semi-Private,,,,no,low,Western New York region | Wyoming County | Source sheet verification: UNVERIFIED
Silver Lake Country Club,,Perry,,Semi-Private,https://silverlakeny.com,teesnap,https://golfsilverlake.teesnap.net/,yes,high,Pro shop (585) 222-5253 | Believed 18-hole course near Silver Lake; official site not located this session; existence/holes and booking need confirmation; coords approx to Perry — Official site not located; existence and booking unconfirmed — No own site or listing resolved; existence/booking unconfirmed (not searched within budget) — 18-hole est 1923; own site silverlakeny.com links to Teesnap online booking; also known as Silver Lake Golf Course | Western New York region | Wyoming County | Source sheet verification: VERIFIED
Sweetland Pines Golf Course,,Bliss,,Public,,,,no,low,Western New York region | Wyoming County | Source sheet verification: UNVERIFIED
Turkey Run Golf Course,,Arcade,,Public,turkeyrunarcade.com,foreup,https://foreupsoftware.com/index.php/booking/22621/11366,yes,high,Pro shop (716) 492-2888 | 18-hole public; completeness-pass add; booking not yet verified; coords approx — Booking not verified; no reachable site this session — Own site turkeyrunarcade.com links to ForeUp booking 22621/11366 | Western New York region | Wyoming County | Source sheet verification: VERIFIED
Warsaw Country Club,,Warsaw,,Semi-Private,warsawcc.com (dead),,,no,low,Western New York region | Wyoming County | Source sheet verification: UNVERIFIED
