Course Name,Display Name,City,Zip,Type,Website,Booking Platform,Booking URL,Online Booking,Confidence,Notes
The Club at Creighton Farms,,Aldie,,Private,https://www.creightonfarms.com/,,,private,,Private club — members only. Jack Nicklaus Signature course. | Region: Northern Virginia | Phone: (703) 957-4800
Belle Haven Country Club,,Alexandria,,Private,https://www.bellehavencc.com/,,,private,,Private club — members only. | Region: Northern Virginia | Phone: (703) 329-1448
Greendale Golf Course,,Alexandria,,Municipal,https://www.fairfaxcounty.gov/parks/golf/greendale,teeitup,https://fairfax-county-mco.book.teeitup.golf/?course=7742,yes,high,"Fairfax County Park Authority 18-hole course. Shared FCPA booking engine (JS app; confirmed live, linked from official county site). | Region: Northern Virginia | Phone: (703) 971-6170 | Shared FCPA tenant; facility pinned from the alias facilities list (probe 2026-07-28) so we never publish a sibling course sheet."
Mount Vernon Country Club,,Alexandria,,Private,https://www.mountvernoncc.org/,,,private,,Private club — members only. Contact info per Chronogolf directory listing. | Region: Northern Virginia | Phone: (703) 780-3565
Pinecrest Golf Course,,Alexandria,,Municipal,https://www.fairfaxcounty.gov/parks/golf/pinecrest,teeitup,https://fairfax-county-mco.book.teeitup.golf/?course=17005,yes,high,Fairfax County Park Authority 9-hole par-35 executive course. Shared FCPA booking engine; indoor Trackman simulator books at pinecrest-trackman.book.teeitup.golf. | Region: Northern Virginia | Phone: (703) 941-1061 | Shared FCPA tenant; facility pinned from the alias facilities list (probe 2026-07-28) so we never publish a sibling course sheet.
Army Navy Country Club (Arlington),,Arlington,,Private,https://www.ancc.org/,,,private,,Private club — members only. 27-hole Arlington campus of member-owned club founded 1924. | Region: Northern Virginia | Phone: (703) 521-6800
Washington Golf and Country Club,,Arlington,,Private,https://www.washingtongolf.org/,,,private,,Private club — members only. Phone per Chronogolf directory listing; official site is a JS-only members app. | Region: Northern Virginia | Phone: (703) 524-4600
Belmont Country Club,,Ashburn,,Private,https://www.invitedclubs.com/clubs/belmont-country-club,,,private,,Private club — members only. Invited (ClubCorp) club; Arnold Palmer Signature course. | Region: Northern Virginia | Phone: (703) 723-5330
Brambleton Golf Course,,Ashburn,,Municipal,https://www.novaparks.com/golf/brambleton-golf-course,teeitup,https://nova-parks.book.teeitup.com/?course=1137,yes,high,NOVA Parks 18-hole course. Booking link taken from official NOVA Parks course page. | Region: Northern Virginia | Phone: (703) 327-3403
Virginia National Golf Club,,Bluemont (Clarke County),,Closed,,,,no,,"CLOSED — Riverside course along the Shenandoah reported permanently closed; the virginianational.com domain now states the course closed and the property was repurposed. Stale GolfNow listing persists. Directory phone numbers conflict, so none recorded. | Region: Northern Virginia"
Bristow Manor Golf Club,,Bristow,,Public,https://www.bristowmanorgc.com/,teeitup,https://bristow-manor-golf-club.book.teeitup.com/,yes,high,18-hole public course. Booking URL quoted from the course's own tee-times page (JS app; tenant confirmed live). | Region: Northern Virginia | Phone: (703) 368-3558
Broad Run Golf and Practice Facility,,Bristow,,Closed,,,,no,,9-hole course and practice facility confirmed closed (Yelp marks it CLOSED; broadrungolf.com domain is parked/for sale). Recorded for completeness. | Region: Northern Virginia
Chantilly National Golf and Country Club,,Centreville,,Private,https://www.invitedclubs.com/clubs/chantilly-national-golf-and-country-club,,,private,,Private club — members only. Invited (ClubCorp) club; details confirmed on Invited club page. | Region: Northern Virginia | Phone: (703) 631-9560
Pleasant Valley Golf Club,,Chantilly,,Public,https://www.pleasantvalleygc.com/,teeitup,https://pleasant-valley-golf-club.book.teeitup.com/,yes,high,18-hole public course. Booking URL quoted from the course's own rates page; live TeeItUp tenant confirmed (JS app). | Region: Northern Virginia | Phone: (703) 222-7900
Twin Lakes Golf Course,,Clifton,,Municipal,https://www.fairfaxcounty.gov/parks/golf/twin-lakes,teeitup,"https://fairfax-county-mco.book.teeitup.golf/?course=7756,7743",yes,high,Fairfax County Park Authority 36-hole facility (Oaks and Lakes courses). Shared FCPA booking engine. | Region: Northern Virginia | Phone: (703) 631-9099 | Shared FCPA tenant; facility pinned from the alias facilities list (probe 2026-07-28) so we never publish a sibling course sheet.
Westfields Golf Club,,Clifton,,Public,https://www.westfieldsgolf.com/,golfnow,https://www.golfnow.com/tee-times/facility/1094-westfields-golf-club/search,yes,high,"Fred Couples signature public course. Own website (westfieldsgolf.com/bookteetimes) was unreachable to fetch (connection blocked), so its native engine could not be confirmed; GolfNow tee sheet for the course confirmed loading. | Region: Northern Virginia | Phone: (703) 631-3300"
Country Club of Culpeper,,Culpeper,,Private,https://www.countryclubofculpeper.com/,,,private,,Private club — members only. Member portal runs on Club Caddie; no public tee sheet. | Region: Northern Virginia | Phone: (540) 825-1746
1757 Golf Club,,Dulles (Sterling),,Private,https://www.1757golfclub.com/,,,private,,Private club — members only. Formerly public; now a Heritage Golf Group private club (course restricted to members/guests; driving range open to public). | Region: Northern Virginia | Phone: (703) 444-0901
Potomac Shores Golf Club,,Dumfries,,Public,https://www.potomacshoresgolfclub.com/,golfwithaccess,https://golfwithaccess.com/course/potomac-shores-golf-club/reserve-tee-time,yes,high,"Jack Nicklaus Signature public course managed by Troon. The site's tee-times page returns 403 to automated fetches and no third-party tee sheet could be confirmed, so the underlying booking engine and phone number could not be verified. | Region: Northern Virginia | RESOLVED 2026-07-28: the site Book Tee Time button goes to a troon.com wrapper which lands on Golf With Access. Two uuids appear on the page; 876c470a-dfcc-43e8-8666-4b0dc18d9316 is the dead facility aggregate (0 rows on both dates) and 10c68f5d-6ad2-4e04-ba84-9d96b79688c5 is the bookable course id - 38/35 slots on +1/+5, course.name ""Potomac Shores"", id matching every slot. Pinned in EXTRA_IDS."
Army Navy Country Club (Fairfax),,Fairfax,,Private,https://www.ancc.org/,,,private,,Private club — members only. Fairfax campus (3315 Blenheim Blvd) of Army Navy Country Club. | Region: Northern Virginia | Phone: (703) 359-5825
Country Club of Fairfax,,Fairfax,,Private,https://www.ccfairfax.org/,,,private,,Private club — members only. | Region: Northern Virginia | Phone: (703) 273-3100
International Country Club,,Fairfax,,Closed,,,,no,,CLOSED — Private club reported permanently closed (course ceased operation circa 2018-2019; property redeveloped). No active website or phone found. | Region: Northern Virginia
Penderbrook Golf Club,,Fairfax,,Public,https://www.penderbrookgolfclub.com/,chronogolf,https://www.chronogolf.com/club/penderbrook-golf-club,yes,high,18-hole public course; Chronogolf page confirmed with active online booking. | Region: Northern Virginia | Phone: (703) 385-3700
Burke Lake Golf Center,,Fairfax Station,,Municipal,https://www.fairfaxcounty.gov/parks/golf/burke-lake,teeitup,https://fairfax-county-mco.book.teeitup.golf/?course=3485,yes,high,Fairfax County Park Authority 18-hole par-3 course. Shared FCPA booking engine (JS app; URL confirmed live and linked from official county tee-times page). | Region: Northern Virginia | Phone: (703) 323-1641 | Shared FCPA tenant; facility pinned from the alias facilities list (probe 2026-07-28) so we never publish a sibling course sheet.
Jefferson Golf Course (Jefferson District),,Falls Church,,Municipal,https://www.fairfaxcounty.gov/parks/golf/jefferson,teeitup,https://fairfax-county-mco.book.teeitup.golf/?course=17001,yes,high,"Fairfax County Park Authority 9-hole course. Shared FCPA booking engine (JS app; confirmed live, linked from official county site). | Region: Northern Virginia | Phone: (703) 573-0444 | Shared FCPA tenant; facility pinned from the alias facilities list (probe 2026-07-28) so we never publish a sibling course sheet."
Fort Belvoir Golf Club,,Fort Belvoir,,Semi-Private,https://belvoir.armymwr.com/programs/golf-club,other:webtrac,https://webtrac.mwr.army.mil/webtrac103/wbwsc/belvoirrectrac.wsc/wbsplash.html?wbp=1,yes,high,"36-hole Army MWR facility (Gunston and Woodlawn courses). Military access required for the base gate, but rate categories include the general public (Category C). WebTrac portal confirmed loading. | Region: Northern Virginia | Phone: (703) 806-5878"
Cannon Ridge Golf Club,,Fredericksburg,,Closed,,,,no,,Course closed permanently (circa 2014). Recorded for completeness. | Region: Northern Virginia
Fredericksburg Country Club,,Fredericksburg,,Private,https://fredericksburgcountryclub.com/,,,private,,Private club — members only (founded 1922). | Region: Northern Virginia | Phone: (540) 373-4171
Lee's Hill Golfers' Club,,Fredericksburg (Spotsylvania),,Closed,,,,no,,Course closed permanently (circa 2017). Recorded for completeness. | Region: Northern Virginia
The Gauntlet Golf Club (Curtis Park),,Fredericksburg (Stafford County),,Public,https://golfgauntlet.com/,clubcaddie,https://apimanager-cc29.clubcaddie.com/webapi/view/ebfdabab,yes,high,P.B. Dye course in Curtis Memorial Park. Club Caddie booking URL quoted from golfgauntlet.com; the engine is a JS app (loads but renders client-side). | Region: Northern Virginia | Phone: (540) 212-2938
Heritage Hunt Golf and Country Club,,Gainesville,,Semi-Private,https://www.heritagehunt.net/,,,no,,Arthur Hills course in a 55+ community; golf memberships offered to residents and non-residents. No public online tee sheet found — outside play by inquiry/phone. | Region: Northern Virginia | Phone: (703) 743-2000
Robert Trent Jones Golf Club,,Gainesville,,Private,https://www.rtjgc.com/,,,private,,Private club — members only. Exclusive club on Lake Manassas; former Presidents Cup venue. | Region: Northern Virginia | Phone: (703) 754-4050
Stonewall Golf Club,,Gainesville,,Public,https://www.stonewallgolfclub.com/,golfnow,https://www.golfnow.com/tee-times/facility/8642-stonewall-golf-club/search,yes,high,Upscale public course at Lake Manassas. Course site's tee-times page does not expose a separate engine (site built on GolfNow/Golf Channel Solutions); GolfNow tee sheet confirmed loading. | Region: Northern Virginia | Phone: (703) 753-5101
Virginia Oaks Golf Club,,Gainesville,,Closed,,,,no,,Course closed permanently in 2018 (property redeveloped). Recorded for completeness. | Region: Northern Virginia
River Bend Golf and Country Club,,Great Falls,,Private,https://www.rbgcc.org/,,,private,,Private club — members only. Contact info per Chronogolf directory listing. | Region: Northern Virginia | Phone: (703) 759-2640
Bull Run Golf Club,,Haymarket,,Public,https://www.golfbullrun.com/,golfnow,https://www.golfnow.com/tee-times/facility/650-bull-run-golf-club/search,yes,high,Rick Jacobson-designed public course (Raspberry Golf Management). Own website is JS/bot-blocked so its native engine could not be read; GolfNow tee sheet confirmed loading. Phone per Chronogolf directory. | Region: Northern Virginia | Phone: (703) 753-7777
Dominion Valley Country Club,,Haymarket,,Private,https://www.invitedclubs.com/clubs/dominion-valley-country-club,,,private,,"Private club — members only. Invited (ClubCorp) club; Arnold Palmer Signature golf, including the Regency at Dominion Valley course within the same club. | Region: Northern Virginia | Phone: (571) 222-6900"
Evergreen Country Club,,Haymarket,,Private,https://www.evergreencc.org/,,,private,,Private club — members only. | Region: Northern Virginia | Phone: (703) 754-4125
Piedmont Club,,Haymarket,,Private,https://www.invitedclubs.com/clubs/piedmont-club-haymarket,,,private,,Private club — members only. Invited (ClubCorp) club. | Region: Northern Virginia | Phone: (703) 753-5922
Herndon Centennial Golf Course,,Herndon,,Municipal,https://www.herndongolf.com/,teeitup,https://herndon-centennial-golf-course.book.teeitup.com/,yes,high,Town of Herndon 18-hole municipal course. Link from herndongolf.com tee-times page (play.teeitup.golf redirects to this live booking tenant). | Region: Northern Virginia | Phone: (703) 471-5769
South Wales Golf Course,,Jeffersonton (Culpeper County),,Public,https://www.southwalesgc.com/,chronogolf,https://www.chronogolf.com/club/south-wales-golf-club,yes,high,27-hole public facility. Course website confirms it is open and directs online booking to Chronogolf; Chronogolf page confirmed with active booking. | Region: Northern Virginia | Phone: (540) 937-3250
Cameron Hills Golf Links,,King George,,Public,,,,no,,Operating status uncertain — former domain cameronhills.com lapsed/parked and no booking channel found; Chronogolf listing showed no online booking. Call to confirm before relying on this entry. | Region: Northern Virginia | Phone: (540) 775-4653
Goose Creek Golf Club,,Leesburg,,Closed,,,,no,,CLOSED — Course confirmed permanently closed (directory listings mark it CLOSED; property slated for redevelopment). Recorded for completeness. | Region: Northern Virginia
Raspberry Falls Golf and Hunt Club,,Leesburg,,Public,https://www.raspberryfalls.com/,golfnow,https://www.golfnow.com/tee-times/facility/639-raspberry-falls-golf-and-hunt-club/search,yes,high,Gary Player signature public course (Raspberry Golf Management). Own website tee-times page is JS/bot-blocked so its native engine could not be read; GolfNow tee sheet for the course confirmed loading. Phone per Chronogolf directory. | Region: Northern Virginia | Phone: (703) 779-2555
River Creek Club,,Leesburg,,Private,https://www.invitedclubs.com/clubs/river-creek-club,,,private,,Private club — members only. Invited (ClubCorp) club at the confluence of the Potomac and Goose Creek. | Region: Northern Virginia | Phone: (703) 779-2022
Westpark Golf Club,,Leesburg,,Closed,,,,no,,Course closed permanently (circa 2018; town approved redevelopment of the property). Recorded for completeness. | Region: Northern Virginia
The Golf Club at Lansdowne (Lansdowne Resort),,Leesburg (Lansdowne),,Private,https://golfatlansdowne.com/,,,private,,45 holes (Robert Trent Jones II and Greg Norman designs) at Lansdowne Resort; now operated as a private membership club under Heritage Golf Group. No public online tee sheet found. | Region: Northern Virginia | Phone: (703) 729-4071
Laurel Hill Golf Club,,Lorton,,Municipal,https://www.fairfaxcounty.gov/parks/golf/laurel-hill,teeitup,https://fairfax-county-mco.book.teeitup.golf/?course=4595,yes,high,Fairfax County Park Authority premier 18-hole daily-fee course (Bill Love design). Shared FCPA booking engine; separate members portal at laurel-hill-members.book.teeitup.golf. | Region: Northern Virginia | Phone: (703) 493-8849 | Shared FCPA tenant; facility pinned from the alias facilities list (probe 2026-07-28) so we never publish a sibling course sheet.
Pohick Bay Golf Course,,Lorton,,Municipal,https://www.novaparks.com/golf/pohick-bay-golf-course,teeitup,https://nova-parks.book.teeitup.com/?course=1172,yes,high,NOVA Parks (regional park authority) 18-hole course. Booking link taken from official NOVA Parks course page; TeeItUp is a JS app. | Region: Northern Virginia | Phone: (703) 339-8585
General's Ridge Golf Course,,Manassas Park,,Closed,,,,no,,CLOSED — Municipal course closed permanently in May 2019 (final rounds reported by InsideNoVa; Yelp marks it CLOSED). Recorded for completeness. | Region: Northern Virginia
Montclair Country Club,,Montclair (Dumfries),,Private,,,,private,,"Private club — members only (18-hole Algie Pulley design, 1972). Club's former domain (montclaircc.com) is no longer associated with the club and current contact info could not be verified online. | Region: Northern Virginia"
Prince William Golf Course,,Nokesville,,Public,https://www.princewilliamgolf.com/,teeitup,https://prince-william-golf-course.book.teeitup.golf/,yes,high,18-hole course managed by Indigo Sports. TeeItUp tenant URL taken from the course's own site (JS app; tenant confirmed live). | Region: Northern Virginia | Phone: (703) 754-7111
Oakmont Golf Center (formerly Oak Marr),,Oakton,,Municipal,https://www.fairfaxcounty.gov/parks/golf/oak-marr,teeitup,https://fairfax-county-mco.book.teeitup.golf/?course=17002,yes,high,Fairfax County Park Authority 9-hole par-3 complex; county pages now use the name Oakmont Golf Center. Shared FCPA booking engine. | Region: Northern Virginia | Phone: (703) 255-5390 | Shared FCPA tenant; facility pinned from the alias facilities list (probe 2026-07-28) so we never publish a sibling course sheet.
Trump National Golf Club Washington D.C.,,Potomac Falls (Sterling),,Private,https://www.trumpnationaldc.com/,,,private,,Private club — members only. Two 18-hole championship courses on Lowes Island. | Region: Northern Virginia | Phone: (703) 444-4801
Loudoun Golf and Country Club,,Purcellville,,Private,https://www.loudoungolf.com/,,,private,,Private club — members only. Founded 1927. | Region: Northern Virginia | Phone: (540) 338-7679
Medal of Honor Golf Course,,Quantico,,Semi-Private,https://quantico.usmc-mccs.org/golf,chronogolf,https://www.chronogolf.com/club/medal-of-honor-golf-course,yes,high,MCCS course on Marine Corps Base Quantico; open to the public with base-access requirements (call pro shop for civilian access). Chronogolf booking confirmed and linked from the official MCCS golf page. | Region: Northern Virginia | Phone: (703) 784-2424
Hidden Creek Country Club,,Reston,,Private,https://www.hiddencreekcc.com/,,,private,,Private club — members only. Established 1963; still operating per current club website. | Region: Northern Virginia | Phone: (703) 437-5222
Reston National Golf Course,,Reston,,Public,https://restonnationalgc.com/,chronogolf,https://www.chronogolf.com/club/reston-national-golf-course,yes,high,"18-hole public course; Chronogolf booking confirmed (course site embeds the Chronogolf widget, club ID 14474). | Region: Northern Virginia | Phone: (703) 620-9333"
Stoneleigh Golf Club,,Round Hill,,Private,https://www.stoneleighgolf.com/,,,private,,Club website now describes it as a private golf club (historically semi-private with public tee times). No public online tee sheet found; stale listings persist on GolfNow/TeeOff. | Region: Northern Virginia | Phone: (540) 338-4653
Mattaponi Springs Golf Club,,Ruther Glen (Caroline County),,Public,https://www.mattaponisprings.com/,teeitup,https://mattaponi-springs-golf-club.book.teeitup.com/,yes,high,Bob Lohmann-designed public course. Booking URL quoted from the course's own website (JS app; tenant confirmed live). | Region: Northern Virginia | Phone: (804) 633-7888
Pendleton Golf Club,,Ruther Glen (Caroline/Spotsylvania line),,Public,,teeitup,https://pendleton-golf-club.book.teeitup.com/,yes,medium,"Public course in the Pendleton community. A live TeeItUp tenant named pendleton-golf-club exists (nonexistent tenants return an error page), but the JS app prevented confirming the course identity, and the club's former website domain has lapsed. Phone per GolfVirginia directory. | Region: Northern Virginia | Phone: (804) 448-4727"
South Riding Golf Club,,South Riding,,Public,https://www.southridinggc.com/,golfnow,https://www.golfnow.com/tee-times/facility/2476-south-riding-golf-club/search,yes,high,"18-hole public course (Dan Maples design). Own website (southridinggc.com) blocks automated access (403), so a native engine could not be confirmed; GolfNow tee sheet confirmed loading and Chronogolf shows no online booking. | Region: Northern Virginia | Phone: (703) 327-3673"
Fawn Lake Country Club,,Spotsylvania,,Private,https://www.fawnlakecc.com/,,,private,,Private club — members only. Arnold Palmer Signature course in gated Fawn Lake community. | Region: Northern Virginia | Phone: (540) 972-6200
Springfield Golf and Country Club,,Springfield,,Private,https://www.sgccva.org/,,,private,,Private club — members only. Contact info per Chronogolf directory listing. | Region: Northern Virginia | Phone: (703) 451-8338
Augustine Golf Club,,Stafford,,Public,https://www.golfaugustine.com/,golfnow,https://www.golfnow.com/tee-times/facility/1122-augustine-golf-club/search,yes,high,Upscale public course (Raspberry Golf Management). Own website is JS/bot-blocked so its native engine could not be read; GolfNow tee sheet confirmed loading. Phone per Chronogolf directory. | Region: Northern Virginia | Phone: (540) 720-7374
Aquia Harbour Golf Club,,Stafford (Aquia Harbour),,Semi-Private,https://aquiagolf.com/,,,no,,9-hole course inside the gated Aquia Harbour community but open to daily public play. No online tee sheet found — bookings by phone. | Region: Northern Virginia | Phone: (540) 659-4478
Algonkian Golf Course,,Sterling,,Municipal,https://www.novaparks.com/golf/algonkian-golf-course,teeitup,https://nova-parks.book.teeitup.com/?course=1136,yes,high,NOVA Parks 18-hole course along the Potomac. Booking link taken from official NOVA Parks course page. | Region: Northern Virginia | Phone: (703) 450-4655
Forest Greens Golf Club,,Triangle,,Municipal,https://www.forestgreens.com/,teeitup,https://forest-greens-golf-club.book.teeitup.golf/,yes,high,Prince William County course managed by Indigo Sports. TeeItUp tenant URL taken from the course's own site navigation (JS app; tenant confirmed live). | Region: Northern Virginia | Phone: (703) 221-0123
Westwood Country Club,,Vienna,,Private,,,,private,,Private club — members only. Phone per Chronogolf directory listing; official website could not be verified (directory-listed domain appears to belong to another club). | Region: Northern Virginia | Phone: (703) 938-2593
Fauquier Springs Country Club,,Warrenton,,Semi-Private,https://www.fauquiersprings.com/,,,no,,Member-focused country club that has historically allowed limited outside play. No online public tee sheet found — call for access. | Region: Northern Virginia | Phone: (540) 347-4205
Lake Ridge Golf Course,,Woodbridge,,Municipal,https://www.lakeridgegc.com/,teeitup,https://lake-ridge-golf-course.book.teeitup.golf/,yes,high,9-hole Prince William County course (Indigo Sports managed); home of First Tee Prince William. Site advertises the new booking engine; live TeeItUp tenant confirmed (nonexistent tenants return an error page). | Region: Northern Virginia | Phone: (703) 494-5564
Old Hickory Golf Club,,Woodbridge,,Public,https://www.golfoldhickory.com/,golfnow,https://www.golfnow.com/tee-times/facility/654-old-hickory-golf-club/search,yes,high,18-hole public course. Own website (golfoldhickory.com) is JS/bot-blocked so its native engine could not be read; GolfNow tee sheet for the course confirmed loading. Phone per Chronogolf directory. | Region: Northern Virginia | Phone: (703) 580-9000
Osprey's Golf Club at Belmont Bay,,Woodbridge,,Closed,,,,no,,Course closed permanently (reported closed in 2019). Recorded for completeness. | Region: Northern Virginia
Amelia Golf & Country Club,,Amelia Court House,,Semi-Private,https://ameliagcc.com,teeitup,https://amelia-golf-country-club.book.teeitup.com/,yes,medium,"Semi-private course - public welcome, members get benefits. Official site has a 'Book a Tee Time' button whose destination is JS-hidden; a TeeItUp tenant subdomain exactly matching the club loads a booking shell but branding could not be confirmed in the fetch. | Region: Richmond Metro | Phone: (804) 561-2640"
Hanover Golf Club,,Ashland,,Public,https://www.hanovergolfva.com,teeitup,https://hanover-golf-club-va.book.teeitup.com/,yes,high,"Formerly private Hanover Country Club; went semi-private 2018, sold 2022 to local owners and now daily-fee public. Booking URL taken from official tee-times page; TeeItUp app loads (JS shell). GolfNow facility 8095 also active. | Region: Richmond Metro | Phone: (804) 798-8381"
Nottoway River Country Club,,Blackstone,,Private,,,,private,,"Private club - members only; small-town club opened 1963 on Country Club Rd, Nottoway County. No website found. | Region: Richmond Metro | Phone: (804) 292-4485"
River's Bend Golf Club,,Chester,,Closed,,,,no,,Permanently closed. Yelp lists the course as closed and the former domain riversbendgolf.com is parked for sale; 18-hole James River-area course no longer operating. | Region: Richmond Metro
Birkdale Golf Club,,Chesterfield,,Semi-Private,https://www.acumengolf.com/birkdale/,teeitup,https://acumen-public.book.teeitup.com/?course=16391,yes,high,"Acumen Golf-managed. Public booking URL taken from official site (shared Acumen TeeItUp portal, course=16391); app loads as JS shell titled 'Tee Times'. Members use acumen-members.book.teeitup.com. | Region: Richmond Metro | Phone: (804) 739-8800"
Lake Chesdin Golf Club,,Chesterfield,,Semi-Private,https://www.lakechesdingolfclub.com,teeitup,https://acumen-public.book.teeitup.com/?course=14126,yes,high,Private club that allows limited public play; Acumen Golf-managed. Official tee-times page links to the shared Acumen public TeeItUp portal (loads as JS shell) or phone booking. | Region: Richmond Metro | Phone: (804) 590-0031 | Pinned facility 14126 from acumen-public facilities list (probe 2026-07-28).
The Golf Club at The Highlands,,Chesterfield,,Semi-Private,https://www.highlands-golf.com,teeitup,https://the-golf-club-at-the-highlands.book.teeitup.golf/,yes,high,Open; booking URL taken from official tee-times page (members use gchighlandsmem.ezlinksgolf.com). Site notes greens renovation with six temporary greens (mid-2026). TeeItUp app loads as JS shell. | Region: Richmond Metro | Phone: (804) 796-4800
Crewe Country Club,,Crewe,,Private,,,,private,,Private club - members only; 9-hole course opened 1940 in Nottoway County. No website found. | Region: Richmond Metro | Phone: (804) 645-7240
Prince George Golf Course,,Disputanta,,Semi-Private,,,,unknown,low,Semi-private 18-hole course (opened 1972). No online booking engine found - not on Chronogolf (listing shows no online booking) and no valid TeeItUp tenant; official website unreachable during checks. Book by phone. | Region: Richmond Metro | Phone: (804) 991-2251
Cardinal Golf Club at Fort Gregg-Adams,,Fort Gregg-Adams (Prince George),,Semi-Private,https://lee.armymwr.com/programs/cardinal-golf-club,,,no,,"27-hole Army MWR championship course (Red/White/Blue nines), now open to the public (REAL ID / base access required). MWR page instructs golfers to call the pro shop for tee times - no online booking. | Region: Richmond Metro | Phone: (804) 734-2899"
Hunting Hawk Golf Club,,Glen Allen,,Public,https://www.huntinghawkgolf.com,quick18,https://huntinghawkflinggolf.quick18.com/teetimes/searchmatrix,yes,medium,"Quick18 platform confirmed via official Google Play app (com.quick18.huntinghawk) and indexed tee sheet, but both the Quick18 tee sheet and the club website block automated fetches (robots.txt), so the page could not be loaded to confirm. Alternate portal huntinghawk.play18.com also indexed. | Region: Richmond Metro | Phone: (804) 749-1900"
The Crossings Golf Club,,Glen Allen,,Municipal,https://www.thecrossingsgc.com,other:unclaimed-chronogolf,,unknown,low,18-hole Joe Lee design purchased by Henrico County; Chronogolf listing fetched and confirmed correct club (800 Virginia Center Pkwy). | Region: Richmond Metro | Phone: (804) 261-0000 | Chronogolf club page is an UNCLAIMED listing: club-level online_booking_enabled=false and the marketplace API returned 0 tee times for tomorrow while control Penderbrook served 52 in the same probe (2026-07-28). Where this course actually sells tee times is open work.
The Dominion Club,,Glen Allen,,Private,https://www.thedominionclub.com,,,private,,"Private club - members only; Curtis Strange-designed course in the Wyndham community, Henrico County (~800 member families). | Region: Richmond Metro | Phone: (804) 360-1200"
The Federal Club,,Glen Allen,,Private,https://www.thefederalclub.com,,,private,,Private club - members only; Pete Dye-associated design in Hanover County at 13450 Palmer's Way. | Region: Richmond Metro | Phone: (804) 798-4996
Royal Virginia Golf Club,,Hadensville,,Closed,,,,no,,"Permanently closed. Former Goochland County course sold in 2022 for a proposed COVID memorial; parts of the property have since gone through re-listing, auction and bankruptcy proceedings (2023-2026). Not operating as a golf course. | Region: Richmond Metro"
Belmont Golf Course,,Henrico,,Municipal,https://playgolfrva.org/belmont/,chronogolf,https://www.chronogolf.com/club/belmont-golf-course-virginia,yes,high,"Henrico County-owned, operated by First Tee Greater Richmond; 12-hole championship routing plus 6-hole short course and 18-hole putting course. Chronogolf listing fetched and confirmed (1600 Hilliard Rd); club website is built on Lightspeed Golf platform. | Region: Richmond Metro | Phone: (804) 424-3249"
Jordan Point Golf Club,,Hopewell,,Closed,,,,no,,Closed since 2015 foreclosure. Property purchased in 2022 by neighboring brewery owner with stated plans to revive the golf course; no confirmed reopening as of July 2026 (subsequent news covers restaurants at Jordan Point only). | Region: Richmond Metro
The Greens at Tanyard Golf Club,,Louisa,,Public,https://tanyardgolfcourse.com,,,no,,Family-owned public 18-hole par-72 course (open April-December). Site instructs golfers to call the pro shop to book - no online tee-time engine. | Region: Richmond Metro | Phone: (540) 967-1889
Hermitage Country Club,,Manakin-Sabot,,Private,https://www.hermitagecountryclub.com,,,private,,Private club - members only; 36 holes (Manakin and Sabot courses) in Goochland County. | Region: Richmond Metro | Phone: (804) 784-5234
Kinloch Golf Club,,Manakin-Sabot,,Private,https://www.kinlochgolfclub.com,,,private,,Private club - members only; nationally ranked Lester George/Vinny Giles design. | Region: Richmond Metro | Phone: (804) 784-8000
Sycamore Creek Golf Course,,Manakin-Sabot,,Public,,chronogolf,https://www.chronogolf.com/club/sycamore-creek-golf-course,yes,high,"Chronogolf listing fetched and confirmed correct course (1991 Manakin Rd, Goochland County) with online reservations enabled ('Reserve now pay later'). Course's own domain was unreachable during checks. Oct 2024 news: early-stage talks with Markel|Eagle about the property's long-term future. | Region: Richmond Metro | Phone: (804) 784-3544"
Brandermill Country Club,,Midlothian,,Semi-Private,https://www.brandermill.cc,,,unknown,low,"Membership-focused club on Swift Creek Reservoir managed by Acumen Golf; acumengolf.com states rounds at both Acumen courses book through the shared public TeeItUp portal, which loads (JS shell). Club site itself emphasizes membership. | Region: Richmond Metro | Phone: (804) 744-1185 | acumen-public /alias/ facilities list names only Lake Chesdin (14126) and Birkdale (16391) - the portal does NOT front Brandermill (probe 2026-07-28). Unpinned it would have published the other two clubs sheets under this name. Where it sells, if anywhere public, is open work."
Independence Golf Club,,Midlothian,,Public,https://www.independencegolfclub.com,clubcaddie,https://apimanager-cc12.clubcaddie.com/webapi/view/dgfdabab,yes,medium,"Booking link taken directly from official website golf page (Championship course; The Bear par-3 short course books at .../egfdabab). Club Caddie booking app is JavaScript-only and returned an empty shell to the verification fetch, so tee sheet could not be visually confirmed. Former Teesnap site is dead (under maintenance). | Region: Richmond Metro | Phone: (804) 601-8600"
Salisbury Country Club,,Midlothian,,Private,,,,private,,Private club - members only; Ed Ault-designed 27+ holes at 13620 W Salisbury Rd. Club website domain did not resolve during checks. | Region: Richmond Metro | Phone: (804) 794-8255
Windy Hill Sports,,Midlothian,,Public,https://www.windyhillsports.com,,,unknown,low,Regulation 9-hole course plus lighted par-3 course at a family sports complex. Golf pages blocked automated fetch (robots.txt) and no online tee-time engine could be identified; homepage 'Book Now' destination unknown - call pro shop. | Region: Richmond Metro | Phone: (804) 794-0010
Cutalong at Lake Anna,,Mineral,,Private,https://cutalonggolf.com,,,private,,Private club - members only (18-hole championship course in the Cutalong community on Lake Anna); non-members can access via golf discovery/stay packages. Website is JavaScript-only; phone number could not be confirmed. | Region: Richmond Metro
The Hollows Golf Club,,Montpelier,,Public,https://www.hollowsgolf.com,,,unknown,low,27-hole (three nines) daily-fee club in Hanover County. Official website is JavaScript-only and unreadable to fetches; Chronogolf directory listing shows no online booking; booking engine could not be identified - call the shop. | Region: Richmond Metro | Phone: (804) 798-2949
Magnolia Green Golf Club,,Moseley,,Public,https://www.magnoliagreengolfclub.com,teeitup,https://magnolia-green-golf-club-formerly-westham-golf-club.book.teeitup.com/,yes,high,Troon-affiliated public course (formerly Westham GC). Booking URL taken from official website; TeeItUp booking app loads (JS-rendered shell titled 'Tee Times'). | Region: Richmond Metro | Phone: (804) 639-5701
The Club at Viniterra,,New Kent,,Semi-Private,https://viniterra.com,teeitup,https://the-club-at-viniterra.book.teeitup.com/,yes,medium,"Rees Jones championship course in the Viniterra community; marketed as a membership club but public tee times are listed on aggregators. TeeItUp tenant subdomain exactly matching the club loads a booking shell, but course branding could not be confirmed in the JS-only fetch. | Region: Richmond Metro | Phone: (804) 932-3888"
First Tee Chesterfield (Tattersall Youth Development Center),,North Chesterfield,,Public,https://playgolfrva.org/tattersall/,,,no,,18-hole executive course plus 3-hole par-3 loop operated by First Tee Greater Richmond; official site has no online tee-time engine (tee-times link loops back to facility page) - call the course. | Region: Richmond Metro | Phone: (804) 275-8050
Meadowbrook Country Club,,North Chesterfield,,Private,,,,private,,"Private club - members only (Cogbill Rd, south Richmond area). Phone and current website could not be confirmed - former domain meadowbrookcc.com is parked for sale. | Region: Richmond Metro"
Stonehenge Golf & Country Club,,North Chesterfield,,Private,https://www.stonehengegcc.com,,,private,,"Private club - members only; founded 1971 (1000 Farnham Dr, Midlothian/N. Chesterfield area). | Region: Richmond Metro | Phone: (804) 378-7841"
Country Club of Petersburg,,Petersburg,,Private,https://www.countryclubofpetersburg.com,,,private,,Private club - members only; 18-hole Ed Ault design (1968) on Johnson Rd. | Region: Richmond Metro | Phone: (804) 733-4458
Dogwood Trace Golf Course,,Petersburg,,Municipal,,teeitup,https://dogwood-trace-golf-course.book.teeitup.com/,yes,medium,"City of Petersburg municipal 18-hole course (3108 Homestead Dr). A TeeItUp tenant subdomain exactly matching the course name loads a booking shell, but the city page and course domain were unreachable during checks so the link could not be confirmed from an official source. | Region: Richmond Metro | Phone: (804) 732-5573"
Mill Quarter Plantation Golf Course,,Powhatan,,Public,https://www.millquarter.com,teeitup,https://mill-quarter-plantation-golf-course.book.teeitup.com/,yes,high,"18-hole public course; booking URL referenced from official website (millquarter.com/teetimes). June 2026 news reports owner agreed to sell the course to a developer after 52 years - future uncertain, still operating at time of check. | Region: Richmond Metro | Phone: (804) 598-4221"
The Foundry Golf Club,,Powhatan,,Private,https://www.foundrygolfclub.com,,,private,,"Private club - members only ('Virginia's Hidden Gem', Lee's Landing Rd on the James River). | Region: Richmond Metro | Phone: (804) 598-9898"
Brickshire Golf Club,,Providence Forge,,Semi-Private,https://brickshiregolfclub.com,chronogolf,https://www.chronogolf.com/club/the-golf-club-at-brickshire,yes,high,"Curtis Strange signature semi-private course, KemperSports-managed. Chronogolf (Lightspeed) confirmed via the club's official Chronogolf-built mobile app (com.chronogolf.booking.brickshirgolf) and Lightspeed-platform website; booking flows through the site's tee-times page (no public chronogolf.com marketplace listing). | Region: Richmond Metro | Phone: (804) 966-7888 | Resolved 2026-07-28: site tee-times widget links chronogolf club 14524 (canonical slug the-golf-club-at-brickshire); bookable, course 16668, 73 marketplace slots for tomorrow vs Penderbrook control 52."
Royal New Kent Golf Club,,Providence Forge,,Public,https://www.royalnewkent.com,teeitup,https://royal-new-kent-golf.book.teeitup.golf/,yes,high,Mike Strantz Irish-links design. Booking URL taken from official website tee-times page; TeeItUp app loads (JS shell titled 'Tee Times'). | Region: Richmond Metro | Phone: (804) 966-7023
Brookwoods Golf Club,,Quinton,,Public,https://brookwoodsgolf.com,,,no,,Affordable daily-fee 18-hole course in western New Kent County; official site directs players to phone or contact form for tee times - no online booking engine. | Region: Richmond Metro | Phone: (804) 932-3737
Glenwood Golf Club,,Richmond,,Closed,,,,no,,Permanently closed. Former public course on Creighton Road; site is being redeveloped as the 290-home 'Fairways' Ryan Homes project (construction began 2025). | Region: Richmond Metro
Lakeside Park Club,,Richmond,,Private,https://www.lakesideparkclub.com,,,private,,Private club - members only. 1920s Donald Ross-designed course at 1700 Lakeside Ave; formerly known as Jefferson Lakeside Country Club (member-owned; 2023 sale to a NC golf company fell through). | Region: Richmond Metro | Phone: (804) 266-2456
Providence Golf Club,,Richmond,,Public,https://providencegolfclub.com,clubcaddie,https://apimanager-cc35.clubcaddie.com/webapi/view/hiedabab,yes,medium,"Booking link taken directly from official book-a-tee-time page (Club Caddie also confirmed in site footer, clubid 103387). Club Caddie app is JavaScript-only and did not render content to the verification fetch. Lester George redesign in South Richmond. | Region: Richmond Metro | Phone: (804) 276-1865"
Richmond Country Club,,Richmond,,Private,https://www.richmondcountryclubva.com,,,private,,Private club - members only; member-owned club at 12950 Patterson Ave (Goochland County side of Tuckahoe area). | Region: Richmond Metro | Phone: (804) 784-5272
The Country Club of Virginia,,Richmond,,Private,https://www.theccv.org,,,private,,"Private club - members only. 54 holes across three courses (Westhampton, James River, Tuckahoe Creek) on two campuses; James River campus phone (804) 287-1330. | Region: Richmond Metro | Phone: (804) 288-2891"
Willow Oaks Country Club,,Richmond,,Private,https://www.willowoakscc.org,,,private,,Private club - members only; member-owned club on the James River since 1957. | Region: Richmond Metro | Phone: (804) 272-1451
Poplar Grove Golf Club,,Amherst,,Semi-Private,https://www.poplargrovegolf.com,clubcaddie,https://apimanager-cc34.clubcaddie.com/webapi/view/icfdabab,yes,high,"Sam Snead's final course design; official book-a-tee-time page fetched and confirmed — it embeds the Club Caddie booking widget (apimanager-cc34.clubcaddie.com) | Region: Central Virginia | Phone: (434) 946-9933 | Direct Club Caddie iframe URL captured from the course site (clubid 103428, 2026-07-28)."
Shadow Ridge Golf Club,,Amherst,,Public,,,,no,,9-hole public course on Pierces Mill Rd (opened 1993); no website or online booking found; directory listings are sparse so current operating status could not be confirmed | Region: Central Virginia | Phone: (434) 946-2008
Falling River Country Club,,Appomattox,,Private,https://www.fallingrivercc.com,,,private,,"Private club — members only; est. 1965, 350+ members, 18 holes on Country Club Rd | Region: Central Virginia | Phone: (434) 352-7037"
Bedford Country Club,,Bedford,,Private,,,,private,,"Private club — members only; 9-hole course on Peaks Rd, built 1950; no website found | Region: Central Virginia | Phone: (540) 586-8407"
Hat Creek Golf Course,,Brookneal,,Public,,,,no,,"9-hole public course (1975) in southern Campbell County; no website or online booking — phone only; VSGA directory lists (434) 272-5830, older directories show (434) 376-2292 | Region: Central Virginia | Phone: (434) 272-5830"
Birdwood Golf at Boar's Head Resort,,Charlottesville,,Resort,https://www.boarsheadresort.com/birdwood-golf,,,no,,"Boar's Head Resort / UVA home course (18 holes plus The Nest 6-hole par-3 and Ridges putting course); open to community daily play, but resort site says tee times by phone only — no online booking engine found on boarsheadresort.com | Region: Central Virginia | Phone: (434) 293-4653"
Farmington Country Club,,Charlottesville,,Private,https://www.farmingtoncc.com,,,private,,Private club — members only; 27 holes | Region: Central Virginia | Phone: (434) 296-5661
Meadowcreek Golf Course,,Charlottesville,,Municipal,https://www.meadowcreekgolf.org,teeitup,https://meadowcreek-golf-course-va.book.teeitup.com/?course=18684,yes,high,"City of Charlottesville course at Pen Park, Troon-managed; booking URL taken from official meadowcreekgolf.org 'Book a Tee Time' page; fetched URL loads TeeItUp tee-sheet app (JS app, subdomain names the course) | Region: Central Virginia | Phone: (434) 484-4334 | Booking host meadowcreek-golf-course-va 404s at kenna; the page own /alias/ call names meadow-creek-golf-course-v2 (facility 18684, America/New_York) - alias pinned in build_registry EXTRA_IDS (probe 2026-07-28)."
Winton Country Club,,Clifford,,Semi-Private,,,,no,,Ed Ault-designed 18 at the historic Winton estate in Amherst County; VSGA lists it as an active semi-private club ('Winton Farm'); no website or online booking found — phone only | Region: Central Virginia | Phone: (434) 946-7336
Old Trail Golf Club,,Crozet,,Semi-Private,https://oldtrailclub.com,clubprophet,https://oldtrailgc.cps.golf/,yes,high,"Booking URL from official oldtrailclub.com tee-times page; fetched URL loads Club Prophet Systems online reservation app (JS app, oldtrailgc slug) | Region: Central Virginia | Phone: (434) 823-8101 | CPS websiteId 5be83a0d-e758-435b-138f-08dae2b1ae8f, course 1 (Old Trail Golf Course), captured 2026-07-28 via the anonymous GetAllOptions flow; pinned in build_registry EXTRA_IDS."
The Manor Golf Club,,Farmville,,Semi-Private,,,,no,,Formerly Longwood Golf Course / The Manor Resort course; VSGA directory currently lists it as an active 18-hole semi-private club; former websites (themanorresort.com) are defunct and no online booking exists — phone only | Region: Central Virginia | Phone: (434) 392-2244
Colonial Hills Golf Club,,Forest,,Public,https://colonialhillsgolf.com,other:tenfore,https://fox.tenfore.golf/colonialhills,yes,high,"Daily-fee 18-hole course; booking link taken from official colonialhillsgolf.com; fetched URL loads TenFore golf booking app (JS app, /colonialhills slug) | Region: Central Virginia | Phone: (434) 525-3954"
Ivy Hill Golf Club,,Forest,,Semi-Private,https://www.ivyhillgc.com,chronogolf,https://www.chronogolf.com/club/ivy-hill-golf-club,yes,high,R&P Golf (Runk & Pratt) course; Chronogolf page fetched and confirms public tee-time booking; link also published on ivyhillgc.com | Region: Central Virginia | Phone: (434) 525-2680
London Downs Golf Club,,Forest,,Semi-Private,https://londondowns.com,chronogolf,https://www.chronogolf.com/club/london-downs-golf-club,yes,high,Semi-private 18-hole club; Chronogolf booking page fetched and confirmed active (reserve-now-pay-later tee times) | Region: Central Virginia | Phone: (434) 525-4653
Poplar Forest Golf Course,,Forest,,Public,,,,no,,9-hole public course with large practice range on Ramblewood Rd (Bedford County); no website or online booking found — phone only | Region: Central Virginia | Phone: (434) 534-9418
Shenandoah Crossing Golf Course,,Gordonsville,,Closed,,,,no,,CLOSED — Course at Bluegreen Vacations' Shenandoah Crossing resort permanently closed in 2012 (defunct course later put up for sale); resort still operates but without golf | Region: Central Virginia
Mariners Landing Golf & Country Club,,Huddleston,,Semi-Private,https://www.marinerslandinggolf.com,chronogolf,https://www.chronogolf.com/club/mariners-landing-golf-country-club,yes,high,"Robert Trent Jones Sr.-designed Smith Mountain Lake course open to residents, members and public; Chronogolf page fetched and confirms public booking for the 18-hole Mariners Club course | Region: Central Virginia | Phone: (540) 297-9393"
The Willows at Runk & Pratt,,Hurt,,Semi-Private,,,,no,,9-hole course on Fairway Lane near Altavista (GolfPass lists it under Campbell County; Hurt sits on the Campbell/Pittsylvania line); no website or online booking found; operating status not fully confirmed from available listings | Region: Central Virginia | Phone: (434) 324-4653
Keswick Club (Full Cry) at Keswick Hall,,Keswick,,Private,https://www.keswick.com/keswick-club/,,,private,,Pete Dye 'Full Cry' course at Keswick Hall; private club open only to members and Keswick Hall hotel guests — no public online tee-time booking | Region: Central Virginia | Phone: (434) 923-4359
The Club at Glenmore,,Keswick,,Private,https://www.theclubatglenmore.com,,,private,,Private club — members only; gated Glenmore community | Region: Central Virginia | Phone: (434) 817-0506
Lake of the Woods Golf Club,,Locust Grove,,Semi-Private,https://www.lowa.org/Golf,ezlinks,https://lotw.ezlinksgolf.com,yes,medium,Gated-community course with daily public tee times; public booking URL is published on the official lowa.org/Golf page but lotw.ezlinksgolf.com returned 403 to automated fetch (bot-blocked) so the tee sheet could not be loaded; residents/members use lotwhome/lotwmem.ezlinksgolf.com | Region: Central Virginia | Phone: (540) 972-2230
Meadows Farms Golf Course,,Locust Grove,,Public,https://meadowsfarmgolfcourse.com,chronogolf,https://www.chronogolf.com/club/somerset-meadows-farms,yes,high,45 holes incl. the 841-yard 'Longest Hole'; shares a Chronogolf booking page with sister course Somerset Farms — fetched page confirms booking for either course | Region: Central Virginia | Phone: (540) 854-9890
Somerset Farms Golf Course,,Locust Grove,,Public,https://somersetfarmsgolfcourse.com,chronogolf,https://www.chronogolf.com/club/somerset-meadows-farms,yes,high,"Formerly Somerset/Rapidan Golf Club, reopened 2020 under Meadows Farms ownership; books on shared Chronogolf page with Meadows Farms (fetched and confirmed) | Region: Central Virginia | Phone: (540) 547-7274"
Boonsboro Country Club,,Lynchburg,,Private,https://www.boonsborocc.com,,,private,,Private club — members only; est. 1923 | Region: Central Virginia | Phone: (434) 384-2111
Cedar Hills Golf Club,,Lynchburg,,Public,,,,no,,9-hole course off US 29 S (Campbell County side of Lynchburg); no website or online booking found and directory listings are stale — GolfPass still shows pre-2001 area-code phone (804) 239-1512 — so current operating status and phone could not be confirmed | Region: Central Virginia
Oakwood Country Club,,Lynchburg,,Private,https://oakwoodcc.com,,,private,,"Private club — members only; century-old club on Rivermont Ave, sister club to Ivy Hill Golf Club | Region: Central Virginia | Phone: (434) 384-8181"
Peaks Par-3 Golf Course,,Lynchburg,,Public,,,,no,,9-hole pitch-and-putt par-3 built 1961 (Cherokee Dr); no website or online booking — phone only | Region: Central Virginia | Phone: (434) 528-3458
The Waterfront Country Club,,Moneta,,Private,https://www.thewaterfrontcc.com,,,private,,"Private club — members only; Smith Mountain Lake's original club, est. 1981 | Region: Central Virginia | Phone: (540) 721-2397"
Stoney Creek at Wintergreen Resort,,Nellysford,,Resort,https://www.wintergreenresort.com/tee-times/,teeitup,https://wintergreen-resort-stoney-creek.book.teeitup.com,yes,high,"27 holes (Monocan/Shamokin/Tuckahoe) in Stoney Creek valley; booking URL from official wintergreenresort.com/tee-times page; fetched URL loads TeeItUp app (JS app, subdomain names the facility) | Region: Central Virginia | Phone: (434) 325-2200"
Lake Monticello Golf Course,,Palmyra,,Semi-Private,https://www.lakemonticellogolf.org,golfwithaccess,https://golfwithaccess.com/course/lake-monticello-golf-course/reserve-tee-time,yes,high,"Troon-managed Lake Monticello community course, open to public; fetched Troon reserve page loads tee-time date/player selector for this course; membership-tier portals live at *.ezlinksgolf.com subdomains (e.g. lakemonticelloi18.ezlinksgolf.com) | Region: Central Virginia | Phone: (434) 589-3075 | Retagged 2026-07-28: the troon.com wrapper redirects to Golf With Access, not EZLinks. Course uuid 324901f5-cbf7-4575-8304-f3b062efe61b captured from the page own /api/v1/tee-times request and verified serving before pinning (42/22/40 slots on +0/+1/+3, course.id matching and course.name ""Lake Monticello Golf Course""). The ezlinks row had EMPTY ids and could never have been scraped."
Greene Hills Club,,Stanardsville,,Private,https://greenehillsclub.com,,,private,,Private club; its Chronogolf page states non-members must call the pro shop at (434) 985-7328 x1 for any available tee times; members book via Chronogolf member portal | Region: Central Virginia | Phone: (434) 985-7328
Devils Knob Golf Course at Wintergreen Resort,,Wintergreen,,Resort,https://www.wintergreenresort.com/devils-knob/,,,no,,Mountain-top 18 (highest course in Virginia) restricted to Wintergreen Club members and resort lodging guests; resort tee-times page offers online booking only for Stoney Creek — Devils Knob times arranged by phone/resort | Region: Central Virginia | Phone: (434) 325-2200
Spring Creek Golf Club,,Zion Crossroads,,Private,https://www.springcreekgolfclub.com,,,private,,"Private club — members only; transitioned from public to fully private on May 1, 2024; located in Louisa County at Zion Crossroads just east of Albemarle | Region: Central Virginia | Phone: (540) 832-0744"
Battlefield Golf Club at Centerville,,Chesapeake,,Public,https://www.playthebattlefield.com/,teeitup,https://battlefield-golf-club-at-centerville.book.teeitup.com/,yes,high,"Open and operating. Homepage fetched OK and points to its own tee-times page, but that page returned HTTP 409 to automated fetches so the tee sheet could not be confirmed; also listed on GolfNow (facility 5886). | Region: Hampton Roads | Phone: (757) 482-4779 | RESOLVED 2026-07-28: the tee-times page links its own TeeItUp tenant. Alias equals the host for once; facility 5886 ""Battlefield Golf Club at Centerville"" [America/New_York], serving 12 slots on +1 and 2 on +3. Thin but real."
Cahoon Plantation Golf Club,,Chesapeake,,Closed,,,,no,,CLOSED - permanently closed (abrupt shutdown reported by Club+Resort Business and local news); no plans announced to reopen. | Region: Hampton Roads
Chesapeake Golf Club,,Chesapeake,,Semi-Private,https://www.chesapeakegolfclub.com/,teeitup,https://chesapeake-golf-club.book.teeitup.golf/,yes,high,Booking link taken from chesapeakegolfclub.com; TeeItUp tenant page loads (JS tee-sheet app shell). | Region: Hampton Roads | Phone: (757) 547-1122
Greenbrier Country Club,,Chesapeake,,Private,https://www.invitedclubs.com/clubs/greenbrier-country-club,,,private,,Private club - members only (Invited/ClubCorp club). | Region: Hampton Roads | Phone: (757) 547-7375
Cypress Cove Country Club,,Franklin,,Private,https://www.cypresscovecountryclub.com/,,,private,,Private club - members only (Southampton County/Franklin). No working club website found. | Region: Hampton Roads | Phone: (757) 562-6878
Gloucester Country Club,,Gloucester,,Semi-Private,,,,no,,9-hole course in Gloucester County. No working club website found; Chronogolf listing confirms phone/address and shows no online booking - call to arrange play. | Region: Hampton Roads | Phone: (804) 693-2662
Eaglewood Golf Course (Langley AFB),,Hampton,,Semi-Private,https://jbleforcesupport.com/langley/eaglewood-golf-course,,,no,,Military course at JB Langley-Eustis (Langley AFB); base access required (non-DoD visitors need advance Event Access List coordination). Official page says 'Call today for a tee time' - no online booking. | Region: Hampton Roads | Phone: (757) 764-4547
The Hamptons Golf Course,,Hampton,,Municipal,,,,unknown,low,"City of Hampton 27-hole facility (Woods/Lakes/Links nines). hampton.gov is unreachable from this research environment and no third-party booking listing exists (not on GolfNow/Chronogolf), so booking method could not be confirmed; phone verified via PGA.com. | Region: Hampton Roads | Phone: (757) 766-9148"
The Woodlands Golf Course,,Hampton,,Municipal,http://hampton.gov/index.aspx?NID=334,,,unknown,low,"City of Hampton course. hampton.gov unreachable to automated fetches; Chronogolf listing confirms phone/address but shows no online booking, so booking method could not be confirmed. | Region: Hampton Roads | Phone: (757) 727-1195"
The Colonial Golf Course,,Lanexa,,Public,,golfnow,https://www.golfnow.com/tee-times/facility/635-the-colonial-golf-course/search,yes,high,"Greater Williamsburg area (Lanexa, on the James City/New Kent line). No working course-owned website found; GolfNow facility page fetched and confirmed correct course. Chronogolf listing shows no online booking there. | Region: Hampton Roads | Phone: (757) 566-1600"
James River Country Club,,Newport News,,Private,https://www.jamesrivercountryclub.com/,,,private,,Private club - members only. | Region: Hampton Roads | Phone: (757) 596-3112
Kiln Creek Golf Club & Resort,,Newport News,,Resort,https://www.kilncreekgolf.com/,,,no,,Open to the public; 'Book Tee Time' button on kilncreekgolf.com is a tel: link to the golf shop (757) 988-3212 - no online public booking. Members use ClubHouse Online portal. | Region: Hampton Roads | Phone: (757) 988-3212
Newport News Golf Club at Deer Run,,Newport News,,Municipal,https://www.nngolfclub.com/,teesnap,https://nngolfclub.teesnap.net/,yes,high,City of Newport News 36-hole facility (Deer Run and Cardinal courses). Teesnap booking site fetched and confirmed (tee sheet was temporarily showing a maintenance message at time of check). | Region: Hampton Roads | Phone: (757) 886-7925
The Pines Golf Course (Fort Eustis),,Newport News,,Semi-Private,https://jble-eustismwr.com/morale/the-pines-golf-course/,,,unknown,low,"Military course at JB Langley-Eustis (Fort Eustis), 3518 Mulberry Island Rd. MWR site (jble-eustismwr.com) is unreachable to automated fetches, so phone and booking method could not be confirmed; base access required. | Region: Hampton Roads"
Lake Wright Golf Course,,Norfolk,,Closed,,,,no,,"CLOSED - permanently closed (circa 2018); multiple directories (Yelp, ExpertGolf) list it as closed. | Region: Hampton Roads"
Lambert's Point Golf Course,,Norfolk,,Closed,https://www.norfolk.gov/5603/Lamberts-Point-Plan,,,no,,CLOSED - City of Norfolk 9-hole course has closed; the city is planning the site's future (Lambert's Point Plan) and confirmed no private redevelopment. No golf operations. | Region: Hampton Roads
Ocean View Golf Course,,Norfolk,,Municipal,https://www.oceanviewgc.com/,teeitup,https://virginia-beach-golf-management.book.teeitup.com/?course=3247,yes,high,"City of Norfolk municipal course operated by Virginia Beach Golf Management; books through the shared VBGM TeeItUp portal (confirmed on golfvb.com/teetimes and oceanviewgc.com). | Region: Hampton Roads | Phone: (757) 480-2094 | Shared VBGM tenant; pinned to own facility id (probe 2026-07-28) - source URL carried all three ids, which would cross-publish."
Sewells Point Golf Course (Naval Station Norfolk),,Norfolk,,Semi-Private,,,,no,,Military course at Naval Station Norfolk; base access required (limited civilian daily-fee play with access). No online public booking found - Navy MWR page not locatable and Chronogolf shows no online booking; call the golf shop. | Region: Hampton Roads | Phone: (757) 444-5572
Bide-A-Wee Golf Course,,Portsmouth,,Municipal,,other:unclaimed-chronogolf,,unknown,low,City of Portsmouth course. Old domain bideaweegolf.com is dead (DNS). Chronogolf club page fetched and confirmed correct club; Chronogolf's Virginia marketplace lists it with live rates ($23-$33). | Region: Hampton Roads | Phone: (757) 393-8600 | Chronogolf club page is an UNCLAIMED listing: club-level online_booking_enabled=false and the marketplace API returned 0 tee times for tomorrow while control Penderbrook served 52 in the same probe (2026-07-28). Where this course actually sells tee times is open work.
Elizabeth Manor Golf & Country Club,,Portsmouth,,Private,https://elizabethmanorgolf.com/,,,private,,"Private club - members only (Dick Wilson design, 1951). | Region: Hampton Roads | Phone: (757) 488-6605"
The Links at City Park,,Portsmouth,,Municipal,https://portsmouthparks.com/232/The-Links-at-City-Park,,,unknown,low,"City of Portsmouth course at City Park (opened 1998, Ault/Clark design). Portsmouth parks page (portsmouthparks.com/232) is unreachable to automated fetches, so booking method could not be confirmed; no third-party marketplace listing found. | Region: Hampton Roads | Phone: (757) 465-2935"
Cypress Creek Golfers' Club,,Smithfield,,Semi-Private,https://www.cypresscreekgolfersclub.com/,clubcaddie,https://apimanager-cc28.clubcaddie.com/webapi/view/ibfdabab,yes,high,"Isle of Wight County (Smithfield). Homepage fetched and contains embedded Club Caddie booking widget (apimanager-cc28.clubcaddie.com tenant). | Region: Hampton Roads | Phone: (757) 365-4774 | Direct Club Caddie iframe URL captured from the course site (clubid 103418, 2026-07-28)."
Smithfield Downs Golf Course,,Smithfield,,Closed,,,,no,,CLOSED - GolfPass lists it as 'closed for business'; former executive-length course in Isle of Wight County. | Region: Hampton Roads
Cedar Point Club,,Suffolk,,Private,https://www.cedarpointclub.com/,,,private,,Private club - members only. | Region: Hampton Roads | Phone: (757) 238-2275
Nansemond River Golf Club,,Suffolk,,Public,,,,unknown,low,"Open per directories (Stymie, Chronogolf listing), but the club's domain nansemondrivergolfclub.com currently redirects to an unrelated UK site (hijacked/expired), so no working website or booking engine could be confirmed. Book by phone. | Region: Hampton Roads | Phone: (757) 539-4356"
Riverfront Golf Club,,Suffolk,,Semi-Private,https://riverfrontgolf.com/,,,unknown,low,"City-owned, privately managed 18-hole course. riverfrontgolf.com loads intermittently but its tee-times page consistently blocks automated fetches, so the booking engine could not be identified/confirmed. | Region: Hampton Roads | Phone: (757) 484-2200"
Sleepy Hole Golf Course,,Suffolk,,Municipal,https://www.sleepyholegolfcourse.com/,teeitup,https://sleepy-hole-golf-course.book.teeitup.com/,yes,high,City of Suffolk course. Booking link taken from sleepyholegolfcourse.com; TeeItUp tenant page loads (JS tee-sheet app shell). | Region: Hampton Roads | Phone: (757) 538-4100
Suffolk Golf Course,,Suffolk,,Municipal,https://www.suffolkgolfcourse.org/,teeitup,https://suffolk-golf-course.book.teeitup.golf/,yes,high,"City-owned course on Holland Rd, open and taking online bookings (contrary to 2016 closure reports). Booking link taken from suffolkgolfcourse.org; TeeItUp tenant page loads. | Region: Hampton Roads | Phone: (757) 539-6298"
Tradition Golf Club at Stonehouse,,Toano,,Closed,,,,no,,CLOSED - Mike Strantz course closed in 2017 and has not reopened; still appears in stale VSGA data but is not operating. | Region: Hampton Roads
Aeropines Golf Club (NAS Oceana),,Virginia Beach,,Semi-Private,,other:unclaimed-chronogolf,,unknown,low,Military course at Naval Air Station Oceana; base access (military ID or sponsored guest) required. Chronogolf club page fetched and confirmed; listed with live rates on Chronogolf's Virginia marketplace. | Region: Hampton Roads | Phone: (757) 433-2866 | Chronogolf club page is an UNCLAIMED listing: club-level online_booking_enabled=false and the marketplace API returned 0 tee times for tomorrow while control Penderbrook served 52 in the same probe (2026-07-28). Where this course actually sells tee times is open work.
Bayville Golf Club,,Virginia Beach,,Private,https://www.bayvillegolfclub.com/,,,private,,"Private club - members only (Tom Fazio design, 1995). Golf shop (757) 460-2616. | Region: Hampton Roads | Phone: (757) 460-7936"
Bow Creek Golf Course,,Virginia Beach,,Closed,https://parks.virginiabeach.gov/about-us/planning-design-development/bow-creek-stormwater-project,,,no,,CLOSED - former City of Virginia Beach municipal course is being converted into the Bow Creek Stormwater Park (project runs through ~2030); golf operations have ceased. | Region: Hampton Roads
Broad Bay Country Club,,Virginia Beach,,Private,https://www.broadbaycc.com/,,,private,,Private club - members only. | Region: Hampton Roads | Phone: (757) 496-9090
Cavalier Golf & Yacht Club,,Virginia Beach,,Private,https://www.cavaliergyc.com/,,,private,,Private club - members only. | Region: Hampton Roads | Phone: (757) 428-6161
Cypress Point Country Club,,Virginia Beach,,Semi-Private,https://www.cypresspointcc.com/,golfnow,https://www.golfnow.com/tee-times/facility/10304-cypress-point-country-club/search,yes,high,"Semi-private, open to public per club site. Public tee times page on cypresspointcc.com is a GolfNow (Golf Channel Solutions) page; GolfNow facility page fetched and confirmed. Members book via cypresspointmb.ezlinks.com. | Region: Hampton Roads | Phone: (757) 490-6300"
Eagle Haven Golf Course (JEB Little Creek),,Virginia Beach,,Semi-Private,https://www.navylifema.com/programs/e2ddb5ad-0443-40ef-a9d1-b32cbf92b5e0,,,no,,Military course at Joint Expeditionary Base Little Creek-Fort Story; valid military ID or sponsorship needed for base access. Navy MWR page confirms no online booking - call the pro shop. | Region: Hampton Roads | Phone: (757) 462-8526
Hell's Point Golf Club,,Virginia Beach,,Semi-Private,https://www.hellspoint.com/,golfnow,https://www.golfnow.com/tee-times/facility/4929-hells-point-golf-club/search,yes,high,"Rees Jones design. Own site (hellspoint.com, a GolfNow/Golf Channel Solutions template site) is unreachable to bots; GolfNow facility page fetched and confirmed correct course. | Region: Hampton Roads | Phone: (757) 721-3400"
Heron Ridge Golf Club,,Virginia Beach,,Semi-Private,https://www.heronridge.com/,golfnow,https://www.golfnow.com/tee-times/facility/10712-heron-ridge/search,yes,high,"Own site (heronridge.com, GolfNow-built template) blocks bots (403); GolfNow facility page fetched and confirmed correct course. | Region: Hampton Roads | Phone: (757) 426-3800"
Honey Bee Golf Club,,Virginia Beach,,Public,https://www.honeybeegolf.com/,teeitup,https://honey-bee-golf-club.book.teeitup.golf/,yes,high,Booking link taken from honeybeegolf.com; TeeItUp tenant page loads (JS tee-sheet app shell). | Region: Hampton Roads | Phone: (757) 471-2768
Kempsville Greens Golf Course,,Virginia Beach,,Municipal,https://www.kempsvillegreensgolf.com/,teeitup,https://virginia-beach-golf-management.book.teeitup.com/?course=10136,yes,high,"City of Virginia Beach municipal course; books through the shared Virginia Beach Golf Management TeeItUp portal (confirmed on golfvb.com/teetimes and kempsvillegreensgolf.com). | Region: Hampton Roads | Phone: (757) 474-8441 | Shared VBGM tenant; pinned to own facility id (probe 2026-07-28) - source URL carried all three ids, which would cross-publish."
Owl's Creek Golf Course,,Virginia Beach,,Closed,,,,no,,CLOSED - former city-owned par-3/executive course near the Sportsplex closed circa 2019; no longer appears in any active course directory. Exact closure date not verifiable online. | Region: Hampton Roads
Princess Anne Country Club,,Virginia Beach,,Private,http://www.princessannecc.com/,,,private,,Private club - members only. | Region: Hampton Roads | Phone: (757) 422-3360
Red Wing Lake Golf Course,,Virginia Beach,,Municipal,https://www.redwinglakegolf.com/,teeitup,https://virginia-beach-golf-management.book.teeitup.com/?course=10137,yes,high,"City of Virginia Beach course run by Virginia Beach Golf Management; shared TeeItUp portal (link taken from golfvb.com/teetimes) covers Red Wing Lake, Kempsville Greens and Ocean View; portal loads (JS tee-sheet app). | Region: Hampton Roads | Phone: (757) 437-2037 | Shared VBGM tenant; pinned to own facility id (probe 2026-07-28) - source URL carried all three ids, which would cross-publish."
Signature at West Neck,,Virginia Beach,,Closed,,,,no,,CLOSED - Arnold Palmer course shut down; in March 2026 Virginia Beach approved redevelopment of the site with housing plus a future new 9-hole course (not yet built). | Region: Hampton Roads
Stumpy Lake Golf Course,,Virginia Beach,,Public,https://www.stumpylakegolf.com/,teeitup,https://stumpy-lake-golf-course.book.teeitup.golf/,yes,medium,"City-owned (City of Norfolk property in Virginia Beach), privately operated. Homepage states booking is via TeeItUp at the /tee-times page, but that page returns 403 to automated fetches so the tee sheet could not be confirmed. | Region: Hampton Roads | Phone: (757) 467-6119 | Site widget embeds stumpy-lake-golf-course.book.teeitup.golf; alias verified at kenna (facility 10305, 2026-07-28)."
Virginia Beach National Golf Club,,Virginia Beach,,Public,https://www.vbnational.com/,foreup,https://foreupsoftware.com/index.php/booking/22179/10135#teetimes,yes,high,"Former TPC of Virginia Beach. Site has a Book Tee Times page but vbnational.com blocks automated fetches (robots/403), so the underlying booking engine could not be confirmed; Chronogolf marketplace shows no online booking there. | Region: Hampton Roads | Phone: (757) 563-9440 | RESOLVED 2026-07-28: vbnational.com/bookteetimes links straight to ForeUp course 22179 schedule 10135. Verified serving before tagging: 16 slots on +1 and 34 on +5, course_name ""Virginia Beach National Golf Club"". Both ids are in the URL so extract_ids handles it with no pin."
Ford's Colony Country Club - Blackheath Course,Ford's Colony Country Club (Blackheath Course),Williamsburg,,Semi-Private,https://www.fordscolonycc.com/,teeitup,https://ford-s-colony-country-club-blackheath.book.teeitup.com/,yes,high,"54 holes (Marsh Hawk, Blackheath, Blue Heron). Semi-private per club site. Tee-times page fetched and confirmed - links to three per-course TeeItUp engines (e.g. marsh-hawk-public.book.teeitup.com). | Region: Hampton Roads | Phone: (757) 258-4130 | Split 2026-07-28: three separate TeeItUp tenants, one per course, linked from fordscolonycc.com/tee-times. Blackheath alias = host (facility 19209)."
Ford's Colony Country Club - Blue Heron Course,Ford's Colony Country Club (Blue Heron Course),Williamsburg,,Semi-Private,https://www.fordscolonycc.com/,teeitup,https://fords-colony-country-club-blue-heron.book.teeitup.com/,yes,high,"54 holes (Marsh Hawk, Blackheath, Blue Heron). Semi-private per club site. Tee-times page fetched and confirmed - links to three per-course TeeItUp engines (e.g. marsh-hawk-public.book.teeitup.com). | Region: Hampton Roads | Phone: (757) 258-4130 | Split 2026-07-28. Booking host is NOT the alias: the page own /alias/ call names fords-colony (facility 5491); pinned in EXTRA_IDS."
Ford's Colony Country Club - Marsh Hawk Course,Ford's Colony Country Club (Marsh Hawk Course),Williamsburg,,Semi-Private,https://www.fordscolonycc.com/,teeitup,https://marsh-hawk-public.book.teeitup.com/,yes,high,"54 holes (Marsh Hawk, Blackheath, Blue Heron). Semi-private per club site. Tee-times page fetched and confirmed - links to three per-course TeeItUp engines (e.g. marsh-hawk-public.book.teeitup.com). | Region: Hampton Roads | Phone: (757) 258-4130 | Split 2026-07-28. Booking host is NOT the alias: the page own /alias/ call names ford-s-colony-country-club-marsh-hawk (facility 20416); pinned in EXTRA_IDS."
Golden Horseshoe Golf Club,,Williamsburg,,Resort,https://www.colonialwilliamsburg.org/stay-play/recreation-wellness/golden-horseshoe-golf-club/,ezlinks,https://goldenhorseshoe.ezlinksgolf.com/index.html#/search,yes,medium,"Colonial Williamsburg resort: Gold (RTJ Sr.), Green (Rees Jones) and The Shoe 9-hole par-3. Booking URL taken from colonialwilliamsburg.org official page, but the EZLinks site returned 403 to automated fetches so the tee sheet could not be confirmed. | Region: Hampton Roads | Phone: (757) 220-7472"
Kingsmill Resort,,Williamsburg,,Resort,https://kingsmill.com/golf/,,https://kingsmill.com/request-tee-time/,no,high,"River (Pete Dye), Plantation (Palmer/Seay) and Woods (members-only) courses. Tee time request form fetched and confirmed - play requires being a member or Kingsmill resort guest; no open-public real-time tee sheet. | Region: Hampton Roads | Phone: (757) 258-1623 | 2026-07-28: NOT publicly bookable. kingsmill.com/request-tee-time is a request form that states ""Must be a Member or a Kingsmill guest to play"" and requires a Confirmation or Member Number. Retagged so the directory says call rather than implying an open tee sheet."
Kiskiack Golf Club,,Williamsburg,,Semi-Private,https://www.kiskiackgc.com/,clubcaddie,https://apimanager-cc28.clubcaddie.com/webapi/view/gifdabab,yes,high,"Booking page fetched and confirmed - embeds Club Caddie widget (apimanager-cc28.clubcaddie.com). | Region: Hampton Roads | Phone: (757) 566-2200 | Direct Club Caddie iframe URL captured from the course site (clubid 103486, 2026-07-28)."
Two Rivers Country Club (Governor's Land),,Williamsburg,,Private,https://www.governorsland.com/,,,private,,Private club - members only. Tom Fazio course in The Governor's Land at Two Rivers community (James City County). | Region: Hampton Roads | Phone: (757) 258-4610
Williamsburg Golf Club,,Williamsburg,,Private,https://williamsburgclub.com/,,,private,,Private club - members only (1801 Merrimac Trail; affiliated with Elizabeth Manor G&CC). Listed as Private in the VSGA member club directory. | Region: Hampton Roads | Phone: (757) 221-0573
Williamsburg National Golf Club,,Williamsburg,,Public,https://wngc.com/,clubprophet,https://williamsburgnatgc.cps.golf/onlineresweb/search-teetime,yes,high,"36 holes: Jamestown (Nicklaus Design) and Yorktown (Tom Clark) courses. CPS online reservation tenant (williamsburgnatgc.cps.golf) fetched and loads the Club Prophet booking app. | Region: Hampton Roads | Phone: (757) 258-9642 | CPS websiteId ffa2bdfb-f752-4d47-b541-08d87f6a4174, courses 1 The Jamestown + 2 The Yorktown, captured 2026-07-28; pinned in build_registry EXTRA_IDS."
Deer Cove Golf Club (Cheatham Annex),,"Williamsburg (Cheatham Annex, York County)",,Semi-Private,https://www.navylifema.com/programs/64ff3eb6-b29c-48a1-8dca-614e8e5b4eb8,,,no,,"9-hole military course at Naval Weapons Station Yorktown's Cheatham Annex (CAX). No tee times - walk-on play; military ID required, civilians can apply for an annual golf-only gate pass (caxmwrmembership@us.navy.mil). Confirmed via Navy MWR Mid-Atlantic site. | Region: Hampton Roads | Phone: (757) 887-6539"
Colonial Heritage Golf Club,,Williamsburg (Lightfoot),,Semi-Private,https://www.colonialheritageclub.com/,teeitup,https://colonial-heritage-golf-club.book.teeitup.com/,yes,high,Arthur Hills course in the Colonial Heritage 55+ community; public tee times bookable. Booking link taken from colonialheritageclub.com; TeeItUp tenant page loads. | Region: Hampton Roads | Phone: (757) 645-2000
Quinton Oaks Golf Course,,Callao,,Semi-Private,https://www.quintonoaks.com/,foreup,https://foreupsoftware.com/index.php/booking/19065/867#teetimes,yes,medium,"18-hole semi-private course in Northumberland County. Booking URL taken directly from official quintonoaks.com 'book tee time' link, but foreupsoftware.com blocks automated fetching (robots.txt + proxy 403), so the tee sheet could not be loaded to confirm. | Region: Eastern Shore & Chesapeake Bay | Phone: (804) 529-5367"
Village Green Golf Course,,Callao,,Closed,,,,no,,"CLOSED — 9-hole par-36 public course (opened 1986). Appears defunct/closed: only stale GolfNow directory data remains, GolfLink now counts just one course in Callao (Quinton Oaks), and no phone, website or booking channel could be found. Included for completeness; treat as likely closed. | Region: Eastern Shore & Chesapeake Bay"
Bay Creek Resort & Club,,Cape Charles,,Private,https://baycreeklife.com/,,,private,,"27 holes (Arnold Palmer Signature Course + Nicklaus Signature nine), Troon-managed. Formerly public resort; VSGA and Troon now list it as Private — play limited to members, community residents and stay-and-play/preview guests. Legacy GolfNow facility listing exists but is not the current booking path. | Region: Eastern Shore & Chesapeake Bay | Phone: (844) 620-2900"
Captain's Cove Golf & Yacht Club,,Greenbackville,,Semi-Private,https://www.captscovegyc.com/golf,,,no,,9-hole Lester George design inside the Captain's Cove POA community; public play welcome. Official golf page says to book by phone or email (proshop@captscove.com) — no online tee sheet found. | Region: Eastern Shore & Chesapeake Bay | Phone: (757) 824-3465
Piankatank River Golf Club,,Hartfield,,Semi-Private,https://www.prgcgolf.com/,teeitup,https://piankatank-river-golf-club.book.teeitup.com/,yes,high,18-hole semi-private course in Middlesex County. Public booking URL taken from official prgcgolf.com; fetched the course-specific TeeItUp subdomain and it loads the Tee Times app (content is JS-rendered). Separate member portal: piankatank-member.book.teeitup.com. | Region: Eastern Shore & Chesapeake Bay | Phone: (804) 776-6516
Golden Eagle Golf Club (The Tides Inn),,Irvington,,Resort,https://tidesinn.com/irvington-va-hotel-experiences/golf/,foreup,https://foreupsoftware.com/index.php/booking/22684/11626#teetimes,yes,medium,"18-hole George Cobb resort course of The Tides Inn; VSGA lists as Resort. Closed Oct 2018, later reopened under the Tides Inn and is active (reviews through June 2026). Booking URL taken directly from tidesinn.com golf page, but foreupsoftware.com blocks automated fetching (robots.txt + proxy 403), so the tee sheet could not be loaded to confirm. | Region: Eastern Shore & Chesapeake Bay | Phone: (804) 438-4460"
King Carter Golf Club,,Irvington,,Closed,https://kingcartergolfclub.com/,,,no,,"CLOSED — 18-hole daily-fee course closed in 2018; property sold (new owner planned IT offices, per Rappahannock Record). Yelp/foretee list it as permanently closed. A kingcartergolfclub.com site still exists but is a revived/SEO placeholder, not an operating course. | Region: Eastern Shore & Chesapeake Bay"
Indian Creek Yacht & Country Club,,Kilmarnock,,Private,https://www.icycc.com/,,,private,,Private club — members only. 18-hole private yacht and country club on Indian Creek/Chesapeake Bay; hosts AJGA events. | Region: Eastern Shore & Chesapeake Bay | Phone: (804) 435-1340
Queenfield Golf Club,,Manquin,,Public,https://queenfieldgolf.com/,teesnap,https://queenfieldgc.teesnap.net/,yes,high,18-hole public course in King William County. First candidate URL (queenfield.teesnap.net) was dead; correct Teesnap URL from official queenfieldgolf.com was fetched and confirmed to load the Queenfield Golf Club booking site. At time of check the tee sheet displayed 'Tee times are currently unavailable due to maintenance' — verify by phone if booking. | Region: Eastern Shore & Chesapeake Bay | Phone: (804) 769-8838
Eastern Shore Yacht & Country Club,,Melfa,,Semi-Private,https://esycc.com/,chronogolf,https://www.chronogolf.com/club/eastern-shore-yacht-country-club,yes,high,18-hole semi-private club (VSGA member) near Onancock. Club uses Lightspeed/Chronogolf (member portal members.chronogolf.com); fetched the Chronogolf club page and confirmed it loads ESYCC with online booking capability. | Region: Eastern Shore & Chesapeake Bay | Phone: (757) 787-1525
Miller's Glen Golf Course (Bushfield Country Club),,Mount Holly,,Closed,,,,no,,"CLOSED — 9-hole Ed Ault course (1962) at historic Bushfield Plantation in Westmoreland County, later renamed Miller's Glen. GolfPass marks it closed for business; no operating contact info remains. | Region: Eastern Shore & Chesapeake Bay"
Hobbs Hole Golf Course,,Tappahannock,,Semi-Private,https://www.hobbshole.com/,golfnow,https://www.golfnow.com/tee-times/facility/2425-hobbs-hole-golf-course/search,yes,high,"18-hole semi-private course in Essex County. Fetched the GolfNow facility page and confirmed it is titled 'Book tee times at Hobbs Hole Golf Course in Tappahannock, VA' (tee sheet itself is JS-rendered). The course's own hobbshole.com 'Book A Tee Time' pages return 403 to automated fetches, so its internal engine could not be inspected; GolfNow/TeeOff is its established online channel (459 GolfNow reviews). Chronogolf listing shows no online booking there. | Region: Eastern Shore & Chesapeake Bay | Phone: (804) 443-4500"
Woodside Country Club,,Tappahannock,,Public,,,,no,,9-hole par-36 public course (1954) on Route 17 N. No website or online booking exists; phone is the only booking channel. Directory data is stale (GolfPass shows open but zero reviews; profile last updated 2012) — current operating status could not be fully confirmed. | Region: Eastern Shore & Chesapeake Bay | Phone: (804) 443-4060
Tartan Golf Club,,Weems,,Closed,,,,no,,CLOSED — historic 1958 Sir Guy Campbell/George Cobb course (formerly The Tides Lodge/Tides Inn Tartan course). GolfPass and foretee both mark it closed for business (closure circa early 2020s); no operating website or tee sheet exists. | Region: Eastern Shore & Chesapeake Bay
The Country Club of West Point,,West Point,,Private,,,,private,,"Private club — members only. 9-hole club in King William County (4200 Southern Ave); listed by VSGA as Private, 9 holes. No website found. | Region: Eastern Shore & Chesapeake Bay | Phone: (804) 843-3168"
Bryce Resort Golf Course,,Basye,,Resort,https://bryceresort.com,ezlinks,https://bryceresort.ezlinksgolf.com,yes,medium,"18-hole resort course. Booking link ('Reserve a Tee Time') taken from official bryceresort.com golf page, but the EZLinks page returned HTTP 403 to automated fetch (bot-blocked) so the tee sheet could not be confirmed. | Region: Shenandoah Valley | Phone: (540) 856-2124"
Par 3 Golf at Sandy Bottom Park,,Bridgewater,,Municipal,https://bridgewater.town/parks/sandy_bottom_park.php,,,no,,9-hole par-3 course (built 1994) operated by the Town of Bridgewater in Sandy Bottom Park; seasonal (approx. April-October). Walk-on play; no tee-time engine. Phone is the town office. | Region: Shenandoah Valley | Phone: (540) 908-4212
The Vista Links,,Buena Vista,,Municipal,https://www.thevistalinks.com,,,unknown,low,18-hole city-owned public course. Website says 'Book your tee time online or call' but the booking URL could not be extracted (JS site; sitemap 404; Chronogolf listing shows no online booking; search budget exhausted before engine identified). | Region: Shenandoah Valley | Phone: (540) 261-4653
Alleghany Country Club,,Clifton Forge,,Closed,,,,no,,CLOSED — Reported permanently closed: Yelp marks the club closed and it is absent from the VSGA directory; closure could not be independently confirmed (no working website). Was a 9-hole private club in the Low Moor/Clifton Forge area. | Region: Shenandoah Valley
Cliftondale Country Club,,Clifton Forge,,Semi-Private,,,,no,,9-hole semi-private course opened 1922 (2707 Longdale Furnace Rd). No website or online booking found; phone only. | Region: Shenandoah Valley | Phone: (540) 862-2081
Cliff View Golf Club,,Covington,,Semi-Private,https://www.visitcliffview.com,,,no,,"18 holes along the Jackson River at 410 Friels Dr, with inn and brewhouse on site; offers memberships and public play. No online booking on its website and Chronogolf listing shows no online booking. | Region: Shenandoah Valley | Phone: (540) 962-2200"
Ashley Plantation Golf Club,,Daleville,,Semi-Private,https://www.ashleyplantation.com,chronogolf,https://www.chronogolf.com/club/ashley-plantation-golf-club,yes,high,18-hole semi-private club in Botetourt County (919 Greenfield St). 'Book a Tee Time' on the official site goes to Chronogolf; Chronogolf club page fetched with active online booking confirmed. | Region: Shenandoah Valley | Phone: (540) 600-4653
Blue Ridge Shadows Golf Club,,Front Royal,,Public,https://www.blueridgeshadows.com,teeitup,https://blue-ridge-shadows-golf-club.book.teeitup.golf/,yes,high,"18-hole public resort-style course adjacent to Holiday Inn Blue Ridge Shadows. Booking link taken from official site; TeeItUp page loads (JavaScript app, title 'Tee Times', course-specific slug). | Region: Shenandoah Valley | Phone: (540) 631-9661"
Bowling Green Country Club (North & South),,Front Royal,,Closed,,,,no,,CLOSED — Reported permanently closed: Yelp marks the club closed and it has been delisted from GolfPass/GolfNow Front Royal directories. Formerly operated North and South 18-hole courses on Bowling Green Rd. Exact closure year not confirmed. | Region: Shenandoah Valley
Front Royal Golf Club,,Front Royal,,Closed,,,,no,,"Permanently closed. 82-year-old county-owned 9-hole course shut down July 1, 2020 when the Warren County Board of Supervisors rejected a lease proposal (Northern Virginia Daily). | Region: Shenandoah Valley"
Shenandoah Valley Golf Club,,Front Royal,,Semi-Private,https://www.shenandoahvalleygolfclub.com,teeitup,https://shenandoah-valley-golf-club-both-courses.book.teeitup.com/,yes,high,Two courses (The Old Course and The Titus Course). Booking link taken from official site; TeeItUp page loads (JS app with course-specific slug covering both courses). | Region: Shenandoah Valley | Phone: (540) 636-4653
Sly Fox Golf Club,,Front Royal,,Public,https://slyfoxgolf.com,clubcaddie,https://apimanager-cc6.clubcaddie.com/webapi/view/bdfdabab,yes,medium,"18 holes; formerly Jackson's Chase Golf Club (renamed 2016). Booking link taken from official site (slyfoxgolf.com/book-tee-time/), but the Club Caddie page returned empty content when fetched (JavaScript app), so the tee sheet could not be visually confirmed. | Region: Shenandoah Valley | Phone: (540) 635-7814"
Heritage Oaks Golf Course,,Harrisonburg,,Municipal,https://www.heritageoaksgolf.com,golfnow,https://www.golfnow.com/tee-times/facility/646-heritage-oaks-golf-club/search,yes,high,"City of Harrisonburg municipal course (built 2001). GolfNow facility page fetched and confirmed for Heritage Oaks, Harrisonburg VA. The course's own website shows phone contact only, no first-party booking engine. | Region: Shenandoah Valley | Phone: (540) 442-6502"
Lakeview Golf Club,,Harrisonburg,,Semi-Private,https://www.lakeviewgolf.net,,,unknown,low,"27+ holes (Lake, Mountain, Peak nines plus Eagle Eye par-3 course). The site's Tee Times page returned HTTP 403 to automated fetch and no third-party engine could be identified (Chronogolf slug resolves to a different club; web search budget exhausted). Phone booking available. | Region: Shenandoah Valley | Phone: (540) 434-8937"
Spotswood Country Club,,Harrisonburg,,Private,https://www.spotswoodcc.com,,,private,,"Private club - members only. 18 holes, 1980 Country Club Road. | Region: Shenandoah Valley | Phone: (540) 433-2659"
The Homestead - Lower Cascades Course,,Hot Springs,,Closed,,,,no,,Permanently closed. Robert Trent Jones Sr. course closed by the resort in the late 2010s (closure widely reported; exact date not re-verified online during research). Listed for completeness; no booking. | Region: Shenandoah Valley
The Omni Homestead Resort - Cascades Course,The Omni Homestead Resort (Cascades Course),Hot Springs,,Resort,https://www.omnihotels.com/hotels/homestead-virginia/golf,other:resortsuite,https://omnihomesteadexperiences.com/#/golfBooking,yes,high,"18-hole William Flynn course, regarded among the top mountain courses in the US. Same Omni Homestead Experiences booking portal as the Old Course (link from official Omni golf page; JS app loads). | Region: Shenandoah Valley | Phone: (540) 839-7739 | RESOLVED 2026-07-28 but NEEDS AN ADAPTER: omnihomesteadexperiences.com runs ResortSuite - an anonymous SOAP endpoint /wso2wsas/services/RSWS, operation FetchGolfTeeSheet, route #/golfBooking/location/401/CAS/YYYY-MM-DD. Verified serving: 55 slots on 2026-08-05, 42 on 2026-08-15. Today is blocked (""Course Reserved"")."
The Omni Homestead Resort - Old Course,The Omni Homestead Resort (Old Course),Hot Springs,,Resort,https://www.omnihotels.com/hotels/homestead-virginia/golf,,,unknown,low,"18 holes; oldest first tee in continuous use in the US (1892). Booking runs through Omni's own Homestead Experiences portal (link from omnihotels.com golf page; portal loads as an Omni Homestead-branded JS app; underlying software vendor not identified). Open to non-guests. | Region: Shenandoah Valley | Phone: (540) 839-7739 | 2026-07-28: NOT PROVEN BOOKABLE. The Homestead portal serves only the Cascades sheet - clicking ""The Old Course"" and rewriting the route both still send CourseCode=CAS and return a byte-identical response (29,978 bytes, 55 slots). An earlier reading of ""54 slots for OLD"" was the Cascades sheet under the Old Course URL. Registering it against that portal would publish Cascades inventory under this name - the Legend-at-Arrowhead bug. Needs its own evidence."
Packsaddle Ridge Golf Club,,Keezletown,,Public,https://www.packsaddleridge.com,,,no,,"18-hole public course (Russell Breeden, 2002). Website navigation and contact page direct all tee-time bookings to the pro shop phone; no online booking engine linked anywhere on the site. | Region: Shenandoah Valley | Phone: (540) 269-8188"
Tribrook Club,,Lexington,,Private,https://www.tribrookclub.com,,,private,,"Private club - members only. Formerly Lexington Golf & Country Club (141 Country Club Rd); renamed Tribrook Club. 18 holes, recently renovated. | Region: Shenandoah Valley | Phone: (540) 463-3542"
Caverns Country Club,,Luray,,Resort,http://www.cavernscountryclub.com,,,no,,"18-hole course owned by Luray Caverns, open to the public. Official site directs golfers to call (540) 743-7111 for tee times; no online booking engine found. | Region: Shenandoah Valley | Phone: (540) 743-7111"
Massanutten Resort - Mountain Greens Golf Course,Massanutten Resort (Mountain Greens),McGaheysville,,Resort,https://www.massresort.com/play/golf/,foreup,https://foreupsoftware.com/index.php/booking/19375/1541#teetimes,yes,medium,"18-hole mountain course. ForeUp booking link taken from official massresort.com golf page, but foreupsoftware.com disallows automated fetching (robots.txt) so the tee sheet could not be confirmed. Shared resort booking portal with Woodstone Meadows. | Region: Shenandoah Valley | Phone: (540) 289-4941 | Schedule pinned: teesheet 1541 = Mountain Greens GC per the booking page own config (2026-07-28); shared course id 19375 with Woodstone (1542)."
Massanutten Resort - Woodstone Meadows Golf Course,Massanutten Resort (Woodstone Meadows),McGaheysville,,Resort,https://www.massresort.com/play/golf/woodstone-meadows/,foreup,https://foreupsoftware.com/index.php/booking/19375/1542#teetimes,yes,medium,Shorter/executive-style 18-hole course at the base of the mountain. Same shared ForeUp portal as Mountain Greens (link from official site; ForeUp is robots-blocked to automated fetch). | Region: Shenandoah Valley | Phone: (540) 289-4919 | Schedule pinned: teesheet 1542 = Woodstone Meadows GC per the booking page own config (2026-07-28); shared course id 19375 with Mountain Greens (1541).
Shenvalee Golf Resort,,New Market,,Resort,https://www.shenvalee.com,golfnow,https://www.golfnow.com/tee-times/facility/8834-shenvalee-golf-resort/search,yes,high,"27 holes (Olde, Creek, Miller nines), resort dating to 1927. GolfNow facility page fetched and confirmed. The resort's own /tee-times page is robots-blocked so a first-party engine could not be confirmed. | Region: Shenandoah Valley | Phone: (540) 740-3181"
Gypsy Hill Golf Club,,Staunton,,Municipal,,chronogolf,https://www.chronogolf.com/club/gypsy-hill-golf-club,yes,high,18-hole City of Staunton municipal course in Gypsy Hill Park (est. 1919). Chronogolf club page fetched; active online booking ('Reserve now pay later') confirmed for this course. No standalone course website found. | Region: Shenandoah Valley | Phone: (540) 332-3949
Ingleside Golf Club,,Staunton,,Public,,golfnow,https://www.golfnow.com/tee-times/facility/7494-ingleside-resort-country-club/search,yes,high,"18-hole former resort course (Ingleside Resort & Country Club) near Verona, open to the public. GolfNow facility page fetched and confirmed active. No standalone website found (Facebook presence only). | Region: Shenandoah Valley | Phone: (540) 248-1201"
The Club of Staunton,,Staunton,,Semi-Private,https://www.theclubofstaunton.com,golfnow,https://www.golfnow.com/tee-times/facility/16989-the-club-of-staunton/search,yes,high,"Formerly the Country Club of Staunton, then The Club at Ironwood; re-launched 2025 as a semi-private club (covers both 'CC of Staunton' and 'Club at Ironwood' hint names - one facility). GolfNow facility page fetched and confirmed. | Region: Shenandoah Valley | Phone: (540) 248-7272"
Appleland Sports Center,,Stephens City,,Public,https://www.applelandsportscenter.com,,,no,,9-hole par-3 course plus driving range; VSGA member club. No online tee-time system found; site has a TLS certificate error. Walk-on/phone. | Region: Shenandoah Valley | Phone: (540) 869-8600
Botetourt Country Club (Botetourt Golf & Swim Club),,Troutville,,Semi-Private,,,,no,,18-hole semi-private club on Country Club Rd near Fincastle/Troutville (VSGA member as Botetourt Golf & Swim Club). No website found; Chronogolf listing shows no online booking; tee times by phone. | Region: Shenandoah Valley | Phone: (540) 992-1451
Waynesboro Country Club,,Waynesboro,,Semi-Private,https://www.waynesborocountryclub.org,,,no,,Semi-private 18-hole club at 1117 Meadowbrook Rd serving members and the public. No online booking link on its website and its Chronogolf listing shows no online booking; tee times by golf shop phone. | Region: Shenandoah Valley | Phone: (540) 942-9340
Waynesboro Par-3 Golf Course,,Waynesboro,,Public,,,,no,,"9-hole par-27 (803 yards) public short course at 2296 Jefferson Hwy, est. 1975, with mini-golf and snack bar. No online tee-time system found; walk-on/phone. | Region: Shenandoah Valley | Phone: (540) 451-2446"
Carper's Valley Golf Club,,Winchester,,Closed,,,,no,,"Permanently closed former 18-hole public course on Millwood Pike; absent from VSGA and current directories but still appears in stale listings (e.g., TheGolfNexus). Closure year not confirmed online during research. | Region: Shenandoah Valley"
Rock Harbor Golf Course,,Winchester,,Semi-Private,https://www.rockharborgolf.com,golfnow,https://www.golfnow.com/tee-times/facility/9938-rock-harbor-golf-course/search,yes,high,"36 holes (Rock and Boulder courses). GolfNow facility page fetched and confirmed for Rock Harbor, Winchester VA. Course's own website is bot-blocked (403) and its Chronogolf listing shows no online booking, so GolfNow is the working online path. | Region: Shenandoah Valley | Phone: (540) 722-7111"
Winchester Country Club,,Winchester,,Private,https://wcc1923.com,,,private,,"Private club - members only. 18 holes, founded 1923; 1300 Senseny Road. | Region: Shenandoah Valley | Phone: (540) 662-3821"
Glenrochie Country Club,,Abingdon,,Private,https://glenrochiecountryclub.com/,,,private,,"Private club — members only (accepting membership applications). 18 holes, Dan Maples redesign. | Region: Southwest Virginia | Phone: (276) 628-3572"
Wolf Creek Golf & Country Club,,Bastian,,Semi-Private,,,,no,,"18-hole semi-private course open to the public, Bland County (6828 Grapefield Rd). No official website or online tee sheet located — phone booking. | Region: Southwest Virginia | Phone: (276) 688-4610"
Lonesome Pine Country Club,,Big Stone Gap,,Private,,,,private,,"Private club — members only (18 holes, est. 1924, Wise County; VSGA member). | Region: Southwest Virginia | Phone: (276) 523-0739"
Blacksburg Country Club,,Blacksburg,,Private,https://www.blacksburgcc.com/,,,private,,"Private club — members only (confirmed via official site: member login, membership applications). 18 holes (Ferdinand Garbin, expanded 1972) on 175 acres in Ellett Valley. | Region: Southwest Virginia | Phone: (540) 552-9165"
The Hill at Blacksburg Municipal Golf Course,,Blacksburg,,Municipal,https://www.blacksburg.gov/,,,no,,"Town of Blacksburg 9-hole course (800 Graves Ave). No online tee sheet found; town website (blacksburg.gov) was unreachable during checks, so phone-only status could not be fully confirmed. | Region: Southwest Virginia | Phone: (540) 961-1137"
Virginia Tech Golf Course,,Blacksburg,,Closed,,,,no,,PERMANENTLY CLOSED — university closed the on-campus 18-hole course in 2018 for campus redevelopment; still appears in stale GolfPass/GolfNow listings. Listed for registry completeness only. | Region: Southwest Virginia
Fincastle on the Mountain,,Bluefield,,Municipal,,,,no,,"18-hole Dick Wilson design (1963), formerly Fincastle Country Club, now municipally operated and open to the public (Tazewell County). VSGA member. No website or online tee sheet located — phone booking. | Region: Southwest Virginia | Phone: (276) 322-4342"
Willowbrook Country Club,,Breaks,,Private,,,,private,,Private 9-hole club in Dickenson County near Breaks Interstate Park (serves the Grundy/Buchanan County area). | Region: Southwest Virginia | Phone: (276) 531-8542
Clear Creek Golf Club,,Bristol,,Public,,,,no,,"Public 18-hole course in Washington County (19732 Harleywood Rd, Jacobsen/Sykes 1997). VSGA member. No working official website found (clearcreekgolfclub.com belongs to a Houston TX course); GolfNow shows a details-only listing with no online booking — phone. | Region: Southwest Virginia | Phone: (276) 466-4833"
The Olde Farm,,Bristol,,Private,https://theoldefarm.com/,,,private,,Private club — membership by invitation only (Bobby Weed design; nationally ranked). | Region: Southwest Virginia | Phone: (276) 669-1042
The Virginian Golf Club,,Bristol,,Private,https://www.virginiangolfclub.com/,,,private,,"Private club — members only (Tom Fazio design, 1993). Official website virginiangolfclub.com displayed an 'under construction' page at check time. | Region: Southwest Virginia | Phone: (276) 645-6950"
Lake Bonaventure Country Club,,Castlewood,,Private,,,,private,,Private 9-hole club in Russell County (est. 1955). | Region: Southwest Virginia | Phone: (276) 762-7618
Scenic View Golf Course,,Chilhowie,,Semi-Private,,,,no,,"9-hole semi-private course in Smyth County (969 Loves Mill Rd), open to public. No website or online booking found — phone only. | Region: Southwest Virginia | Phone: (276) 646-3535"
The Meadows Golf and Country Club,,Christiansburg,,Semi-Private,,,,no,,18-hole semi-private course at 1111 Round Meadow Dr (appears in older directories as 'Round Meadow Country Club'). No official website or online tee sheet located — phone booking. | Region: Southwest Virginia | Phone: (540) 382-3732
Dan Hall Mountain Resort,,Coeburn,,Semi-Private,,,,no,,"9-hole par-33 course in Wise County (5852 Dan Hall Rd, est. 1965). Directory data appears dated and current operational status could not be confirmed — no website found; phone contact only. | Region: Southwest Virginia | Phone: (276) 395-2487"
Deer Field Golf Course,,Damascus,,Public,,,,no,,"9-hole public course in Washington County (33315 Brittany Ln, est. 1972). No website or online booking found — phone only. | Region: Southwest Virginia | Phone: (276) 475-5649"
Draper Valley Golf Club,,Draper,,Public,https://www.drapervalleygolf.com/,other:eagleclubsystems,https://player.eagleclubsystems.online/#/tee-slot?dbname=dvgc20220201,yes,high,"Booking link taken from official site (drapervalleygolf.com); fetched URL and it loads the Eagle Club Systems player booking app with Draper Valley's database ID (dvgc). App is JS-rendered so course name not visible in raw fetch. 18-hole championship course, Pulaski County. | Region: Southwest Virginia | Phone: (866) 980-4653"
Skyland Lakes Golf Club,,Fancy Gap,,Public,https://www.skylandlakesgolfclub.com/,,https://www.skylandlakesgolfclub.com/book-online,no,high,"Fetched book-online page and confirmed it offers Skyland Lakes tee-time booking via the site's embedded Wix booking calendar (Carroll County, off Blue Ridge Parkway). | Region: Southwest Virginia | Phone: (276) 728-4923 | 2026-07-28: Wix Bookings ""Request to Book"", not a tee sheet - it takes an appointment request with no per-slot inventory, so there is nothing to scrape. Retagged phone/request rather than online."
Great Oaks Country Club,,Floyd,,Private,,,,private,,"Private club per GolfPass (18 holes, Gene Hamm 1966); only golf course in Floyd County. No official website located. | Region: Southwest Virginia | Phone: (540) 745-2189"
Blue Ridge Country Club,,Galax,,Semi-Private,,,,no,,"18-hole semi-private course open to the public (211 Blue Ridge Country Club Ln, est. 1963). No website or online booking found — phone only. | Region: Southwest Virginia | Phone: (276) 236-5637"
Deer Creek Golf Park,,Galax,,Public,,,,no,,"9-hole par-3 course plus driving range (2524 Edmonds Rd, Grayson County). Details from regional directory (hillsville.com); no website or online booking — phone only; current operating status not independently confirmed. | Region: Southwest Virginia | Phone: (276) 236-3221"
Galax Municipal Golf Course,,Galax,,Municipal,,,,no,,"City-owned 9-hole course (107 Country Club Ln, est. 1925). No online tee sheet — phone booking. | Region: Southwest Virginia | Phone: (276) 236-2641"
Longview Golf Course,,Galax,,Public,,,,no,,"18-hole short public course (589 Tee Time Dr, technically Grayson County, est. 2001). No website or online booking found — phone only. | Region: Southwest Virginia | Phone: (276) 238-4653"
Scott County Park & Golf,,Gate City,,Municipal,https://visitgatecityva.com/scott-county-park-and-golf/,,,no,,County-run 9-hole course at Scott County Park. Phone per county tourism site (visitgatecityva.com); no online booking. | Region: Southwest Virginia | Phone: (276) 386-3831
Greenway Creek Golf Course,,Glade Spring,,Public,,,,no,,"18-hole public parkland course in Washington County (36012 Lee Hwy, est. 1995). No website or online booking found — phone only. | Region: Southwest Virginia | Phone: (276) 429-2626"
Cedar Hill Country Club,,Jonesville,,Semi-Private,,,,no,,18-hole semi-private course open to the public — the only course in Lee County. No website or online booking found — phone only. | Region: Southwest Virginia | Phone: (276) 346-1535
Olde Mill Golf Resort,,Laurel Fork,,Resort,,,,no,,"18-hole Ellis/Dan Maples resort course in Carroll County, open to the public (seasonal Mar-Dec). Could not locate a working official website or online tee sheet (legacy domains dead; GolfPass website redirect blocked) — booking appears to be by phone; could not fully confirm. | Region: Southwest Virginia | Phone: (276) 398-2211"
Holston Hills Community Golf Course,,Marion,,Municipal,,,,no,,"18-hole community/municipal course in Smyth County (1000 Country Club Rd), VSGA member. No online tee sheet located — phone booking. | Region: Southwest Virginia | Phone: (276) 783-7484"
The Highland Course at Primland (Primland Resort),,Meadows of Dan,,Resort,https://auberge.com/primland/experiences/golf,other:tyngo,https://primlandresorts-golf-b2c.tyngo.com/sign-in,yes,medium,"Booking portal link taken from official Primland (Auberge Collection) golf page; portal is a JS app that would not render course details to the fetch tool, so the tee sheet could not be visually confirmed. Donald Steel design; open to resort guests and public. | Region: Southwest Virginia | Phone: (276) 222-3827"
E&H Lynch Links Golf Course,,Meadowview,,Public,,,,no,,"Emory & Henry College's 9-hole par-30 executive course, open to the public (Washington County). No online tee sheet — phone booking. | Region: Southwest Virginia | Phone: (276) 944-4121"
Giles Country Club,,Pearisburg,,Private,https://www.facebook.com/GilesCountryClub,,,private,,Private club — members only per VSGA listing; 9-hole mountain course in Giles County. Web presence is a Facebook page only. | Region: Southwest Virginia | Phone: (540) 921-1099
Castle Rock Golf & Recreation,,Pembroke,,Public,,,,no,,"Public 18-hole course in Giles County (Ferdinand Garbin, 1970). No official website or online tee sheet located — phone booking. | Region: Southwest Virginia | Phone: (540) 626-7276"
Tazewell County Country Club,,Pounding Mill,,Private,https://tazewellcountycc.com/,,,private,,Private club — members only ('private country club offering exclusive membership benefits' per official site). Members book via a ForeUp portal (foreupsoftware.com/index.php/booking/22660); no public tee times. | Region: Southwest Virginia | Phone: (276) 988-3593
Thorn Spring Golf Course,,Pulaski,,Semi-Private,,,,no,,18-hole semi-private course (est. 1927) at 4360 Country Club Dr — the former Pulaski Country Club property. No official website or online tee sheet located — phone booking. | Region: Southwest Virginia | Phone: (540) 980-5851
Pete Dye River Course of Virginia Tech,,Radford,,Semi-Private,https://petedyerivercourse.com/,other:clubessential,https://www.mcconnellgolf.com/Default.aspx?p=DynamicModule&pageid=4610861&ssid=4611329&vnf=1,yes,medium,"Official 'Book a Tee Time' link from petedyerivercourse.com; fetched page and confirmed it is the Pete Dye River Course booking workflow (McConnell Golf/Clubessential site). A TeeItUp portal (golf.teeitup.com/900002) also exists but teeitup.com blocks automated fetching. Public play welcome; operated by McConnell Golf. | Region: Southwest Virginia | Phone: (540) 633-6732 | RESOLVED 2026-07-28: McConnell Golf runs ClubEssential (Axis) with a Noteefy waitlist iframe. The page carries a MEMBER LOGIN and a tee-time search widget; whether it sells anonymously is unproven. New unsupported platform, one course."
Auburn Hills Golf Club,,Riner,,Semi-Private,https://www.auburnhillsgc.com/,other:unclaimed-chronogolf,,unknown,low,Fetched Chronogolf club page and confirmed it is the Auburn Hills (Riner VA) booking page; official site's 'Book a Tee Time' page links to it (Montgomery County). | Region: Southwest Virginia | Phone: (540) 381-4995 | Chronogolf club page is an UNCLAIMED listing: club-level online_booking_enabled=false and the marketplace API returned 0 tee times for tomorrow while control Penderbrook served 52 in the same probe (2026-07-28). Where this course actually sells tee times is open work.
Ballyhack Golf Club,,Roanoke,,Private,https://www.dormienetwork.com/ballyhack,,,private,,"Private club — members only. Dormie Network national membership club (Lester George, 2009); play by member invitation. | Region: Southwest Virginia | Phone: (540) 427-1395"
Blue Hills Golf Club,,Roanoke,,Public,https://bluehillsgc.com/,foreup,https://foreupsoftware.com/index.php/booking/22686#/teetimes,yes,medium,"Booking link taken directly from official site (bluehillsgc.com/contact); foreupsoftware.com blocks automated fetching (robots.txt), so the tee sheet itself could not be loaded to confirm. 18 holes; GolfPass labels it semi-private but it offers daily-fee public play. | Region: Southwest Virginia | Phone: (540) 344-7848"
Brookside Par 3 Golf Course,,Roanoke,,Public,https://www.brooksidepar3golf.com/,,,no,,"Par-3 course on Williamson Road; walk-on play, call ahead (no online tee sheet on official site). | Region: Southwest Virginia | Phone: (540) 366-6059"
Countryside Golf Course,,Roanoke,,Closed,,,,no,,PERMANENTLY CLOSED (shut by City of Roanoke circa 2010-2012; land redeveloped). Listed for registry completeness only. | Region: Southwest Virginia
Hunting Hills Country Club,,Roanoke,,Private,https://www.huntinghillscc.com/,,,private,,Private club — members only. | Region: Southwest Virginia | Phone: (540) 774-4435
Ole Monterey Golf Club,,Roanoke,,Closed,https://olemontereygolf.teesnap.net/,,,no,,CLOSED as of mid-2026 for 'maintenance and renovations' (per WFIR news; property on 2026 Roanoke Valley Preservation Foundation endangered-sites list). Teesnap portal olemontereygolf.teesnap.net shows 'tee times currently unavailable'; official domain olemontereygolf.com now redirects to spam. Phone is last publicly listed number and may not be answered. | Region: Southwest Virginia | Phone: (540) 563-0400
Roanoke Country Club,,Roanoke,,Private,,,,private,,"Private club — members only. 27 holes (Crabapple/Dogwood/Redbud nines), Tillinghast heritage design. roanokecc.com appears to be its domain but had an expired SSL certificate at check time, so it could not be confirmed. | Region: Southwest Virginia | Phone: (540) 343-1330"
Hanging Rock Golf Club,,Salem,,Public,https://www.hangingrockgolf.com/,other:teequest,https://teetimes.teequest.com/106,yes,high,Fetched TeeQuest tee sheet and confirmed it loads Hanging Rock Golf Club booking (site's /TeeTimes link redirects here). Site footer: 'powered by TeeQuest'. | Region: Southwest Virginia | Phone: (540) 389-7275
Hidden Valley Country Club,,Salem,,Private,,,,private,,Private club — members only. Dick Wilson design (1952). Official website not located during check; phone/address confirmed via GolfPass. | Region: Southwest Virginia | Phone: (540) 389-8990
Salem Municipal Golf Course,,Salem,,Municipal,https://salemva.gov/683/Golf,,,no,,"9-hole beginner-friendly city course (est. 1919) at 601 Academy St, run by Salem Parks & Rec; city page lists phone only, no online tee sheet. | Region: Southwest Virginia | Phone: (540) 354-3542"
Saltville Golf Course,,Saltville,,Municipal,,,,no,,"9-hole town course (1 Stadium Dr, Smyth County, est. 1920). No online tee sheet — phone booking. | Region: Southwest Virginia | Phone: (276) 496-7779"
Gordon Trent Golf Course,,Stuart,,Public,,,,no,,"18-hole public course in Patrick County (2160 Golf Course Rd, est. 1964); VSGA member. GolfNow carries only a details page (no active online tee sheet found) — phone booking; starting times available but not required. | Region: Southwest Virginia | Phone: (276) 694-3805"
Wytheville Golf Club,,Wytheville,,Private,https://wythegolf.com/,,,private,,"Private club — members only ('a private club in a relaxed atmosphere' per official site). 18 holes, est. 1930. | Region: Southwest Virginia | Phone: (276) 228-2143"
Heritage Golf Club (formerly Bassett Country Club),,Bassett,,Closed,,,,no,,CLOSED. TripAdvisor reports the location permanently closed and Yelp marks Bassett Country Club closed; the property's Facebook presence now points to an event-center use. Included because GolfPass and other directories still list it as active. Do not send golfers here without calling. | Region: Southside Virginia
Tanglewood Shores Golf & Country Club,,Bracey,,Private,https://www.tanglewoodgolfcommunity.org/,,,private,,Private 9-hole club within the Tanglewood Shores community on Lake Gaston (est. 1969); members and associate members only — no online booking. | Region: Southside Virginia | Phone: (434) 636-2254
Mecklenburg Country Club,,Chase City,,Private,https://www.facebook.com/45countryclub,,,private,,"Private 9-hole club, active in the current VSGA directory. No website — Facebook page and email (meckcountryclub@aol.com) only. | Region: Southside Virginia | Phone: (434) 372-4075"
Cedars Country Club,,Chatham,,Semi-Private,https://www.cedarscountryclub.org/,,,no,,"Privately owned, membership-based 9-hole club that is open to the public (per club website). No online tee-time booking on website — phone only. | Region: Southside Virginia | Phone: (434) 656-8036"
Kinderton Country Club,,Clarksville,,Semi-Private,https://kindertoncountryclub.com/,teesnap,https://kindertoncc.teesnap.net/,yes,high,"Semi-private 18-hole club on Buggs Island Lake (Kerr Lake), open to the public. Teesnap booking site fetched and confirmed for Kinderton (at check time it displayed a temporary 'tee times unavailable due to maintenance' message but is the club's live booking engine linked from its website). | Region: Southside Virginia | Phone: (434) 374-8822"
Danville Golf Club,,Danville,,Private,https://danvillegolfclub.com/,,,private,,"Private club — members only. Donald Ross design, est. 1916. | Region: Southside Virginia | Phone: (434) 792-7225"
Goodyear Golf Club,,Danville,,Semi-Private,https://www.goodyeargolf.com/,,,no,,Private facility that welcomes call-ahead guest play (per club website). Chronogolf directory listing confirms no online booking — call the shop. | Region: Southside Virginia | Phone: (434) 797-1909
Southern Hills Golf Course,,Danville,,Public,https://southernhillsvagol.wixsite.com/website,,,no,,18-hole public course. Club website has no booking engine and its Chronogolf directory listing shows a no-online-booking marker — phone reservations only. | Region: Southside Virginia | Phone: (434) 793-2582
Tuscarora Country Club,,Danville,,Private,https://www.tuscaroracountryclub.net/,,,private,,"Private club — members only. Gene Hamm design, est. 1957. | Region: Southside Virginia | Phone: (434) 724-4191"
Emporia Country Club,,Emporia,,Semi-Private,https://www.emporiacc.com/,,,no,,Membership club whose website states travelers are welcome as guests (effectively semi-private; VSGA lists it as private). 18 holes. No online tee-time booking on website — call pro shop. | Region: Southside Virginia | Phone: (434) 634-4304
Halifax Country Club,,Halifax,,Private,http://www.halifaxccgolf.com/,,,private,,"Private club — members only (18 holes, per VSGA). Website halifaxccgolf.com serves a self-signed certificate and could not be fetched. | Region: Southside Virginia | Phone: (434) 476-2940"
Copper Cove Golf Club (formerly Westlake Golf & Country Club),,Hardy,,Public,https://coppercovegolfclub.com/,golfnow,https://www.golfnow.com/tee-times/facility/7441-copper-cove-golf-club/search,yes,high,"Smith Mountain Lake's main public course (Russell Breeden 18, renamed from Westlake G&CC after 2021 sale). Course website has its own 'Book a Tee Time' page but the site blocks automated fetching; the GolfNow facility booking page was fetched and confirmed to be for Copper Cove in Hardy, VA. | Region: Southside Virginia | Phone: (540) 721-4214"
Lunenburg Country Club,,Kenbridge,,Private,,,,private,,Private 9-hole course (est. 1938) per VSGA. No website found — Facebook presence only. | Region: Southside Virginia | Phone: (434) 676-8774
South Hill Country Club,,La Crosse,,Private,https://www.facebook.com/shccgolf,,,private,,"Private 9-hole club just outside South Hill (Fred Findlay design, est. 1961) per VSGA. Chronogolf directory listing shows no online booking. Club site shccgolf.org failed TLS; Facebook page is the working web presence. | Region: Southside Virginia | Phone: (434) 757-7558"
Brunswick Country Club,,Lawrenceville,,Private,,,,private,,9-hole club (est. 1968) at 21166 Christanna Hwy. Directories list it as private; its Chronogolf directory listing shows no online booking. No club website found. | Region: Southside Virginia | Phone: (434) 848-2933
Beaver Creek Golf Club,,Martinsville,,Semi-Private,https://www.facebook.com/p/Beaver-Hills-Golf-Club-100063576551286/,golfnow,https://www.golfnow.com/tee-times/facility/17960-beaver-creek-golf-club-formerly-beaver-hills-golf-club/search,yes,high,"Formerly Beaver Hills Golf Club; 18 holes, membership-based but sells public tee times through GolfNow. Fetched the GolfNow facility page and confirmed it is the booking page for this Martinsville course (tee sheet itself renders via JavaScript). No standalone club website — Facebook only. | Region: Southside Virginia | Phone: (276) 340-0412"
Chatmoss Country Club,,Martinsville,,Private,https://chatmosscc.org/,,,private,,"Private club — members only. Ellis Maples design, est. 1958. | Region: Southside Virginia | Phone: (276) 638-7648"
Forest Park Country Club,,Martinsville,,Semi-Private,https://forestparkcc.org/,,,no,,Listed as Semi-Private by VSGA (the hint name 'Forest Hills CC' is incorrect — actual name is Forest Park CC). No online tee-time booking found on club website; contact club for guest play. | Region: Southside Virginia | Phone: (276) 632-1711
The Water's Edge Country Club,,Penhook,,Private,https://www.watersedgecountryclub.com/,,,private,,"Private club — members only. 18-hole championship course on Smith Mountain Lake's south shore, est. 1988. | Region: Southside Virginia | Phone: (540) 576-3343"
Horsepasture Par-3 Golf Course,,Ridgeway (Horse Pasture),,Public,,,,no,,"6-hole, 893-yard par-3 course with driving range in Henry County (built 2002). Its own website (minipargolf.com) no longer resolves, so current operating status could not be confirmed; no online booking has ever been indicated. Phone from GolfPass listing. | Region: Southside Virginia | Phone: (276) 957-4085"
Ringgold Golf Club,,Ringgold,,Public,,,,no,,"27-hole public facility (Red/White 18 + Blue 9). Current status is ambiguous online: PGA.com flags it permanently closed and ringgoldgolfclub.com has lapsed to a domain-parking page, but Chronogolf and Yelp listings remain active with no closure notice. No online booking found; phone listed on Chronogolf directory. Verify by phone before relying on this entry. | Region: Southside Virginia | Phone: (434) 822-8728"
Willow Creek Country Club,,Rocky Mount,,Semi-Private,https://www.willowcreekva.com/,,,no,,"9-hole semi-private course (est. 1964); pro shop open to everyone on a first-come, first-served basis per club website — no online booking. Phone from club website (VSGA lists (540) 583-0797, but the club's own site shows 483-0797). | Region: Southside Virginia | Phone: (540) 483-0797"
Green's Folly Golf Course,,South Boston,,Public,https://www.greensfolly.com/,,,no,,"18-hole public course (opened 1966). Website advertises 'reserve your tee time on-line' and shows Book Now buttons, but interior pages return 403 to automated fetching and the actual booking link/platform could not be confirmed; its Chronogolf directory listing shows no online booking. Call pro shop or check greensfolly.com directly. | Region: Southside Virginia | Phone: (434) 572-4998"
